0 verbose cli C:\Users\24062\Downloads\agentdiary\utils\node\node.exe C:\Users\24062\Downloads\agentdiary\utils\node\node_modules\npm\bin\npm-cli.js
1 info using npm@11.16.0
2 info using node@v24.18.0
3 silly config load:file:C:\Users\24062\Downloads\agentdiary\utils\node\node_modules\npm\npmrc
4 silly config load:file:C:\Users\24062\Downloads\agentdiary\client\.npmrc
5 silly config load:file:C:\Users\24062\.npmrc
6 silly config load:file:C:\Users\24062\Downloads\agentdiary\utils\npm-global\etc\npmrc
7 verbose title npm install
8 verbose argv "install"
9 verbose logfile logs-max:10 dir:C:\Users\24062\Downloads\agentdiary\utils\npm-cache\_logs\2026-07-03T19_08_19_810Z-
10 verbose logfile C:\Users\24062\Downloads\agentdiary\utils\npm-cache\_logs\2026-07-03T19_08_19_810Z-debug-0.log
11 silly logfile done cleaning log files
12 silly packumentCache heap:4496293888 maxSize:1124073472 maxEntrySize:562036736
13 silly idealTree buildDeps
14 silly fetch manifest @expo/ui@~57.0.3
15 silly packumentCache full:https://registry.npmjs.org/@expo%2fui cache-miss
16 http fetch GET 200 https://registry.npmjs.org/@expo%2fui 1762ms (cache miss)
17 silly packumentCache full:https://registry.npmjs.org/@expo%2fui set size:undefined disposed:false
18 silly fetch manifest @babel/core@*
19 silly packumentCache full:https://registry.npmjs.org/@babel%2fcore cache-miss
20 http fetch GET 200 https://registry.npmjs.org/@babel%2fcore 611ms (cache revalidated)
21 silly packumentCache full:https://registry.npmjs.org/@babel%2fcore set size:788258 disposed:false
22 silly fetch manifest expo@~57.0.2
23 silly packumentCache full:https://registry.npmjs.org/expo cache-miss
24 http fetch GET 200 https://registry.npmjs.org/expo 729ms (cache miss)
25 silly packumentCache full:https://registry.npmjs.org/expo set size:undefined disposed:false
26 silly fetch manifest @expo/metro-runtime@*
27 silly packumentCache full:https://registry.npmjs.org/@expo%2fmetro-runtime cache-miss
28 http fetch GET 200 https://registry.npmjs.org/@expo%2fmetro-runtime 354ms (cache miss)
29 silly packumentCache full:https://registry.npmjs.org/@expo%2fmetro-runtime set size:undefined disposed:false
30 silly fetch manifest react@19.2.3
31 silly packumentCache full:https://registry.npmjs.org/react cache-miss
32 http fetch GET 200 https://registry.npmjs.org/react 308ms (cache revalidated)
33 silly packumentCache full:https://registry.npmjs.org/react set size:6765208 disposed:false
34 silly fetch manifest react-dom@19.2.3
35 silly packumentCache full:https://registry.npmjs.org/react-dom cache-miss
36 http fetch GET 200 https://registry.npmjs.org/react-dom 641ms (cache miss)
37 silly packumentCache full:https://registry.npmjs.org/react-dom set size:undefined disposed:false
38 silly fetch manifest react-native@0.86.0
39 silly packumentCache full:https://registry.npmjs.org/react-native cache-miss
40 http fetch GET 200 https://registry.npmjs.org/react-native 340ms (cache revalidated)
41 silly packumentCache full:https://registry.npmjs.org/react-native set size:15431683 disposed:false
42 silly fetch manifest @react-native/jest-preset@0.86.0
43 silly packumentCache full:https://registry.npmjs.org/@react-native%2fjest-preset cache-miss
44 http fetch GET 200 https://registry.npmjs.org/@react-native%2fjest-preset 341ms (cache revalidated)
45 silly packumentCache full:https://registry.npmjs.org/@react-native%2fjest-preset set size:237478 disposed:false
46 silly fetch manifest @types/react@~19.2.2
47 silly packumentCache full:https://registry.npmjs.org/@types%2freact cache-miss
48 http fetch GET 200 https://registry.npmjs.org/@types%2freact 322ms (cache revalidated)
49 silly packumentCache full:https://registry.npmjs.org/@types%2freact set size:2632776 disposed:false
50 silly fetch manifest react-native-web@~0.21.0
51 silly packumentCache full:https://registry.npmjs.org/react-native-web cache-miss
52 http fetch GET 200 https://registry.npmjs.org/react-native-web 309ms (cache miss)
53 silly packumentCache full:https://registry.npmjs.org/react-native-web set size:undefined disposed:false
54 silly fetch manifest react-native-webview@*
55 silly packumentCache full:https://registry.npmjs.org/react-native-webview cache-miss
56 http fetch GET 200 https://registry.npmjs.org/react-native-webview 370ms (cache miss)
57 silly packumentCache full:https://registry.npmjs.org/react-native-webview set size:undefined disposed:false
58 silly fetch manifest react-native-worklets@0.10.0
59 silly packumentCache full:https://registry.npmjs.org/react-native-worklets cache-miss
60 http fetch GET 200 https://registry.npmjs.org/react-native-worklets 519ms (cache miss)
61 silly packumentCache full:https://registry.npmjs.org/react-native-worklets set size:undefined disposed:false
62 silly fetch manifest @react-native/metro-config@*
63 silly packumentCache full:https://registry.npmjs.org/@react-native%2fmetro-config cache-miss
64 http fetch GET 200 https://registry.npmjs.org/@react-native%2fmetro-config 385ms (cache miss)
65 silly packumentCache full:https://registry.npmjs.org/@react-native%2fmetro-config set size:undefined disposed:false
66 silly fetch manifest expo-constants@~57.0.3
67 silly packumentCache full:https://registry.npmjs.org/expo-constants cache-miss
68 http fetch GET 200 https://registry.npmjs.org/expo-constants 310ms (cache miss)
69 silly packumentCache full:https://registry.npmjs.org/expo-constants set size:undefined disposed:false
70 silly fetch manifest expo-device@~57.0.0
71 silly packumentCache full:https://registry.npmjs.org/expo-device cache-miss
72 http fetch GET 200 https://registry.npmjs.org/expo-device 331ms (cache miss)
73 silly packumentCache full:https://registry.npmjs.org/expo-device set size:undefined disposed:false
74 silly fetch manifest expo-font@~57.0.0
75 silly packumentCache full:https://registry.npmjs.org/expo-font cache-miss
76 http fetch GET 200 https://registry.npmjs.org/expo-font 313ms (cache miss)
77 silly packumentCache full:https://registry.npmjs.org/expo-font set size:undefined disposed:false
78 silly fetch manifest expo-glass-effect@~57.0.0
79 silly packumentCache full:https://registry.npmjs.org/expo-glass-effect cache-miss
80 http fetch GET 200 https://registry.npmjs.org/expo-glass-effect 263ms (cache miss)
81 silly packumentCache full:https://registry.npmjs.org/expo-glass-effect set size:undefined disposed:false
82 silly fetch manifest expo-image@~57.0.0
83 silly packumentCache full:https://registry.npmjs.org/expo-image cache-miss
84 http fetch GET 200 https://registry.npmjs.org/expo-image 524ms (cache miss)
85 silly packumentCache full:https://registry.npmjs.org/expo-image set size:undefined disposed:false
86 silly fetch manifest expo-linking@~57.0.1
87 silly packumentCache full:https://registry.npmjs.org/expo-linking cache-miss
88 http fetch GET 200 https://registry.npmjs.org/expo-linking 332ms (cache miss)
89 silly packumentCache full:https://registry.npmjs.org/expo-linking set size:undefined disposed:false
90 silly fetch manifest expo-router@~57.0.3
91 silly packumentCache full:https://registry.npmjs.org/expo-router cache-miss
92 http fetch GET 200 https://registry.npmjs.org/expo-router 313ms (cache miss)
93 silly packumentCache full:https://registry.npmjs.org/expo-router set size:undefined disposed:false
94 silly fetch manifest @testing-library/react-native@>= 13.2.0
95 silly packumentCache full:https://registry.npmjs.org/@testing-library%2freact-native cache-miss
96 http fetch GET 200 https://registry.npmjs.org/@testing-library%2freact-native 361ms (cache miss)
97 silly packumentCache full:https://registry.npmjs.org/@testing-library%2freact-native set size:undefined disposed:false
98 silly fetch manifest jest@>=29.0.0
99 silly packumentCache full:https://registry.npmjs.org/jest cache-miss
100 http fetch GET 200 https://registry.npmjs.org/jest 358ms (cache miss)
101 silly packumentCache full:https://registry.npmjs.org/jest set size:undefined disposed:false
102 silly fetch manifest node-notifier@^8.0.1 || ^9.0.0 || ^10.0.0
103 silly packumentCache full:https://registry.npmjs.org/node-notifier cache-miss
104 http fetch GET 200 https://registry.npmjs.org/node-notifier 300ms (cache miss)
105 silly packumentCache full:https://registry.npmjs.org/node-notifier set size:undefined disposed:false
106 silly fetch manifest test-renderer@^1.0.0
107 silly packumentCache full:https://registry.npmjs.org/test-renderer cache-miss
108 http fetch GET 200 https://registry.npmjs.org/test-renderer 297ms (cache miss)
109 silly packumentCache full:https://registry.npmjs.org/test-renderer set size:undefined disposed:false
110 silly fetch manifest react-native-gesture-handler@~2.32.0
111 silly packumentCache full:https://registry.npmjs.org/react-native-gesture-handler cache-miss
112 http fetch GET 200 https://registry.npmjs.org/react-native-gesture-handler 312ms (cache miss)
113 silly packumentCache full:https://registry.npmjs.org/react-native-gesture-handler set size:undefined disposed:false
114 silly fetch manifest react-native-reanimated@4.5.0
115 silly packumentCache full:https://registry.npmjs.org/react-native-reanimated cache-miss
116 http fetch GET 200 https://registry.npmjs.org/react-native-reanimated 464ms (cache miss)
117 silly packumentCache full:https://registry.npmjs.org/react-native-reanimated set size:undefined disposed:false
118 silly fetch manifest react-native-safe-area-context@~5.7.0
119 silly packumentCache full:https://registry.npmjs.org/react-native-safe-area-context cache-miss
120 http fetch GET 200 https://registry.npmjs.org/react-native-safe-area-context 302ms (cache miss)
121 silly packumentCache full:https://registry.npmjs.org/react-native-safe-area-context set size:undefined disposed:false
122 silly fetch manifest react-server-dom-webpack@~19.0.4 || ~19.1.5 || ~19.2.4
123 silly packumentCache full:https://registry.npmjs.org/react-server-dom-webpack cache-miss
124 http fetch GET 200 https://registry.npmjs.org/react-server-dom-webpack 483ms (cache miss)
125 silly packumentCache full:https://registry.npmjs.org/react-server-dom-webpack set size:undefined disposed:false
126 silly fetch manifest react@^19.2.7
127 silly packumentCache full:https://registry.npmjs.org/react cache-miss
128 http cache https://registry.npmjs.org/react 25ms (cache hit)
129 silly packumentCache full:https://registry.npmjs.org/react set size:6765208 disposed:false
130 silly fetch manifest react-dom@^19.2.7
131 silly packumentCache full:https://registry.npmjs.org/react-dom cache-miss
132 http cache https://registry.npmjs.org/react-dom 35ms (cache hit)
133 silly packumentCache full:https://registry.npmjs.org/react-dom set size:9055010 disposed:false
134 silly fetch manifest webpack@^5.59.0
135 silly packumentCache full:https://registry.npmjs.org/webpack cache-miss
136 http fetch GET 200 https://registry.npmjs.org/webpack 382ms (cache miss)
137 silly packumentCache full:https://registry.npmjs.org/webpack set size:undefined disposed:false
138 silly fetch manifest expo-splash-screen@~57.0.2
139 silly packumentCache full:https://registry.npmjs.org/expo-splash-screen cache-miss
140 http fetch GET 200 https://registry.npmjs.org/expo-splash-screen 344ms (cache miss)
141 silly packumentCache full:https://registry.npmjs.org/expo-splash-screen set size:undefined disposed:false
142 silly fetch manifest expo-status-bar@~57.0.0
143 silly packumentCache full:https://registry.npmjs.org/expo-status-bar cache-miss
144 http fetch GET 200 https://registry.npmjs.org/expo-status-bar 289ms (cache miss)
145 silly packumentCache full:https://registry.npmjs.org/expo-status-bar set size:undefined disposed:false
146 silly fetch manifest expo-symbols@~57.0.0
147 silly packumentCache full:https://registry.npmjs.org/expo-symbols cache-miss
148 http fetch GET 200 https://registry.npmjs.org/expo-symbols 378ms (cache miss)
149 silly packumentCache full:https://registry.npmjs.org/expo-symbols set size:undefined disposed:false
150 silly fetch manifest expo-system-ui@~57.0.0
151 silly packumentCache full:https://registry.npmjs.org/expo-system-ui cache-miss
152 http fetch GET 200 https://registry.npmjs.org/expo-system-ui 296ms (cache miss)
153 silly packumentCache full:https://registry.npmjs.org/expo-system-ui set size:undefined disposed:false
154 silly fetch manifest expo-web-browser@~57.0.0
155 silly packumentCache full:https://registry.npmjs.org/expo-web-browser cache-miss
156 http fetch GET 200 https://registry.npmjs.org/expo-web-browser 375ms (cache miss)
157 silly packumentCache full:https://registry.npmjs.org/expo-web-browser set size:undefined disposed:false
158 silly fetch manifest react-native-screens@4.25.2
159 silly packumentCache full:https://registry.npmjs.org/react-native-screens cache-miss
160 http fetch GET 200 https://registry.npmjs.org/react-native-screens 348ms (cache miss)
161 silly packumentCache full:https://registry.npmjs.org/react-native-screens set size:undefined disposed:false
162 silly fetch manifest typescript@~6.0.3
163 silly packumentCache full:https://registry.npmjs.org/typescript cache-miss
164 http fetch GET 200 https://registry.npmjs.org/typescript 366ms (cache revalidated)
165 silly packumentCache full:https://registry.npmjs.org/typescript set size:15410956 disposed:false
166 silly placeDep ROOT @expo/ui@57.0.3 OK for: client@1.0.0 want: ~57.0.3
167 silly placeDep ROOT expo@57.0.2 OK for: @expo/ui@57.0.3 want: *
168 silly placeDep ROOT react@19.2.3 OK for: expo@57.0.2 want: *
169 silly placeDep ROOT react-native@0.86.0 OK for: expo@57.0.2 want: *
170 silly placeDep ROOT @types/react@19.2.17 OK for: client@1.0.0 want: ~19.2.2
171 silly placeDep ROOT expo-constants@57.0.3 OK for: client@1.0.0 want: ~57.0.3
172 silly placeDep ROOT expo-device@57.0.0 OK for: client@1.0.0 want: ~57.0.0
173 silly placeDep ROOT expo-font@57.0.0 OK for: client@1.0.0 want: ~57.0.0
174 silly placeDep ROOT expo-glass-effect@57.0.0 OK for: client@1.0.0 want: ~57.0.0
175 silly placeDep ROOT expo-image@57.0.0 OK for: client@1.0.0 want: ~57.0.0
176 silly placeDep ROOT expo-linking@57.0.1 OK for: client@1.0.0 want: ~57.0.1
177 silly placeDep ROOT expo-router@57.0.3 OK for: client@1.0.0 want: ~57.0.3
178 silly placeDep ROOT react-native-safe-area-context@5.7.0 OK for: expo-router@57.0.3 want: >= 5.4.0
179 silly placeDep ROOT expo-splash-screen@57.0.2 OK for: client@1.0.0 want: ~57.0.2
180 silly placeDep ROOT expo-status-bar@57.0.0 OK for: client@1.0.0 want: ~57.0.0
181 silly placeDep ROOT expo-symbols@57.0.0 OK for: client@1.0.0 want: ~57.0.0
182 silly placeDep ROOT expo-system-ui@57.0.0 OK for: client@1.0.0 want: ~57.0.0
183 silly placeDep ROOT expo-web-browser@57.0.0 OK for: client@1.0.0 want: ~57.0.0
184 silly placeDep ROOT react-dom@19.2.3 OK for: client@1.0.0 want: 19.2.3
185 silly placeDep ROOT react-native-gesture-handler@2.32.0 OK for: client@1.0.0 want: ~2.32.0
186 silly placeDep ROOT react-native-reanimated@4.5.0 OK for: client@1.0.0 want: 4.5.0
187 silly placeDep ROOT react-native-worklets@0.10.0 OK for: react-native-reanimated@4.5.0 want: 0.10.x
188 silly placeDep ROOT @babel/core@8.0.1 OK for: react-native-worklets@0.10.0 want: *
189 silly placeDep ROOT @react-native/metro-config@0.86.0 OK for: react-native-worklets@0.10.0 want: *
190 silly placeDep ROOT react-native-screens@4.25.2 OK for: client@1.0.0 want: 4.25.2
191 silly placeDep ROOT react-native-web@0.21.2 OK for: client@1.0.0 want: ~0.21.0
192 silly placeDep ROOT typescript@6.0.3 OK for: client@1.0.0 want: ~6.0.3
193 silly fetch manifest vaul@^1.1.2
194 silly packumentCache full:https://registry.npmjs.org/vaul cache-miss
195 silly fetch manifest sf-symbols-typescript@^2.1.0
196 silly packumentCache full:https://registry.npmjs.org/sf-symbols-typescript cache-miss
197 silly fetch manifest @expo/cli@^57.0.4
198 silly packumentCache full:https://registry.npmjs.org/@expo%2fcli cache-miss
199 silly fetch manifest expo-asset@~57.0.3
200 silly packumentCache full:https://registry.npmjs.org/expo-asset cache-miss
201 silly fetch manifest @expo/metro@~56.0.0
202 silly packumentCache full:https://registry.npmjs.org/@expo%2fmetro cache-miss
203 silly fetch manifest @expo/config@~57.0.2
204 silly packumentCache full:https://registry.npmjs.org/@expo%2fconfig cache-miss
205 silly fetch manifest @expo/log-box@^57.0.0
206 silly packumentCache full:https://registry.npmjs.org/@expo%2flog-box cache-miss
207 silly fetch manifest pretty-format@^29.7.0
208 silly packumentCache full:https://registry.npmjs.org/pretty-format cache-miss
209 silly fetch manifest react-refresh@^0.14.2
210 silly packumentCache full:https://registry.npmjs.org/react-refresh cache-miss
211 silly fetch manifest @babel/runtime@^7.20.0
212 silly packumentCache full:https://registry.npmjs.org/@babel%2fruntime cache-miss
213 silly fetch manifest @expo/devtools@~57.0.0
214 silly packumentCache full:https://registry.npmjs.org/@expo%2fdevtools cache-miss
215 silly fetch manifest expo-keep-awake@~57.0.0
216 silly packumentCache full:https://registry.npmjs.org/expo-keep-awake cache-miss
217 silly fetch manifest expo-file-system@~57.0.0
218 silly packumentCache full:https://registry.npmjs.org/expo-file-system cache-miss
219 silly fetch manifest @expo/dom-webview@~57.0.0
220 silly packumentCache full:https://registry.npmjs.org/@expo%2fdom-webview cache-miss
221 silly fetch manifest @expo/fingerprint@^0.20.2
222 silly packumentCache full:https://registry.npmjs.org/@expo%2ffingerprint cache-miss
223 silly fetch manifest babel-preset-expo@~57.0.1
224 silly packumentCache full:https://registry.npmjs.org/babel-preset-expo cache-miss
225 silly fetch manifest expo-modules-core@~57.0.2
226 silly packumentCache full:https://registry.npmjs.org/expo-modules-core cache-miss
227 silly fetch manifest @expo/metro-config@~57.0.3
228 silly packumentCache full:https://registry.npmjs.org/@expo%2fmetro-config cache-miss
229 silly fetch manifest whatwg-url-minimum@^0.1.2
230 silly packumentCache full:https://registry.npmjs.org/whatwg-url-minimum cache-miss
231 http fetch GET 200 https://registry.npmjs.org/sf-symbols-typescript 295ms (cache miss)
232 silly packumentCache full:https://registry.npmjs.org/sf-symbols-typescript set size:undefined disposed:false
233 silly fetch manifest @expo/config-plugins@~57.0.2
234 silly packumentCache full:https://registry.npmjs.org/@expo%2fconfig-plugins cache-miss
235 http fetch GET 200 https://registry.npmjs.org/expo-modules-core 581ms (cache miss)
236 silly packumentCache full:https://registry.npmjs.org/expo-modules-core set size:undefined disposed:false
237 silly fetch manifest @ungap/structured-clone@^1.3.0
238 silly packumentCache full:https://registry.npmjs.org/@ungap%2fstructured-clone cache-miss
239 http fetch GET 200 https://registry.npmjs.org/@expo%2fmetro-config 864ms (cache miss)
240 silly packumentCache full:https://registry.npmjs.org/@expo%2fmetro-config set size:undefined disposed:false
241 silly fetch manifest expo-modules-autolinking@~57.0.4
242 silly packumentCache full:https://registry.npmjs.org/expo-modules-autolinking cache-miss
243 http fetch GET 200 https://registry.npmjs.org/whatwg-url-minimum 1142ms (cache miss)
244 silly packumentCache full:https://registry.npmjs.org/whatwg-url-minimum set size:undefined disposed:false
245 silly fetch manifest @expo/local-build-cache-provider@^57.0.2
246 silly packumentCache full:https://registry.npmjs.org/@expo%2flocal-build-cache-provider cache-miss
247 http fetch GET 200 https://registry.npmjs.org/@expo%2fmetro 1182ms (cache miss)
248 silly packumentCache full:https://registry.npmjs.org/@expo%2fmetro set size:undefined disposed:false
249 silly fetch manifest ws@^7.5.10
250 silly packumentCache full:https://registry.npmjs.org/ws cache-miss
251 http fetch GET 200 https://registry.npmjs.org/@expo%2fdom-webview 1311ms (cache miss)
252 silly packumentCache full:https://registry.npmjs.org/@expo%2fdom-webview set size:undefined disposed:false
253 silly fetch manifest anser@^1.4.9
254 silly packumentCache full:https://registry.npmjs.org/anser cache-miss
255 http fetch GET 200 https://registry.npmjs.org/@expo%2fdevtools 1402ms (cache miss)
256 silly packumentCache full:https://registry.npmjs.org/@expo%2fdevtools set size:undefined disposed:false
257 silly fetch manifest yargs@^17.6.2
258 silly packumentCache full:https://registry.npmjs.org/yargs cache-miss
259 http fetch GET 200 https://registry.npmjs.org/@expo%2flog-box 1422ms (cache miss)
260 silly packumentCache full:https://registry.npmjs.org/@expo%2flog-box set size:undefined disposed:false
261 silly fetch manifest semver@^7.1.3
262 silly packumentCache full:https://registry.npmjs.org/semver cache-miss
263 http fetch GET 200 https://registry.npmjs.org/vaul 1442ms (cache miss)
264 silly packumentCache full:https://registry.npmjs.org/vaul set size:undefined disposed:false
265 silly fetch manifest promise@^8.3.0
266 silly packumentCache full:https://registry.npmjs.org/promise cache-miss
267 http fetch GET 200 https://registry.npmjs.org/@expo%2fconfig 1447ms (cache revalidated)
268 silly packumentCache full:https://registry.npmjs.org/@expo%2fconfig set size:1495709 disposed:false
269 silly fetch manifest base64-js@^1.5.1
270 silly packumentCache full:https://registry.npmjs.org/base64-js cache-miss
271 http fetch GET 200 https://registry.npmjs.org/@expo%2fconfig-plugins 1168ms (cache revalidated)
272 silly packumentCache full:https://registry.npmjs.org/@expo%2fconfig-plugins set size:1271243 disposed:false
273 silly fetch manifest commander@^12.0.0
274 silly packumentCache full:https://registry.npmjs.org/commander cache-miss
275 http fetch GET 200 https://registry.npmjs.org/expo-asset 1563ms (cache miss)
276 silly packumentCache full:https://registry.npmjs.org/expo-asset set size:undefined disposed:false
277 silly fetch manifest invariant@^2.2.4
278 silly packumentCache full:https://registry.npmjs.org/invariant cache-miss
279 http fetch GET 200 https://registry.npmjs.org/@ungap%2fstructured-clone 981ms (cache miss)
280 silly packumentCache full:https://registry.npmjs.org/@ungap%2fstructured-clone set size:undefined disposed:false
281 silly fetch manifest scheduler@0.27.0
282 silly packumentCache full:https://registry.npmjs.org/scheduler cache-miss
283 http fetch GET 200 https://registry.npmjs.org/pretty-format 1636ms (cache miss)
284 silly packumentCache full:https://registry.npmjs.org/pretty-format set size:undefined disposed:false
285 silly fetch manifest ansi-regex@^5.0.0
286 silly packumentCache full:https://registry.npmjs.org/ansi-regex cache-miss
287 http fetch GET 200 https://registry.npmjs.org/babel-preset-expo 1651ms (cache miss)
288 silly packumentCache full:https://registry.npmjs.org/babel-preset-expo set size:undefined disposed:false
289 silly fetch manifest nullthrows@^1.1.1
290 silly packumentCache full:https://registry.npmjs.org/nullthrows cache-miss
291 http fetch GET 200 https://registry.npmjs.org/expo-file-system 1668ms (cache miss)
292 silly packumentCache full:https://registry.npmjs.org/expo-file-system set size:undefined disposed:false
293 silly fetch manifest tinyglobby@^0.2.15
294 silly packumentCache full:https://registry.npmjs.org/tinyglobby cache-miss
295 http fetch GET 200 https://registry.npmjs.org/expo-keep-awake 1701ms (cache miss)
296 silly packumentCache full:https://registry.npmjs.org/expo-keep-awake set size:undefined disposed:false
297 silly fetch manifest memoize-one@^5.0.0
298 silly packumentCache full:https://registry.npmjs.org/memoize-one cache-miss
299 http fetch GET 200 https://registry.npmjs.org/@expo%2flocal-build-cache-provider 574ms (cache miss)
300 silly packumentCache full:https://registry.npmjs.org/@expo%2flocal-build-cache-provider set size:undefined disposed:false
301 silly fetch manifest whatwg-fetch@^3.0.0
302 silly packumentCache full:https://registry.npmjs.org/whatwg-fetch cache-miss
303 http fetch GET 200 https://registry.npmjs.org/anser 415ms (cache miss)
304 silly packumentCache full:https://registry.npmjs.org/anser set size:undefined disposed:false
305 silly fetch manifest metro-runtime@^0.84.3
306 silly packumentCache full:https://registry.npmjs.org/metro-runtime cache-miss
307 http fetch GET 200 https://registry.npmjs.org/yargs 348ms (cache miss)
308 silly packumentCache full:https://registry.npmjs.org/yargs set size:undefined disposed:false
309 silly fetch manifest react-refresh@^0.14.0
310 silly packumentCache full:https://registry.npmjs.org/react-refresh cache-miss
311 http fetch GET 200 https://registry.npmjs.org/semver 354ms (cache revalidated)
312 silly packumentCache full:https://registry.npmjs.org/semver set size:246125 disposed:false
313 silly fetch manifest hermes-compiler@250829098.0.14
314 silly packumentCache full:https://registry.npmjs.org/hermes-compiler cache-miss
315 http fetch GET 200 https://registry.npmjs.org/promise 355ms (cache miss)
316 silly packumentCache full:https://registry.npmjs.org/promise set size:undefined disposed:false
317 silly fetch manifest abort-controller@^3.0.0
318 silly packumentCache full:https://registry.npmjs.org/abort-controller cache-miss
319 http fetch GET 200 https://registry.npmjs.org/@expo%2fcli 1802ms (cache miss)
320 silly packumentCache full:https://registry.npmjs.org/@expo%2fcli set size:undefined disposed:false
321 silly fetch manifest metro-source-map@^0.84.3
322 silly packumentCache full:https://registry.npmjs.org/metro-source-map cache-miss
323 http fetch GET 200 https://registry.npmjs.org/commander 374ms (cache revalidated)
324 silly packumentCache full:https://registry.npmjs.org/commander set size:353115 disposed:false
325 silly fetch manifest stacktrace-parser@^0.1.10
326 silly packumentCache full:https://registry.npmjs.org/stacktrace-parser cache-miss
327 http fetch GET 200 https://registry.npmjs.org/@babel%2fruntime 1862ms (cache miss)
328 silly packumentCache full:https://registry.npmjs.org/@babel%2fruntime set size:undefined disposed:false
329 silly fetch manifest flow-enums-runtime@^0.0.6
330 silly packumentCache full:https://registry.npmjs.org/flow-enums-runtime cache-miss
331 http fetch GET 200 https://registry.npmjs.org/base64-js 436ms (cache revalidated)
332 silly packumentCache full:https://registry.npmjs.org/base64-js set size:41270 disposed:false
333 silly fetch manifest react-devtools-core@^6.1.5
334 silly packumentCache full:https://registry.npmjs.org/react-devtools-core cache-miss
335 http fetch GET 200 https://registry.npmjs.org/@expo%2ffingerprint 1899ms (cache miss)
336 silly packumentCache full:https://registry.npmjs.org/@expo%2ffingerprint set size:undefined disposed:false
337 silly fetch manifest regenerator-runtime@^0.13.2
338 silly packumentCache full:https://registry.npmjs.org/regenerator-runtime cache-miss
339 http fetch GET 200 https://registry.npmjs.org/nullthrows 264ms (cache revalidated)
340 silly packumentCache full:https://registry.npmjs.org/nullthrows set size:14885 disposed:false
341 silly fetch manifest @react-native/codegen@0.86.0
342 silly packumentCache full:https://registry.npmjs.org/@react-native%2fcodegen cache-miss
343 http fetch GET 200 https://registry.npmjs.org/expo-modules-autolinking 1049ms (cache miss)
344 silly packumentCache full:https://registry.npmjs.org/expo-modules-autolinking set size:undefined disposed:false
345 silly fetch manifest @react-native/js-polyfills@0.86.0
346 silly packumentCache full:https://registry.npmjs.org/@react-native%2fjs-polyfills cache-miss
347 http fetch GET 200 https://registry.npmjs.org/invariant 379ms (cache revalidated)
348 silly packumentCache full:https://registry.npmjs.org/invariant set size:22008 disposed:false
349 silly fetch manifest @react-native/gradle-plugin@0.86.0
350 silly packumentCache full:https://registry.npmjs.org/@react-native%2fgradle-plugin cache-miss
351 http fetch GET 200 https://registry.npmjs.org/ansi-regex 309ms (cache revalidated)
352 silly packumentCache full:https://registry.npmjs.org/ansi-regex set size:43572 disposed:false
353 silly fetch manifest @react-native/assets-registry@0.86.0
354 silly packumentCache full:https://registry.npmjs.org/@react-native%2fassets-registry cache-miss
355 http fetch GET 200 https://registry.npmjs.org/ws 773ms (cache miss)
356 silly packumentCache full:https://registry.npmjs.org/ws set size:undefined disposed:false
357 silly fetch manifest @react-native/normalize-colors@0.86.0
358 silly packumentCache full:https://registry.npmjs.org/@react-native%2fnormalize-colors cache-miss
359 http fetch GET 200 https://registry.npmjs.org/tinyglobby 306ms (cache revalidated)
360 silly packumentCache full:https://registry.npmjs.org/tinyglobby set size:54291 disposed:false
361 silly fetch manifest @react-native/virtualized-lists@0.86.0
362 silly packumentCache full:https://registry.npmjs.org/@react-native%2fvirtualized-lists cache-miss
363 http fetch GET 200 https://registry.npmjs.org/whatwg-fetch 299ms (cache miss)
364 silly packumentCache full:https://registry.npmjs.org/whatwg-fetch set size:undefined disposed:false
365 silly fetch manifest babel-plugin-syntax-hermes-parser@0.36.0
366 silly packumentCache full:https://registry.npmjs.org/babel-plugin-syntax-hermes-parser cache-miss
367 http fetch GET 200 https://registry.npmjs.org/memoize-one 347ms (cache miss)
368 silly packumentCache full:https://registry.npmjs.org/memoize-one set size:undefined disposed:false
369 silly fetch manifest @react-native/community-cli-plugin@0.86.0
370 silly packumentCache full:https://registry.npmjs.org/@react-native%2fcommunity-cli-plugin cache-miss
371 http fetch GET 200 https://registry.npmjs.org/metro-runtime 339ms (cache miss)
372 silly packumentCache full:https://registry.npmjs.org/metro-runtime set size:undefined disposed:false
373 silly fetch manifest csstype@^3.2.2
374 silly packumentCache full:https://registry.npmjs.org/csstype cache-miss
375 http fetch GET 200 https://registry.npmjs.org/abort-controller 307ms (cache miss)
376 silly packumentCache full:https://registry.npmjs.org/abort-controller set size:undefined disposed:false
377 silly fetch manifest @expo/env@~2.4.1
378 silly packumentCache full:https://registry.npmjs.org/@expo%2fenv cache-miss
379 http fetch GET 200 https://registry.npmjs.org/stacktrace-parser 253ms (cache miss)
380 silly packumentCache full:https://registry.npmjs.org/stacktrace-parser set size:undefined disposed:false
381 silly fetch manifest ua-parser-js@^0.7.33
382 silly packumentCache full:https://registry.npmjs.org/ua-parser-js cache-miss
383 http fetch GET 200 https://registry.npmjs.org/hermes-compiler 328ms (cache miss)
384 silly packumentCache full:https://registry.npmjs.org/hermes-compiler set size:undefined disposed:false
385 silly fetch manifest fontfaceobserver@^2.1.0
386 silly packumentCache full:https://registry.npmjs.org/fontfaceobserver cache-miss
387 http fetch GET 200 https://registry.npmjs.org/react-refresh 2120ms (cache miss)
388 silly packumentCache full:https://registry.npmjs.org/react-refresh set size:undefined disposed:false
389 silly fetch manifest sf-symbols-typescript@^2.2.0
390 silly packumentCache full:https://registry.npmjs.org/sf-symbols-typescript cache-miss
391 http cache https://registry.npmjs.org/sf-symbols-typescript 48ms (cache hit)
392 silly packumentCache full:https://registry.npmjs.org/sf-symbols-typescript set size:18602 disposed:false
393 silly fetch manifest color@^4.2.3
394 silly packumentCache full:https://registry.npmjs.org/color cache-miss
395 http fetch GET 200 https://registry.npmjs.org/flow-enums-runtime 338ms (cache miss)
396 silly packumentCache full:https://registry.npmjs.org/flow-enums-runtime set size:undefined disposed:false
397 silly fetch manifest debug@^4.3.4
398 silly packumentCache full:https://registry.npmjs.org/debug cache-miss
399 http fetch GET 200 https://registry.npmjs.org/regenerator-runtime 321ms (cache miss)
400 silly packumentCache full:https://registry.npmjs.org/regenerator-runtime set size:undefined disposed:false
401 silly fetch manifest nanoid@^3.3.8
402 silly packumentCache full:https://registry.npmjs.org/nanoid cache-miss
403 http fetch GET 200 https://registry.npmjs.org/metro-source-map 418ms (cache miss)
404 silly packumentCache full:https://registry.npmjs.org/metro-source-map set size:undefined disposed:false
405 silly fetch manifest react-is@^19.1.0
406 silly packumentCache full:https://registry.npmjs.org/react-is cache-miss
407 http fetch GET 200 https://registry.npmjs.org/@react-native%2fnormalize-colors 355ms (cache revalidated)
408 silly packumentCache full:https://registry.npmjs.org/@react-native%2fnormalize-colors set size:1933651 disposed:false
409 silly fetch manifest client-only@^0.0.1
410 silly packumentCache full:https://registry.npmjs.org/client-only cache-miss
411 http fetch GET 200 https://registry.npmjs.org/babel-plugin-syntax-hermes-parser 335ms (cache miss)
412 silly packumentCache full:https://registry.npmjs.org/babel-plugin-syntax-hermes-parser set size:undefined disposed:false
413 silly fetch manifest expo-server@^57.0.0
414 silly packumentCache full:https://registry.npmjs.org/expo-server cache-miss
415 http fetch GET 200 https://registry.npmjs.org/react-devtools-core 477ms (cache miss)
416 silly packumentCache full:https://registry.npmjs.org/react-devtools-core set size:undefined disposed:false
417 silly fetch manifest server-only@^0.0.1
418 silly packumentCache full:https://registry.npmjs.org/server-only cache-miss
419 http fetch GET 200 https://registry.npmjs.org/csstype 313ms (cache miss)
420 silly packumentCache full:https://registry.npmjs.org/csstype set size:undefined disposed:false
421 silly fetch manifest expo-symbols@^57.0.0
422 silly packumentCache full:https://registry.npmjs.org/expo-symbols cache-miss
423 http cache https://registry.npmjs.org/expo-symbols 14ms (cache hit)
424 silly packumentCache full:https://registry.npmjs.org/expo-symbols set size:592866 disposed:false
425 silly fetch manifest query-string@^7.1.3
426 silly packumentCache full:https://registry.npmjs.org/query-string cache-miss
427 http fetch GET 200 https://registry.npmjs.org/@react-native%2fvirtualized-lists 448ms (cache miss)
428 silly packumentCache full:https://registry.npmjs.org/@react-native%2fvirtualized-lists set size:undefined disposed:false
429 silly fetch manifest shallowequal@^1.1.0
430 silly packumentCache full:https://registry.npmjs.org/shallowequal cache-miss
431 http fetch GET 200 https://registry.npmjs.org/@expo%2fenv 372ms (cache revalidated)
432 silly packumentCache full:https://registry.npmjs.org/@expo%2fenv set size:582863 disposed:false
433 silly fetch manifest fast-deep-equal@^3.1.3
434 silly packumentCache full:https://registry.npmjs.org/fast-deep-equal cache-miss
435 http fetch GET 200 https://registry.npmjs.org/fontfaceobserver 385ms (cache miss)
436 silly packumentCache full:https://registry.npmjs.org/fontfaceobserver set size:undefined disposed:false
437 silly fetch manifest @expo/schema-utils@^57.0.1
438 silly packumentCache full:https://registry.npmjs.org/@expo%2fschema-utils cache-miss
439 http fetch GET 200 https://registry.npmjs.org/@react-native%2fgradle-plugin 626ms (cache miss)
440 silly packumentCache full:https://registry.npmjs.org/@react-native%2fgradle-plugin set size:undefined disposed:false
441 silly fetch manifest react-fast-compare@^3.2.2
442 silly packumentCache full:https://registry.npmjs.org/react-fast-compare cache-miss
443 http fetch GET 200 https://registry.npmjs.org/ua-parser-js 516ms (cache miss)
444 silly packumentCache full:https://registry.npmjs.org/ua-parser-js set size:undefined disposed:false
445 silly fetch manifest @expo/metro-runtime@^57.0.3
446 silly packumentCache full:https://registry.npmjs.org/@expo%2fmetro-runtime cache-miss
447 http fetch GET 200 https://registry.npmjs.org/color 413ms (cache miss)
448 silly packumentCache full:https://registry.npmjs.org/color set size:undefined disposed:false
449 silly fetch manifest standard-navigation@^0.0.5
450 silly packumentCache full:https://registry.npmjs.org/standard-navigation cache-miss
451 http fetch GET 200 https://registry.npmjs.org/client-only 325ms (cache miss)
452 silly packumentCache full:https://registry.npmjs.org/client-only set size:undefined disposed:false
453 silly fetch manifest @radix-ui/react-slot@^1.2.0
454 silly packumentCache full:https://registry.npmjs.org/@radix-ui%2freact-slot cache-miss
455 http cache https://registry.npmjs.org/@expo%2fmetro-runtime 26ms (cache hit)
456 silly packumentCache full:https://registry.npmjs.org/@expo%2fmetro-runtime set size:744665 disposed:false
457 silly fetch manifest @radix-ui/react-tabs@^1.1.12
458 silly packumentCache full:https://registry.npmjs.org/@radix-ui%2freact-tabs cache-miss
459 http fetch GET 200 https://registry.npmjs.org/nanoid 443ms (cache revalidated)
460 silly packumentCache full:https://registry.npmjs.org/nanoid set size:330515 disposed:false
461 silly fetch manifest escape-string-regexp@^4.0.0
462 silly packumentCache full:https://registry.npmjs.org/escape-string-regexp cache-miss
463 http fetch GET 200 https://registry.npmjs.org/debug 454ms (cache revalidated)
464 silly packumentCache full:https://registry.npmjs.org/debug set size:195840 disposed:false
465 silly fetch manifest react-native-screens@^4.25.2
466 silly packumentCache full:https://registry.npmjs.org/react-native-screens cache-miss
467 http fetch GET 200 https://registry.npmjs.org/expo-server 319ms (cache miss)
468 silly packumentCache full:https://registry.npmjs.org/expo-server set size:undefined disposed:false
469 silly fetch manifest @testing-library/jest-dom@^6.9.1
470 silly packumentCache full:https://registry.npmjs.org/@testing-library%2fjest-dom cache-miss
471 http cache https://registry.npmjs.org/react-native-screens 29ms (cache hit)
472 silly packumentCache full:https://registry.npmjs.org/react-native-screens set size:4162894 disposed:false
473 silly fetch manifest react-native-drawer-layout@^4.2.2
474 silly packumentCache full:https://registry.npmjs.org/react-native-drawer-layout cache-miss
475 http fetch GET 200 https://registry.npmjs.org/scheduler 1198ms (cache miss)
476 silly packumentCache full:https://registry.npmjs.org/scheduler set size:undefined disposed:false
477 silly fetch manifest @testing-library/user-event@^14.6.1
478 silly packumentCache full:https://registry.npmjs.org/@testing-library%2fuser-event cache-miss
479 http fetch GET 200 https://registry.npmjs.org/@react-native%2fcodegen 912ms (cache miss)
480 silly packumentCache full:https://registry.npmjs.org/@react-native%2fcodegen set size:undefined disposed:false
481 silly fetch manifest @react-native-masked-view/masked-view@^0.3.2
482 silly packumentCache full:https://registry.npmjs.org/@react-native-masked-view%2fmasked-view cache-miss
483 http fetch GET 200 https://registry.npmjs.org/react-refresh 1111ms (cache miss)
484 silly packumentCache full:https://registry.npmjs.org/react-refresh set size:undefined disposed:false
485 silly fetch manifest xml2js@0.6.0
486 silly packumentCache full:https://registry.npmjs.org/xml2js cache-miss
487 http fetch GET 200 https://registry.npmjs.org/shallowequal 516ms (cache miss)
488 silly packumentCache full:https://registry.npmjs.org/shallowequal set size:undefined disposed:false
489 silly fetch manifest @expo/image-utils@^0.11.1
490 silly packumentCache full:https://registry.npmjs.org/@expo%2fimage-utils cache-miss
491 http fetch GET 200 https://registry.npmjs.org/fast-deep-equal 487ms (cache revalidated)
492 silly packumentCache full:https://registry.npmjs.org/fast-deep-equal set size:48634 disposed:false
493 silly fetch manifest sf-symbols-typescript@^2.0.0
494 silly packumentCache full:https://registry.npmjs.org/sf-symbols-typescript cache-hit
495 silly fetch manifest @expo-google-fonts/material-symbols@^0.4.1
496 silly packumentCache full:https://registry.npmjs.org/@expo-google-fonts%2fmaterial-symbols cache-miss
497 http fetch GET 200 https://registry.npmjs.org/server-only 604ms (cache miss)
498 silly packumentCache full:https://registry.npmjs.org/server-only set size:undefined disposed:false
499 silly fetch manifest debug@^4.3.2
500 silly packumentCache full:https://registry.npmjs.org/debug cache-hit
501 silly fetch manifest scheduler@^0.27.0
502 silly packumentCache full:https://registry.npmjs.org/scheduler cache-miss
503 http fetch GET 200 https://registry.npmjs.org/standard-navigation 346ms (cache miss)
504 silly packumentCache full:https://registry.npmjs.org/standard-navigation set size:undefined disposed:false
505 silly fetch manifest @egjs/hammerjs@^2.0.17
506 silly packumentCache full:https://registry.npmjs.org/@egjs%2fhammerjs cache-miss
507 http fetch GET 200 https://registry.npmjs.org/react-fast-compare 398ms (cache miss)
508 silly packumentCache full:https://registry.npmjs.org/react-fast-compare set size:undefined disposed:false
509 silly fetch manifest hoist-non-react-statics@^3.3.0
510 silly packumentCache full:https://registry.npmjs.org/hoist-non-react-statics cache-miss
511 http fetch GET 200 https://registry.npmjs.org/@expo%2fschema-utils 499ms (cache miss)
512 silly packumentCache full:https://registry.npmjs.org/@expo%2fschema-utils set size:undefined disposed:false
513 silly fetch manifest @types/react-test-renderer@^19.1.0
514 silly packumentCache full:https://registry.npmjs.org/@types%2freact-test-renderer cache-miss
515 http fetch GET 200 https://registry.npmjs.org/query-string 590ms (cache miss)
516 silly packumentCache full:https://registry.npmjs.org/query-string set size:undefined disposed:false
517 silly fetch manifest semver@^7.7.3
518 silly packumentCache full:https://registry.npmjs.org/semver cache-hit
519 silly fetch manifest react-native-is-edge-to-edge@^1.3.1
520 silly packumentCache full:https://registry.npmjs.org/react-native-is-edge-to-edge cache-miss
521 http fetch GET 200 https://registry.npmjs.org/@react-native%2fjs-polyfills 1075ms (cache miss)
522 silly packumentCache full:https://registry.npmjs.org/@react-native%2fjs-polyfills set size:undefined disposed:false
523 silly fetch manifest semver@^7.7.4
524 silly packumentCache full:https://registry.npmjs.org/semver cache-hit
525 silly fetch manifest @babel/types@^7.27.1
526 silly packumentCache full:https://registry.npmjs.org/@babel%2ftypes cache-miss
527 http cache https://registry.npmjs.org/scheduler 75ms (cache hit)
528 silly packumentCache full:https://registry.npmjs.org/scheduler set size:5592600 disposed:false
529 silly fetch manifest convert-source-map@^2.0.0
530 silly packumentCache full:https://registry.npmjs.org/convert-source-map cache-miss
531 http fetch GET 200 https://registry.npmjs.org/@radix-ui%2freact-slot 435ms (cache miss)
532 silly packumentCache full:https://registry.npmjs.org/@radix-ui%2freact-slot set size:undefined disposed:false
533 silly fetch manifest @babel/preset-typescript@^7.28.5
534 silly packumentCache full:https://registry.npmjs.org/@babel%2fpreset-typescript cache-miss
535 http fetch GET 200 https://registry.npmjs.org/@react-native%2fassets-registry 1154ms (cache miss)
536 silly packumentCache full:https://registry.npmjs.org/@react-native%2fassets-registry set size:undefined disposed:false
537 silly fetch manifest @babel/plugin-transform-classes@^7.28.6
538 silly packumentCache full:https://registry.npmjs.org/@babel%2fplugin-transform-classes cache-miss
539 http fetch GET 200 https://registry.npmjs.org/@react-native%2fcommunity-cli-plugin 1084ms (cache miss)
540 silly packumentCache full:https://registry.npmjs.org/@react-native%2fcommunity-cli-plugin set size:undefined disposed:false
541 silly fetch manifest @babel/plugin-transform-unicode-regex@^7.27.1
542 silly packumentCache full:https://registry.npmjs.org/@babel%2fplugin-transform-unicode-regex cache-miss
543 http fetch GET 200 https://registry.npmjs.org/escape-string-regexp 486ms (cache revalidated)
544 silly packumentCache full:https://registry.npmjs.org/escape-string-regexp set size:22244 disposed:false
545 silly fetch manifest @babel/plugin-transform-arrow-functions@^7.27.1
546 silly packumentCache full:https://registry.npmjs.org/@babel%2fplugin-transform-arrow-functions cache-miss
547 http fetch GET 200 https://registry.npmjs.org/@testing-library%2fjest-dom 485ms (cache miss)
548 silly packumentCache full:https://registry.npmjs.org/@testing-library%2fjest-dom set size:undefined disposed:false
549 silly fetch manifest @babel/plugin-transform-class-properties@^7.28.6
550 silly packumentCache full:https://registry.npmjs.org/@babel%2fplugin-transform-class-properties cache-miss
551 http fetch GET 200 https://registry.npmjs.org/react-native-drawer-layout 450ms (cache miss)
552 silly packumentCache full:https://registry.npmjs.org/react-native-drawer-layout set size:undefined disposed:false
553 silly fetch manifest @babel/plugin-transform-optional-chaining@^7.28.6
554 silly packumentCache full:https://registry.npmjs.org/@babel%2fplugin-transform-optional-chaining cache-miss
555 http fetch GET 200 https://registry.npmjs.org/@radix-ui%2freact-tabs 531ms (cache miss)
556 silly packumentCache full:https://registry.npmjs.org/@radix-ui%2freact-tabs set size:undefined disposed:false
557 silly fetch manifest @babel/plugin-transform-template-literals@^7.27.1
558 silly packumentCache full:https://registry.npmjs.org/@babel%2fplugin-transform-template-literals cache-miss
559 http fetch GET 200 https://registry.npmjs.org/@react-native-masked-view%2fmasked-view 378ms (cache miss)
560 silly packumentCache full:https://registry.npmjs.org/@react-native-masked-view%2fmasked-view set size:undefined disposed:false
561 silly fetch manifest @babel/plugin-transform-shorthand-properties@^7.27.1
562 silly packumentCache full:https://registry.npmjs.org/@babel%2fplugin-transform-shorthand-properties cache-miss
563 http fetch GET 200 https://registry.npmjs.org/react-is 1017ms (cache miss)
564 silly packumentCache full:https://registry.npmjs.org/react-is set size:undefined disposed:false
565 silly fetch manifest @babel/plugin-transform-nullish-coalescing-operator@^7.28.6
566 silly packumentCache full:https://registry.npmjs.org/@babel%2fplugin-transform-nullish-coalescing-operator cache-miss
567 http fetch GET 200 https://registry.npmjs.org/@expo%2fimage-utils 335ms (cache revalidated)
568 silly packumentCache full:https://registry.npmjs.org/@expo%2fimage-utils set size:812368 disposed:false
569 silly fetch manifest metro-config@^0.84.3
570 silly packumentCache full:https://registry.npmjs.org/metro-config cache-miss
571 http fetch GET 200 https://registry.npmjs.org/react-native-is-edge-to-edge 307ms (cache miss)
572 silly packumentCache full:https://registry.npmjs.org/react-native-is-edge-to-edge set size:undefined disposed:false
573 silly fetch manifest @react-native/metro-babel-transformer@0.86.0
574 silly packumentCache full:https://registry.npmjs.org/@react-native%2fmetro-babel-transformer cache-miss
575 http fetch GET 200 https://registry.npmjs.org/xml2js 381ms (cache revalidated)
576 silly packumentCache full:https://registry.npmjs.org/xml2js set size:198018 disposed:false
577 silly fetch manifest @babel/code-frame@^8.0.0
578 silly packumentCache full:https://registry.npmjs.org/@babel%2fcode-frame cache-miss
579 http fetch GET 200 https://registry.npmjs.org/hoist-non-react-statics 345ms (cache miss)
580 silly packumentCache full:https://registry.npmjs.org/hoist-non-react-statics set size:undefined disposed:false
581 silly fetch manifest @babel/generator@^8.0.0
582 silly packumentCache full:https://registry.npmjs.org/@babel%2fgenerator cache-miss
583 http fetch GET 200 https://registry.npmjs.org/@expo-google-fonts%2fmaterial-symbols 365ms (cache miss)
584 silly packumentCache full:https://registry.npmjs.org/@expo-google-fonts%2fmaterial-symbols set size:undefined disposed:false
585 silly fetch manifest @babel/helper-compilation-targets@^8.0.0
586 silly packumentCache full:https://registry.npmjs.org/@babel%2fhelper-compilation-targets cache-miss
587 http fetch GET 200 https://registry.npmjs.org/@testing-library%2fuser-event 532ms (cache miss)
588 silly packumentCache full:https://registry.npmjs.org/@testing-library%2fuser-event set size:undefined disposed:false
589 silly fetch manifest @babel/helpers@^8.0.0
590 silly packumentCache full:https://registry.npmjs.org/@babel%2fhelpers cache-miss
591 http fetch GET 200 https://registry.npmjs.org/@babel%2ftypes 332ms (cache revalidated)
592 silly packumentCache full:https://registry.npmjs.org/@babel%2ftypes set size:498480 disposed:false
593 silly fetch manifest @babel/parser@^8.0.0
594 silly packumentCache full:https://registry.npmjs.org/@babel%2fparser cache-miss
595 http fetch GET 200 https://registry.npmjs.org/@egjs%2fhammerjs 383ms (cache miss)
596 silly packumentCache full:https://registry.npmjs.org/@egjs%2fhammerjs set size:undefined disposed:false
597 silly fetch manifest @babel/template@^8.0.0
598 silly packumentCache full:https://registry.npmjs.org/@babel%2ftemplate cache-miss
599 http fetch GET 200 https://registry.npmjs.org/@babel%2fpreset-typescript 295ms (cache miss)
600 silly packumentCache full:https://registry.npmjs.org/@babel%2fpreset-typescript set size:undefined disposed:false
601 silly fetch manifest @babel/traverse@^8.0.0
602 silly packumentCache full:https://registry.npmjs.org/@babel%2ftraverse cache-miss
603 http fetch GET 200 https://registry.npmjs.org/@types%2freact-test-renderer 423ms (cache miss)
604 silly packumentCache full:https://registry.npmjs.org/@types%2freact-test-renderer set size:undefined disposed:false
605 silly fetch manifest @babel/types@^8.0.0
606 silly packumentCache full:https://registry.npmjs.org/@babel%2ftypes cache-hit
607 silly fetch manifest @types/gensync@^1.0.5
608 silly packumentCache full:https://registry.npmjs.org/@types%2fgensync cache-miss
609 http fetch GET 200 https://registry.npmjs.org/@babel%2fplugin-transform-classes 310ms (cache miss)
610 silly packumentCache full:https://registry.npmjs.org/@babel%2fplugin-transform-classes set size:undefined disposed:false
611 silly fetch manifest convert-source-map@^2.0.0
612 silly packumentCache full:https://registry.npmjs.org/convert-source-map cache-miss
613 http fetch GET 200 https://registry.npmjs.org/@babel%2fplugin-transform-arrow-functions 283ms (cache miss)
614 silly packumentCache full:https://registry.npmjs.org/@babel%2fplugin-transform-arrow-functions set size:undefined disposed:false
615 silly fetch manifest empathic@^2.0.1
616 silly packumentCache full:https://registry.npmjs.org/empathic cache-miss
617 http fetch GET 200 https://registry.npmjs.org/@babel%2fplugin-transform-unicode-regex 300ms (cache miss)
618 silly packumentCache full:https://registry.npmjs.org/@babel%2fplugin-transform-unicode-regex set size:undefined disposed:false
619 silly fetch manifest gensync@^1.0.0-beta.2
620 silly packumentCache full:https://registry.npmjs.org/gensync cache-miss
621 http fetch GET 200 https://registry.npmjs.org/@babel%2fplugin-transform-optional-chaining 289ms (cache miss)
622 silly packumentCache full:https://registry.npmjs.org/@babel%2fplugin-transform-optional-chaining set size:undefined disposed:false
623 silly fetch manifest import-meta-resolve@^4.2.0
624 silly packumentCache full:https://registry.npmjs.org/import-meta-resolve cache-miss
625 http fetch GET 200 https://registry.npmjs.org/@babel%2fplugin-transform-class-properties 314ms (cache miss)
626 silly packumentCache full:https://registry.npmjs.org/@babel%2fplugin-transform-class-properties set size:undefined disposed:false
627 silly fetch manifest json5@^2.2.3
628 silly packumentCache full:https://registry.npmjs.org/json5 cache-miss
629 http fetch GET 200 https://registry.npmjs.org/convert-source-map 411ms (cache revalidated)
630 silly packumentCache full:https://registry.npmjs.org/convert-source-map set size:66997 disposed:false
631 silly fetch manifest obug@^2.1.1
632 silly packumentCache full:https://registry.npmjs.org/obug cache-miss
633 http fetch GET 200 https://registry.npmjs.org/@babel%2fplugin-transform-template-literals 305ms (cache miss)
634 silly packumentCache full:https://registry.npmjs.org/@babel%2fplugin-transform-template-literals set size:undefined disposed:false
635 silly fetch manifest warn-once@^0.1.0
636 silly packumentCache full:https://registry.npmjs.org/warn-once cache-miss
637 http fetch GET 200 https://registry.npmjs.org/@babel%2fplugin-transform-shorthand-properties 326ms (cache miss)
638 silly packumentCache full:https://registry.npmjs.org/@babel%2fplugin-transform-shorthand-properties set size:undefined disposed:false
639 silly fetch manifest react-freeze@^1.0.0
640 silly packumentCache full:https://registry.npmjs.org/react-freeze cache-miss
641 http fetch GET 200 https://registry.npmjs.org/@babel%2fplugin-transform-nullish-coalescing-operator 284ms (cache miss)
642 silly packumentCache full:https://registry.npmjs.org/@babel%2fplugin-transform-nullish-coalescing-operator set size:undefined disposed:false
643 silly fetch manifest fbjs@^3.0.4
644 silly packumentCache full:https://registry.npmjs.org/fbjs cache-miss
645 http fetch GET 200 https://registry.npmjs.org/@babel%2fcode-frame 275ms (cache revalidated)
646 silly packumentCache full:https://registry.npmjs.org/@babel%2fcode-frame set size:206617 disposed:false
647 silly fetch manifest styleq@^0.1.3
648 silly packumentCache full:https://registry.npmjs.org/styleq cache-miss
649 http fetch GET 200 https://registry.npmjs.org/metro-config 302ms (cache miss)
650 silly packumentCache full:https://registry.npmjs.org/metro-config set size:undefined disposed:false
651 silly fetch manifest memoize-one@^6.0.0
652 silly packumentCache full:https://registry.npmjs.org/memoize-one cache-miss
653 http fetch GET 200 https://registry.npmjs.org/@babel%2fgenerator 286ms (cache revalidated)
654 silly packumentCache full:https://registry.npmjs.org/@babel%2fgenerator set size:520504 disposed:false
655 silly fetch manifest @babel/runtime@^7.18.6
656 silly packumentCache full:https://registry.npmjs.org/@babel%2fruntime cache-miss
657 http cache https://registry.npmjs.org/memoize-one 23ms (cache hit)
658 silly packumentCache full:https://registry.npmjs.org/memoize-one set size:217155 disposed:false
659 silly fetch manifest postcss-value-parser@^4.2.0
660 silly packumentCache full:https://registry.npmjs.org/postcss-value-parser cache-miss
661 http fetch GET 200 https://registry.npmjs.org/@babel%2ftemplate 279ms (cache revalidated)
662 silly packumentCache full:https://registry.npmjs.org/@babel%2ftemplate set size:237074 disposed:false
663 silly fetch manifest inline-style-prefixer@^7.0.1
664 silly packumentCache full:https://registry.npmjs.org/inline-style-prefixer cache-miss
665 http fetch GET 200 https://registry.npmjs.org/@babel%2fhelper-compilation-targets 314ms (cache revalidated)
666 silly packumentCache full:https://registry.npmjs.org/@babel%2fhelper-compilation-targets set size:229541 disposed:false
667 silly fetch manifest @react-native/normalize-colors@^0.74.1
668 silly packumentCache full:https://registry.npmjs.org/@react-native%2fnormalize-colors cache-miss
669 http cache https://registry.npmjs.org/@babel%2fruntime 41ms (cache hit)
670 silly packumentCache full:https://registry.npmjs.org/@babel%2fruntime set size:3471810 disposed:false
671 http fetch GET 200 https://registry.npmjs.org/@babel%2fparser 354ms (cache revalidated)
672 silly packumentCache full:https://registry.npmjs.org/@babel%2fparser set size:732981 disposed:false
673 http fetch GET 200 https://registry.npmjs.org/gensync 265ms (cache revalidated)
674 silly packumentCache full:https://registry.npmjs.org/gensync set size:15068 disposed:false
675 http fetch GET 200 https://registry.npmjs.org/@babel%2fhelpers 375ms (cache revalidated)
676 silly packumentCache full:https://registry.npmjs.org/@babel%2fhelpers set size:398496 disposed:false
677 http fetch GET 200 https://registry.npmjs.org/convert-source-map 295ms (cache revalidated)
678 silly packumentCache full:https://registry.npmjs.org/convert-source-map set size:66997 disposed:false
679 silly packumentCache full:https://registry.npmjs.org/convert-source-map dispose
680 http cache https://registry.npmjs.org/@react-native%2fnormalize-colors 86ms (cache hit)
681 silly packumentCache full:https://registry.npmjs.org/@react-native%2fnormalize-colors set size:1933651 disposed:false
682 http fetch GET 200 https://registry.npmjs.org/@babel%2ftraverse 365ms (cache revalidated)
683 silly packumentCache full:https://registry.npmjs.org/@babel%2ftraverse set size:560074 disposed:false
684 http fetch GET 200 https://registry.npmjs.org/empathic 323ms (cache miss)
685 silly packumentCache full:https://registry.npmjs.org/empathic set size:undefined disposed:false
686 http fetch GET 200 https://registry.npmjs.org/@types%2fgensync 347ms (cache miss)
687 silly packumentCache full:https://registry.npmjs.org/@types%2fgensync set size:undefined disposed:false
688 http fetch GET 200 https://registry.npmjs.org/@react-native%2fmetro-babel-transformer 461ms (cache miss)
689 silly packumentCache full:https://registry.npmjs.org/@react-native%2fmetro-babel-transformer set size:undefined disposed:false
690 http fetch GET 200 https://registry.npmjs.org/obug 306ms (cache miss)
691 silly packumentCache full:https://registry.npmjs.org/obug set size:undefined disposed:false
692 http fetch GET 200 https://registry.npmjs.org/import-meta-resolve 326ms (cache miss)
693 silly packumentCache full:https://registry.npmjs.org/import-meta-resolve set size:undefined disposed:false
694 http fetch GET 200 https://registry.npmjs.org/json5 381ms (cache revalidated)
695 silly packumentCache full:https://registry.npmjs.org/json5 set size:86136 disposed:false
696 http fetch GET 200 https://registry.npmjs.org/react-freeze 312ms (cache miss)
697 silly packumentCache full:https://registry.npmjs.org/react-freeze set size:undefined disposed:false
698 http fetch GET 200 https://registry.npmjs.org/fbjs 301ms (cache miss)
699 silly packumentCache full:https://registry.npmjs.org/fbjs set size:undefined disposed:false
700 http fetch GET 200 https://registry.npmjs.org/warn-once 377ms (cache miss)
701 silly packumentCache full:https://registry.npmjs.org/warn-once set size:undefined disposed:false
702 http fetch GET 200 https://registry.npmjs.org/postcss-value-parser 254ms (cache miss)
703 silly packumentCache full:https://registry.npmjs.org/postcss-value-parser set size:undefined disposed:false
704 http fetch GET 200 https://registry.npmjs.org/inline-style-prefixer 259ms (cache miss)
705 silly packumentCache full:https://registry.npmjs.org/inline-style-prefixer set size:undefined disposed:false
706 http fetch GET 200 https://registry.npmjs.org/styleq 315ms (cache miss)
707 silly packumentCache full:https://registry.npmjs.org/styleq set size:undefined disposed:false
708 silly placeDep ROOT @babel/code-frame@8.0.0 OK for: @babel/core@8.0.1 want: ^8.0.0
709 silly placeDep ROOT @babel/generator@8.0.0 OK for: @babel/core@8.0.1 want: ^8.0.0
710 silly placeDep ROOT @babel/helper-compilation-targets@8.0.0 OK for: @babel/core@8.0.1 want: ^8.0.0
711 silly placeDep ROOT @babel/helpers@8.0.0 OK for: @babel/core@8.0.1 want: ^8.0.0
712 silly placeDep ROOT @babel/parser@8.0.0 OK for: @babel/core@8.0.1 want: ^8.0.0
713 silly placeDep ROOT @babel/template@8.0.0 OK for: @babel/core@8.0.1 want: ^8.0.0
714 silly placeDep ROOT @babel/traverse@8.0.0 OK for: @babel/core@8.0.1 want: ^8.0.0
715 silly placeDep ROOT @babel/types@8.0.0 OK for: @babel/core@8.0.1 want: ^8.0.0
716 silly placeDep ROOT @types/gensync@1.0.5 OK for: @babel/core@8.0.1 want: ^1.0.5
717 silly placeDep ROOT convert-source-map@2.0.0 OK for: @babel/core@8.0.1 want: ^2.0.0
718 silly placeDep ROOT empathic@2.0.1 OK for: @babel/core@8.0.1 want: ^2.0.1
719 silly placeDep ROOT gensync@1.0.0-beta.2 OK for: @babel/core@8.0.1 want: ^1.0.0-beta.2
720 silly placeDep ROOT import-meta-resolve@4.2.0 OK for: @babel/core@8.0.1 want: ^4.2.0
721 silly placeDep ROOT json5@2.2.3 OK for: @babel/core@8.0.1 want: ^2.2.3
722 silly placeDep ROOT obug@2.1.3 OK for: @babel/core@8.0.1 want: ^2.1.1
723 silly placeDep ROOT semver@7.8.5 OK for: @babel/core@8.0.1 want: ^7.7.3
724 silly fetch manifest js-tokens@^10.0.0
725 silly packumentCache full:https://registry.npmjs.org/js-tokens cache-miss
726 silly fetch manifest @babel/helper-validator-identifier@^8.0.0
727 silly packumentCache full:https://registry.npmjs.org/@babel%2fhelper-validator-identifier cache-miss
728 silly fetch manifest jsesc@^3.0.2
729 silly packumentCache full:https://registry.npmjs.org/jsesc cache-miss
730 silly fetch manifest @types/jsesc@^2.5.0
731 silly packumentCache full:https://registry.npmjs.org/@types%2fjsesc cache-miss
732 silly fetch manifest @jridgewell/gen-mapping@^0.3.12
733 silly packumentCache full:https://registry.npmjs.org/@jridgewell%2fgen-mapping cache-miss
734 silly fetch manifest @jridgewell/trace-mapping@^0.3.28
735 silly packumentCache full:https://registry.npmjs.org/@jridgewell%2ftrace-mapping cache-miss
736 silly fetch manifest lru-cache@^11.0.0
737 silly packumentCache full:https://registry.npmjs.org/lru-cache cache-miss
738 silly fetch manifest browserslist@^4.24.0
739 silly packumentCache full:https://registry.npmjs.org/browserslist cache-miss
740 silly fetch manifest @babel/compat-data@^8.0.0
741 silly packumentCache full:https://registry.npmjs.org/@babel%2fcompat-data cache-miss
742 silly fetch manifest @babel/helper-validator-option@^8.0.0
743 silly packumentCache full:https://registry.npmjs.org/@babel%2fhelper-validator-option cache-miss
744 silly fetch manifest @babel/helper-globals@^8.0.0
745 silly packumentCache full:https://registry.npmjs.org/@babel%2fhelper-globals cache-miss
746 silly fetch manifest @babel/helper-string-parser@^8.0.0
747 silly packumentCache full:https://registry.npmjs.org/@babel%2fhelper-string-parser cache-miss
748 silly fetch manifest @babel/helper-validator-identifier@^8.0.0
749 silly packumentCache full:https://registry.npmjs.org/@babel%2fhelper-validator-identifier cache-miss
750 http fetch GET 200 https://registry.npmjs.org/@types%2fjsesc 229ms (cache miss)
751 silly packumentCache full:https://registry.npmjs.org/@types%2fjsesc set size:undefined disposed:false
752 http fetch GET 200 https://registry.npmjs.org/@babel%2fhelper-validator-identifier 250ms (cache revalidated)
753 silly packumentCache full:https://registry.npmjs.org/@babel%2fhelper-validator-identifier set size:127858 disposed:false
754 http fetch GET 200 https://registry.npmjs.org/jsesc 253ms (cache revalidated)
755 silly packumentCache full:https://registry.npmjs.org/jsesc set size:61512 disposed:false
756 http fetch GET 200 https://registry.npmjs.org/browserslist 264ms (cache revalidated)
757 silly packumentCache full:https://registry.npmjs.org/browserslist set size:509301 disposed:false
758 http fetch GET 200 https://registry.npmjs.org/@babel%2fhelper-string-parser 274ms (cache revalidated)
759 silly packumentCache full:https://registry.npmjs.org/@babel%2fhelper-string-parser set size:91563 disposed:false
760 http fetch GET 200 https://registry.npmjs.org/@babel%2fhelper-globals 278ms (cache revalidated)
761 silly packumentCache full:https://registry.npmjs.org/@babel%2fhelper-globals set size:25155 disposed:false
762 http fetch GET 200 https://registry.npmjs.org/@babel%2fhelper-validator-option 283ms (cache revalidated)
763 silly packumentCache full:https://registry.npmjs.org/@babel%2fhelper-validator-option set size:101303 disposed:false
764 http fetch GET 200 https://registry.npmjs.org/@babel%2fhelper-validator-identifier 283ms (cache revalidated)
765 silly packumentCache full:https://registry.npmjs.org/@babel%2fhelper-validator-identifier set size:127858 disposed:false
766 silly packumentCache full:https://registry.npmjs.org/@babel%2fhelper-validator-identifier dispose
767 http fetch GET 200 https://registry.npmjs.org/js-tokens 305ms (cache revalidated)
768 silly packumentCache full:https://registry.npmjs.org/js-tokens set size:41947 disposed:false
769 http fetch GET 200 https://registry.npmjs.org/@babel%2fcompat-data 305ms (cache revalidated)
770 silly packumentCache full:https://registry.npmjs.org/@babel%2fcompat-data set size:318807 disposed:false
771 http fetch GET 200 https://registry.npmjs.org/lru-cache 310ms (cache revalidated)
772 silly packumentCache full:https://registry.npmjs.org/lru-cache set size:456196 disposed:false
773 http fetch GET 200 https://registry.npmjs.org/@jridgewell%2fgen-mapping 318ms (cache revalidated)
774 silly packumentCache full:https://registry.npmjs.org/@jridgewell%2fgen-mapping set size:75941 disposed:false
775 http fetch GET 200 https://registry.npmjs.org/@jridgewell%2ftrace-mapping 350ms (cache revalidated)
776 silly packumentCache full:https://registry.npmjs.org/@jridgewell%2ftrace-mapping set size:170909 disposed:false
777 silly placeDep ROOT @babel/helper-validator-identifier@8.0.2 OK for: @babel/code-frame@8.0.0 want: ^8.0.0
778 silly placeDep ROOT js-tokens@10.0.0 OK for: @babel/code-frame@8.0.0 want: ^10.0.0
779 silly placeDep ROOT @jridgewell/gen-mapping@0.3.13 OK for: @babel/generator@8.0.0 want: ^0.3.12
780 silly placeDep ROOT @jridgewell/trace-mapping@0.3.31 OK for: @babel/generator@8.0.0 want: ^0.3.28
781 silly placeDep ROOT @types/jsesc@2.5.1 OK for: @babel/generator@8.0.0 want: ^2.5.0
782 silly placeDep ROOT jsesc@3.1.0 OK for: @babel/generator@8.0.0 want: ^3.0.2
783 silly fetch manifest @jridgewell/trace-mapping@^0.3.24
784 silly packumentCache full:https://registry.npmjs.org/@jridgewell%2ftrace-mapping cache-hit
785 silly fetch manifest @jridgewell/sourcemap-codec@^1.5.0
786 silly packumentCache full:https://registry.npmjs.org/@jridgewell%2fsourcemap-codec cache-miss
787 silly fetch manifest @jridgewell/resolve-uri@^3.1.0
788 silly packumentCache full:https://registry.npmjs.org/@jridgewell%2fresolve-uri cache-miss
789 silly fetch manifest @jridgewell/sourcemap-codec@^1.4.14
790 silly packumentCache full:https://registry.npmjs.org/@jridgewell%2fsourcemap-codec cache-miss
791 http fetch GET 200 https://registry.npmjs.org/@jridgewell%2fresolve-uri 270ms (cache revalidated)
792 silly packumentCache full:https://registry.npmjs.org/@jridgewell%2fresolve-uri set size:57361 disposed:false
793 http fetch GET 200 https://registry.npmjs.org/@jridgewell%2fsourcemap-codec 273ms (cache revalidated)
794 silly packumentCache full:https://registry.npmjs.org/@jridgewell%2fsourcemap-codec set size:51856 disposed:false
795 http fetch GET 200 https://registry.npmjs.org/@jridgewell%2fsourcemap-codec 539ms (cache revalidated)
796 silly packumentCache full:https://registry.npmjs.org/@jridgewell%2fsourcemap-codec set size:51856 disposed:false
797 silly packumentCache full:https://registry.npmjs.org/@jridgewell%2fsourcemap-codec dispose
798 silly placeDep ROOT @babel/compat-data@8.0.0 OK for: @babel/helper-compilation-targets@8.0.0 want: ^8.0.0
799 silly placeDep ROOT @babel/helper-validator-option@8.0.0 OK for: @babel/helper-compilation-targets@8.0.0 want: ^8.0.0
800 silly placeDep ROOT browserslist@4.28.4 OK for: @babel/helper-compilation-targets@8.0.0 want: ^4.24.0
801 silly placeDep ROOT lru-cache@11.5.1 OK for: @babel/helper-compilation-targets@8.0.0 want: ^11.0.0
802 silly fetch manifest caniuse-lite@^1.0.30001799
803 silly packumentCache full:https://registry.npmjs.org/caniuse-lite cache-miss
804 silly fetch manifest node-releases@^2.0.48
805 silly packumentCache full:https://registry.npmjs.org/node-releases cache-miss
806 silly fetch manifest electron-to-chromium@^1.5.376
807 silly packumentCache full:https://registry.npmjs.org/electron-to-chromium cache-miss
808 silly fetch manifest update-browserslist-db@^1.2.3
809 silly packumentCache full:https://registry.npmjs.org/update-browserslist-db cache-miss
810 silly fetch manifest baseline-browser-mapping@^2.10.38
811 silly packumentCache full:https://registry.npmjs.org/baseline-browser-mapping cache-miss
812 http fetch GET 200 https://registry.npmjs.org/node-releases 239ms (cache revalidated)
813 silly packumentCache full:https://registry.npmjs.org/node-releases set size:288449 disposed:false
814 http fetch GET 200 https://registry.npmjs.org/electron-to-chromium 252ms (cache revalidated)
815 silly packumentCache full:https://registry.npmjs.org/electron-to-chromium set size:4854126 disposed:false
816 http fetch GET 200 https://registry.npmjs.org/update-browserslist-db 313ms (cache revalidated)
817 silly packumentCache full:https://registry.npmjs.org/update-browserslist-db set size:62000 disposed:false
818 http fetch GET 200 https://registry.npmjs.org/baseline-browser-mapping 316ms (cache revalidated)
819 silly packumentCache full:https://registry.npmjs.org/baseline-browser-mapping set size:525476 disposed:false
820 http fetch GET 200 https://registry.npmjs.org/caniuse-lite 326ms (cache revalidated)
821 silly packumentCache full:https://registry.npmjs.org/caniuse-lite set size:2298935 disposed:false
822 silly placeDep ROOT @babel/helper-globals@8.0.0 OK for: @babel/traverse@8.0.0 want: ^8.0.0
823 silly placeDep ROOT @babel/helper-string-parser@8.0.0 OK for: @babel/types@8.0.0 want: ^8.0.0
824 silly fetch manifest react@*
825 silly packumentCache full:https://registry.npmjs.org/react cache-miss
826 http cache https://registry.npmjs.org/react 28ms (cache hit)
827 silly packumentCache full:https://registry.npmjs.org/react set size:6765208 disposed:false
828 silly fetch manifest react-dom@*
829 silly packumentCache full:https://registry.npmjs.org/react-dom cache-miss
830 http cache https://registry.npmjs.org/react-dom 38ms (cache hit)
831 silly packumentCache full:https://registry.npmjs.org/react-dom set size:9055010 disposed:false
832 silly placeDep ROOT sf-symbols-typescript@2.2.0 OK for: @expo/ui@57.0.3 want: ^2.1.0
833 silly placeDep ROOT vaul@1.1.2 OK for: @expo/ui@57.0.3 want: ^1.1.2
834 silly fetch manifest @radix-ui/react-dialog@^1.1.1
835 silly packumentCache full:https://registry.npmjs.org/@radix-ui%2freact-dialog cache-miss
836 http fetch GET 200 https://registry.npmjs.org/@radix-ui%2freact-dialog 370ms (cache miss)
837 silly packumentCache full:https://registry.npmjs.org/@radix-ui%2freact-dialog set size:undefined disposed:false
838 silly placeDep ROOT @jridgewell/sourcemap-codec@1.5.5 OK for: @jridgewell/gen-mapping@0.3.13 want: ^1.5.0
839 silly placeDep ROOT @jridgewell/resolve-uri@3.1.2 OK for: @jridgewell/trace-mapping@0.3.31 want: ^3.1.0
840 silly placeDep ROOT @react-native/js-polyfills@0.86.0 OK for: @react-native/metro-config@0.86.0 want: 0.86.0
841 silly placeDep ROOT @react-native/metro-babel-transformer@0.86.0 OK for: @react-native/metro-config@0.86.0 want: 0.86.0
842 silly placeDep ROOT metro-config@0.84.4 OK for: @react-native/metro-config@0.86.0 want: ^0.84.3
843 silly placeDep ROOT metro-runtime@0.84.4 OK for: @react-native/metro-config@0.86.0 want: ^0.84.3
844 silly fetch manifest @babel/core@^7.25.2
845 silly packumentCache full:https://registry.npmjs.org/@babel%2fcore cache-hit
846 silly fetch manifest hermes-parser@0.36.0
847 silly packumentCache full:https://registry.npmjs.org/hermes-parser cache-miss
848 silly fetch manifest @react-native/babel-preset@0.86.0
849 silly packumentCache full:https://registry.npmjs.org/@react-native%2fbabel-preset cache-miss
850 silly fetch manifest yaml@^2.6.1
851 silly packumentCache full:https://registry.npmjs.org/yaml cache-miss
852 silly fetch manifest metro@0.84.4
853 silly packumentCache full:https://registry.npmjs.org/metro cache-miss
854 silly fetch manifest connect@^3.6.5
855 silly packumentCache full:https://registry.npmjs.org/connect cache-miss
856 silly fetch manifest metro-core@0.84.4
857 silly packumentCache full:https://registry.npmjs.org/metro-core cache-miss
858 silly fetch manifest metro-cache@0.84.4
859 silly packumentCache full:https://registry.npmjs.org/metro-cache cache-miss
860 silly fetch manifest jest-validate@^29.7.0
861 silly packumentCache full:https://registry.npmjs.org/jest-validate cache-miss
862 silly fetch manifest metro-runtime@0.84.4
863 silly packumentCache full:https://registry.npmjs.org/metro-runtime cache-miss
864 silly fetch manifest @babel/runtime@^7.25.0
865 silly packumentCache full:https://registry.npmjs.org/@babel%2fruntime cache-miss
866 http cache https://registry.npmjs.org/@babel%2fruntime 34ms (cache hit)
867 silly packumentCache full:https://registry.npmjs.org/@babel%2fruntime set size:3471810 disposed:false
868 http cache https://registry.npmjs.org/metro-runtime 80ms (cache hit)
869 silly packumentCache full:https://registry.npmjs.org/metro-runtime set size:219529 disposed:false
870 http fetch GET 200 https://registry.npmjs.org/jest-validate 247ms (cache miss)
871 silly packumentCache full:https://registry.npmjs.org/jest-validate set size:undefined disposed:false
872 http fetch GET 200 https://registry.npmjs.org/hermes-parser 258ms (cache miss)
873 silly packumentCache full:https://registry.npmjs.org/hermes-parser set size:undefined disposed:false
874 http fetch GET 200 https://registry.npmjs.org/connect 277ms (cache miss)
875 silly packumentCache full:https://registry.npmjs.org/connect set size:undefined disposed:false
876 http fetch GET 200 https://registry.npmjs.org/metro-core 290ms (cache miss)
877 silly packumentCache full:https://registry.npmjs.org/metro-core set size:undefined disposed:false
878 http fetch GET 200 https://registry.npmjs.org/metro-cache 307ms (cache miss)
879 silly packumentCache full:https://registry.npmjs.org/metro-cache set size:undefined disposed:false
880 http fetch GET 200 https://registry.npmjs.org/yaml 321ms (cache revalidated)
881 silly packumentCache full:https://registry.npmjs.org/yaml set size:385754 disposed:false
882 http fetch GET 200 https://registry.npmjs.org/metro 349ms (cache miss)
883 silly packumentCache full:https://registry.npmjs.org/metro set size:undefined disposed:false
884 http fetch GET 200 https://registry.npmjs.org/@react-native%2fbabel-preset 387ms (cache miss)
885 silly packumentCache full:https://registry.npmjs.org/@react-native%2fbabel-preset set size:undefined disposed:false
886 silly placeDep node_modules/@react-native/metro-babel-transformer @babel/core@7.29.7 OK for: @react-native/metro-babel-transformer@0.86.0 want: ^7.25.2
887 silly placeDep ROOT @react-native/babel-preset@0.86.0 OK for: @react-native/metro-babel-transformer@0.86.0 want: 0.86.0
888 silly placeDep ROOT hermes-parser@0.36.0 OK for: @react-native/metro-babel-transformer@0.86.0 want: 0.36.0
889 silly placeDep ROOT nullthrows@1.1.1 OK for: @react-native/metro-babel-transformer@0.86.0 want: ^1.1.1
890 silly fetch manifest debug@^4.1.0
891 silly packumentCache full:https://registry.npmjs.org/debug cache-hit
892 silly fetch manifest semver@^6.3.1
893 silly packumentCache full:https://registry.npmjs.org/semver cache-hit
894 silly fetch manifest @babel/types@^7.29.7
895 silly packumentCache full:https://registry.npmjs.org/@babel%2ftypes cache-hit
896 silly fetch manifest @babel/parser@^7.29.7
897 silly packumentCache full:https://registry.npmjs.org/@babel%2fparser cache-hit
898 silly fetch manifest @babel/helpers@^7.29.7
899 silly packumentCache full:https://registry.npmjs.org/@babel%2fhelpers cache-hit
900 silly fetch manifest @babel/template@^7.29.7
901 silly packumentCache full:https://registry.npmjs.org/@babel%2ftemplate cache-hit
902 silly fetch manifest @babel/traverse@^7.29.7
903 silly packumentCache full:https://registry.npmjs.org/@babel%2ftraverse cache-hit
904 silly fetch manifest @babel/generator@^7.29.7
905 silly packumentCache full:https://registry.npmjs.org/@babel%2fgenerator cache-hit
906 silly fetch manifest @babel/code-frame@^7.29.7
907 silly packumentCache full:https://registry.npmjs.org/@babel%2fcode-frame cache-hit
908 silly fetch manifest @jridgewell/remapping@^2.3.5
909 silly packumentCache full:https://registry.npmjs.org/@jridgewell%2fremapping cache-miss
910 silly fetch manifest @babel/helper-module-transforms@^7.29.7
911 silly packumentCache full:https://registry.npmjs.org/@babel%2fhelper-module-transforms cache-miss
912 silly fetch manifest @babel/helper-compilation-targets@^7.29.7
913 silly packumentCache full:https://registry.npmjs.org/@babel%2fhelper-compilation-targets cache-hit
914 silly fetch manifest @babel/plugin-transform-for-of@^7.24.7
915 silly packumentCache full:https://registry.npmjs.org/@babel%2fplugin-transform-for-of cache-miss
916 silly fetch manifest @babel/plugin-transform-classes@^7.25.4
917 silly packumentCache full:https://registry.npmjs.org/@babel%2fplugin-transform-classes cache-miss
918 silly fetch manifest @babel/plugin-transform-runtime@^7.24.7
919 silly packumentCache full:https://registry.npmjs.org/@babel%2fplugin-transform-runtime cache-miss
920 silly fetch manifest @babel/plugin-transform-react-jsx@^7.25.2
921 silly packumentCache full:https://registry.npmjs.org/@babel%2fplugin-transform-react-jsx cache-miss
922 silly fetch manifest babel-plugin-transform-flow-enums@^0.0.2
923 silly packumentCache full:https://registry.npmjs.org/babel-plugin-transform-flow-enums cache-miss
924 silly fetch manifest @babel/plugin-transform-typescript@^7.25.2
925 silly packumentCache full:https://registry.npmjs.org/@babel%2fplugin-transform-typescript cache-miss
926 silly fetch manifest @react-native/babel-plugin-codegen@0.86.0
927 silly packumentCache full:https://registry.npmjs.org/@react-native%2fbabel-plugin-codegen cache-miss
928 silly fetch manifest @babel/plugin-syntax-dynamic-import@^7.8.3
929 silly packumentCache full:https://registry.npmjs.org/@babel%2fplugin-syntax-dynamic-import cache-miss
930 silly fetch manifest @babel/plugin-transform-regenerator@^7.24.7
931 silly packumentCache full:https://registry.npmjs.org/@babel%2fplugin-transform-regenerator cache-miss
932 silly fetch manifest @babel/plugin-transform-block-scoping@^7.25.0
933 silly packumentCache full:https://registry.npmjs.org/@babel%2fplugin-transform-block-scoping cache-miss
934 silly fetch manifest @babel/plugin-transform-destructuring@^7.24.8
935 silly packumentCache full:https://registry.npmjs.org/@babel%2fplugin-transform-destructuring cache-miss
936 silly fetch manifest @babel/plugin-transform-unicode-regex@^7.24.7
937 silly packumentCache full:https://registry.npmjs.org/@babel%2fplugin-transform-unicode-regex cache-miss
938 silly fetch manifest @babel/plugin-syntax-optional-chaining@^7.8.3
939 silly packumentCache full:https://registry.npmjs.org/@babel%2fplugin-syntax-optional-chaining cache-miss
940 silly fetch manifest @babel/plugin-transform-react-jsx-self@^7.24.7
941 silly packumentCache full:https://registry.npmjs.org/@babel%2fplugin-transform-react-jsx-self cache-miss
942 silly fetch manifest @babel/plugin-transform-private-methods@^7.24.7
943 silly packumentCache full:https://registry.npmjs.org/@babel%2fplugin-transform-private-methods cache-miss
944 silly fetch manifest @babel/plugin-syntax-export-default-from@^7.24.7
945 silly packumentCache full:https://registry.npmjs.org/@babel%2fplugin-syntax-export-default-from cache-miss
946 silly fetch manifest @babel/plugin-transform-class-properties@^7.25.4
947 silly packumentCache full:https://registry.npmjs.org/@babel%2fplugin-transform-class-properties cache-miss
948 http cache https://registry.npmjs.org/@babel%2fplugin-transform-unicode-regex 31ms (cache hit)
949 silly packumentCache full:https://registry.npmjs.org/@babel%2fplugin-transform-unicode-regex set size:220918 disposed:false
950 silly fetch manifest @babel/plugin-transform-flow-strip-types@^7.25.2
951 silly packumentCache full:https://registry.npmjs.org/@babel%2fplugin-transform-flow-strip-types cache-miss
952 http cache https://registry.npmjs.org/@babel%2fplugin-transform-classes 51ms (cache hit)
953 silly packumentCache full:https://registry.npmjs.org/@babel%2fplugin-transform-classes set size:340016 disposed:false
954 silly fetch manifest @babel/plugin-transform-modules-commonjs@^7.24.8
955 silly packumentCache full:https://registry.npmjs.org/@babel%2fplugin-transform-modules-commonjs cache-miss
956 http cache https://registry.npmjs.org/@babel%2fplugin-transform-class-properties 43ms (cache hit)
957 silly packumentCache full:https://registry.npmjs.org/@babel%2fplugin-transform-class-properties set size:95240 disposed:false
958 silly fetch manifest @babel/plugin-transform-react-jsx-source@^7.24.7
959 silly packumentCache full:https://registry.npmjs.org/@babel%2fplugin-transform-react-jsx-source cache-miss
960 http fetch GET 200 https://registry.npmjs.org/babel-plugin-transform-flow-enums 260ms (cache miss)
961 silly packumentCache full:https://registry.npmjs.org/babel-plugin-transform-flow-enums set size:undefined disposed:false
962 silly fetch manifest @babel/plugin-transform-optional-chaining@^7.24.8
963 silly packumentCache full:https://registry.npmjs.org/@babel%2fplugin-transform-optional-chaining cache-miss
964 http fetch GET 200 https://registry.npmjs.org/@babel%2fplugin-transform-block-scoping 261ms (cache miss)
965 silly packumentCache full:https://registry.npmjs.org/@babel%2fplugin-transform-block-scoping set size:undefined disposed:false
966 silly fetch manifest @babel/plugin-proposal-export-default-from@^7.24.7
967 silly packumentCache full:https://registry.npmjs.org/@babel%2fplugin-proposal-export-default-from cache-miss
968 http fetch GET 200 https://registry.npmjs.org/@babel%2fplugin-syntax-dynamic-import 302ms (cache miss)
969 silly packumentCache full:https://registry.npmjs.org/@babel%2fplugin-syntax-dynamic-import set size:undefined disposed:false
970 silly fetch manifest @babel/plugin-transform-async-to-generator@^7.24.7
971 silly packumentCache full:https://registry.npmjs.org/@babel%2fplugin-transform-async-to-generator cache-miss
972 http cache https://registry.npmjs.org/@babel%2fplugin-transform-optional-chaining 45ms (cache hit)
973 silly packumentCache full:https://registry.npmjs.org/@babel%2fplugin-transform-optional-chaining set size:118753 disposed:false
974 silly fetch manifest @babel/plugin-transform-react-display-name@^7.24.7
975 silly packumentCache full:https://registry.npmjs.org/@babel%2fplugin-transform-react-display-name cache-miss
976 http fetch GET 200 https://registry.npmjs.org/@babel%2fplugin-transform-react-jsx 326ms (cache miss)
977 silly packumentCache full:https://registry.npmjs.org/@babel%2fplugin-transform-react-jsx set size:undefined disposed:false
978 silly fetch manifest @babel/plugin-transform-optional-catch-binding@^7.24.7
979 silly packumentCache full:https://registry.npmjs.org/@babel%2fplugin-transform-optional-catch-binding cache-miss
980 http fetch GET 200 https://registry.npmjs.org/@babel%2fplugin-transform-runtime 335ms (cache miss)
981 silly packumentCache full:https://registry.npmjs.org/@babel%2fplugin-transform-runtime set size:undefined disposed:false
982 silly fetch manifest @babel/plugin-syntax-nullish-coalescing-operator@^7.8.3
983 silly packumentCache full:https://registry.npmjs.org/@babel%2fplugin-syntax-nullish-coalescing-operator cache-miss
984 http fetch GET 200 https://registry.npmjs.org/@babel%2fplugin-syntax-export-default-from 326ms (cache miss)
985 silly packumentCache full:https://registry.npmjs.org/@babel%2fplugin-syntax-export-default-from set size:undefined disposed:false
986 silly fetch manifest @babel/plugin-transform-async-generator-functions@^7.25.4
987 silly packumentCache full:https://registry.npmjs.org/@babel%2fplugin-transform-async-generator-functions cache-miss
988 http fetch GET 200 https://registry.npmjs.org/@babel%2fplugin-transform-private-methods 334ms (cache miss)
989 silly packumentCache full:https://registry.npmjs.org/@babel%2fplugin-transform-private-methods set size:undefined disposed:false
990 silly fetch manifest @babel/plugin-transform-private-property-in-object@^7.24.7
991 silly packumentCache full:https://registry.npmjs.org/@babel%2fplugin-transform-private-property-in-object cache-miss
992 http fetch GET 200 https://registry.npmjs.org/@babel%2fplugin-transform-regenerator 342ms (cache miss)
993 silly packumentCache full:https://registry.npmjs.org/@babel%2fplugin-transform-regenerator set size:undefined disposed:false
994 silly fetch manifest @babel/plugin-transform-nullish-coalescing-operator@^7.24.7
995 silly packumentCache full:https://registry.npmjs.org/@babel%2fplugin-transform-nullish-coalescing-operator cache-miss
996 http fetch GET 200 https://registry.npmjs.org/@babel%2fplugin-transform-for-of 365ms (cache miss)
997 silly packumentCache full:https://registry.npmjs.org/@babel%2fplugin-transform-for-of set size:undefined disposed:false
998 silly fetch manifest @babel/plugin-transform-named-capturing-groups-regex@^7.24.7
999 silly packumentCache full:https://registry.npmjs.org/@babel%2fplugin-transform-named-capturing-groups-regex cache-miss
1000 http fetch GET 200 https://registry.npmjs.org/@babel%2fplugin-transform-destructuring 354ms (cache miss)
1001 silly packumentCache full:https://registry.npmjs.org/@babel%2fplugin-transform-destructuring set size:undefined disposed:false
1002 silly fetch manifest hermes-estree@0.36.0
1003 silly packumentCache full:https://registry.npmjs.org/hermes-estree cache-miss
1004 http fetch GET 200 https://registry.npmjs.org/@babel%2fplugin-syntax-optional-chaining 358ms (cache miss)
1005 silly packumentCache full:https://registry.npmjs.org/@babel%2fplugin-syntax-optional-chaining set size:undefined disposed:false
1006 http fetch GET 200 https://registry.npmjs.org/@babel%2fplugin-transform-react-jsx-self 365ms (cache miss)
1007 silly packumentCache full:https://registry.npmjs.org/@babel%2fplugin-transform-react-jsx-self set size:undefined disposed:false
1008 http cache https://registry.npmjs.org/@babel%2fplugin-transform-nullish-coalescing-operator 27ms (cache hit)
1009 silly packumentCache full:https://registry.npmjs.org/@babel%2fplugin-transform-nullish-coalescing-operator set size:100915 disposed:false
1010 http fetch GET 200 https://registry.npmjs.org/@babel%2fplugin-transform-flow-strip-types 351ms (cache miss)
1011 silly packumentCache full:https://registry.npmjs.org/@babel%2fplugin-transform-flow-strip-types set size:undefined disposed:false
1012 http fetch GET 200 https://registry.npmjs.org/@babel%2fplugin-transform-typescript 422ms (cache miss)
1013 silly packumentCache full:https://registry.npmjs.org/@babel%2fplugin-transform-typescript set size:undefined disposed:false
1014 http fetch GET 200 https://registry.npmjs.org/@react-native%2fbabel-plugin-codegen 438ms (cache miss)
1015 silly packumentCache full:https://registry.npmjs.org/@react-native%2fbabel-plugin-codegen set size:undefined disposed:false
1016 http fetch GET 200 https://registry.npmjs.org/@babel%2fplugin-transform-react-jsx-source 428ms (cache miss)
1017 silly packumentCache full:https://registry.npmjs.org/@babel%2fplugin-transform-react-jsx-source set size:undefined disposed:false
1018 http fetch GET 200 https://registry.npmjs.org/@jridgewell%2fremapping 547ms (cache revalidated)
1019 silly packumentCache full:https://registry.npmjs.org/@jridgewell%2fremapping set size:23809 disposed:false
1020 http fetch GET 200 https://registry.npmjs.org/@babel%2fhelper-module-transforms 548ms (cache revalidated)
1021 silly packumentCache full:https://registry.npmjs.org/@babel%2fhelper-module-transforms set size:346454 disposed:false
1022 http fetch GET 200 https://registry.npmjs.org/@babel%2fplugin-transform-modules-commonjs 499ms (cache revalidated)
1023 silly packumentCache full:https://registry.npmjs.org/@babel%2fplugin-transform-modules-commonjs set size:313445 disposed:false
1024 http fetch GET 200 https://registry.npmjs.org/@babel%2fplugin-proposal-export-default-from 291ms (cache miss)
1025 silly packumentCache full:https://registry.npmjs.org/@babel%2fplugin-proposal-export-default-from set size:undefined disposed:false
1026 http fetch GET 200 https://registry.npmjs.org/@babel%2fplugin-transform-async-to-generator 256ms (cache miss)
1027 silly packumentCache full:https://registry.npmjs.org/@babel%2fplugin-transform-async-to-generator set size:undefined disposed:false
1028 http fetch GET 200 https://registry.npmjs.org/@babel%2fplugin-transform-react-display-name 259ms (cache miss)
1029 silly packumentCache full:https://registry.npmjs.org/@babel%2fplugin-transform-react-display-name set size:undefined disposed:false
1030 http fetch GET 200 https://registry.npmjs.org/@babel%2fplugin-transform-optional-catch-binding 272ms (cache miss)
1031 silly packumentCache full:https://registry.npmjs.org/@babel%2fplugin-transform-optional-catch-binding set size:undefined disposed:false
1032 http fetch GET 200 https://registry.npmjs.org/@babel%2fplugin-transform-async-generator-functions 274ms (cache miss)
1033 silly packumentCache full:https://registry.npmjs.org/@babel%2fplugin-transform-async-generator-functions set size:undefined disposed:false
1034 http fetch GET 200 https://registry.npmjs.org/@babel%2fplugin-transform-private-property-in-object 278ms (cache miss)
1035 silly packumentCache full:https://registry.npmjs.org/@babel%2fplugin-transform-private-property-in-object set size:undefined disposed:false
1036 http fetch GET 200 https://registry.npmjs.org/@babel%2fplugin-syntax-nullish-coalescing-operator 292ms (cache miss)
1037 silly packumentCache full:https://registry.npmjs.org/@babel%2fplugin-syntax-nullish-coalescing-operator set size:undefined disposed:false
1038 http fetch GET 200 https://registry.npmjs.org/hermes-estree 268ms (cache miss)
1039 silly packumentCache full:https://registry.npmjs.org/hermes-estree set size:undefined disposed:false
1040 http fetch GET 200 https://registry.npmjs.org/@babel%2fplugin-transform-named-capturing-groups-regex 309ms (cache miss)
1041 silly packumentCache full:https://registry.npmjs.org/@babel%2fplugin-transform-named-capturing-groups-regex set size:undefined disposed:false
1042 silly placeDep node_modules/@react-native/babel-preset @babel/core@7.29.7 OK for: @react-native/babel-preset@0.86.0 want: ^7.25.2
1043 silly placeDep ROOT @babel/plugin-proposal-export-default-from@7.29.7 OK for: @react-native/babel-preset@0.86.0 want: ^7.24.7
1044 silly placeDep ROOT @babel/core@7.29.7 REPLACE for: @babel/plugin-proposal-export-default-from@7.29.7 want: ^7.0.0-0
1045 silly placeDep ROOT @babel/plugin-syntax-dynamic-import@7.8.3 OK for: @react-native/babel-preset@0.86.0 want: ^7.8.3
1046 silly placeDep ROOT @babel/plugin-syntax-export-default-from@7.29.7 OK for: @react-native/babel-preset@0.86.0 want: ^7.24.7
1047 silly placeDep ROOT @babel/plugin-syntax-nullish-coalescing-operator@7.8.3 OK for: @react-native/babel-preset@0.86.0 want: ^7.8.3
1048 silly placeDep ROOT @babel/plugin-syntax-optional-chaining@7.8.3 OK for: @react-native/babel-preset@0.86.0 want: ^7.8.3
1049 silly placeDep ROOT @babel/plugin-transform-async-generator-functions@7.29.7 OK for: @react-native/babel-preset@0.86.0 want: ^7.25.4
1050 silly placeDep ROOT @babel/plugin-transform-async-to-generator@7.29.7 OK for: @react-native/babel-preset@0.86.0 want: ^7.24.7
1051 silly placeDep ROOT @babel/plugin-transform-block-scoping@7.29.7 OK for: @react-native/babel-preset@0.86.0 want: ^7.25.0
1052 silly placeDep ROOT @babel/plugin-transform-class-properties@7.29.7 OK for: @react-native/babel-preset@0.86.0 want: ^7.25.4
1053 silly placeDep ROOT @babel/plugin-transform-classes@7.29.7 OK for: @react-native/babel-preset@0.86.0 want: ^7.25.4
1054 silly placeDep ROOT @babel/plugin-transform-destructuring@7.29.7 OK for: @react-native/babel-preset@0.86.0 want: ^7.24.8
1055 silly placeDep ROOT @babel/plugin-transform-flow-strip-types@7.29.7 OK for: @react-native/babel-preset@0.86.0 want: ^7.25.2
1056 silly placeDep ROOT @babel/plugin-transform-for-of@7.29.7 OK for: @react-native/babel-preset@0.86.0 want: ^7.24.7
1057 silly placeDep ROOT @babel/plugin-transform-modules-commonjs@7.29.7 OK for: @react-native/babel-preset@0.86.0 want: ^7.24.8
1058 silly placeDep ROOT @babel/plugin-transform-named-capturing-groups-regex@7.29.7 OK for: @react-native/babel-preset@0.86.0 want: ^7.24.7
1059 silly placeDep ROOT @babel/plugin-transform-nullish-coalescing-operator@7.29.7 OK for: @react-native/babel-preset@0.86.0 want: ^7.24.7
1060 silly placeDep ROOT @babel/plugin-transform-optional-catch-binding@7.29.7 OK for: @react-native/babel-preset@0.86.0 want: ^7.24.7
1061 silly placeDep ROOT @babel/plugin-transform-optional-chaining@7.29.7 OK for: @react-native/babel-preset@0.86.0 want: ^7.24.8
1062 silly placeDep ROOT @babel/plugin-transform-private-methods@7.29.7 OK for: @react-native/babel-preset@0.86.0 want: ^7.24.7
1063 silly placeDep ROOT @babel/plugin-transform-private-property-in-object@7.29.7 OK for: @react-native/babel-preset@0.86.0 want: ^7.24.7
1064 silly placeDep ROOT @babel/plugin-transform-react-display-name@7.29.7 OK for: @react-native/babel-preset@0.86.0 want: ^7.24.7
1065 silly placeDep ROOT @babel/plugin-transform-react-jsx@7.29.7 OK for: @react-native/babel-preset@0.86.0 want: ^7.25.2
1066 silly placeDep ROOT @babel/plugin-transform-react-jsx-self@7.29.7 OK for: @react-native/babel-preset@0.86.0 want: ^7.24.7
1067 silly placeDep ROOT @babel/plugin-transform-react-jsx-source@7.29.7 OK for: @react-native/babel-preset@0.86.0 want: ^7.24.7
1068 silly placeDep ROOT @babel/plugin-transform-regenerator@7.29.7 OK for: @react-native/babel-preset@0.86.0 want: ^7.24.7
1069 silly placeDep ROOT @babel/plugin-transform-runtime@7.29.7 OK for: @react-native/babel-preset@0.86.0 want: ^7.24.7
1070 silly placeDep ROOT @babel/plugin-transform-typescript@7.29.7 OK for: @react-native/babel-preset@0.86.0 want: ^7.25.2
1071 silly placeDep ROOT @babel/plugin-transform-unicode-regex@7.29.7 OK for: @react-native/babel-preset@0.86.0 want: ^7.24.7
1072 silly placeDep ROOT @react-native/babel-plugin-codegen@0.86.0 OK for: @react-native/babel-preset@0.86.0 want: 0.86.0
1073 silly placeDep ROOT babel-plugin-syntax-hermes-parser@0.36.0 OK for: @react-native/babel-preset@0.86.0 want: 0.36.0
1074 silly placeDep ROOT babel-plugin-transform-flow-enums@0.0.2 OK for: @react-native/babel-preset@0.86.0 want: ^0.0.2
1075 silly placeDep ROOT react-refresh@0.14.2 OK for: @react-native/babel-preset@0.86.0 want: ^0.14.0
1076 silly fetch manifest @babel/helper-plugin-utils@^7.29.7
1077 silly packumentCache full:https://registry.npmjs.org/@babel%2fhelper-plugin-utils cache-miss
1078 silly fetch manifest @babel/helper-plugin-utils@^7.8.0
1079 silly packumentCache full:https://registry.npmjs.org/@babel%2fhelper-plugin-utils cache-miss
1080 silly fetch manifest @babel/helper-plugin-utils@^7.29.7
1081 silly packumentCache full:https://registry.npmjs.org/@babel%2fhelper-plugin-utils cache-miss
1082 silly fetch manifest @babel/helper-plugin-utils@^7.8.0
1083 silly packumentCache full:https://registry.npmjs.org/@babel%2fhelper-plugin-utils cache-miss
1084 silly fetch manifest @babel/helper-plugin-utils@^7.8.0
1085 silly packumentCache full:https://registry.npmjs.org/@babel%2fhelper-plugin-utils cache-miss
1086 silly fetch manifest @babel/helper-plugin-utils@^7.29.7
1087 silly packumentCache full:https://registry.npmjs.org/@babel%2fhelper-plugin-utils cache-miss
1088 silly fetch manifest @babel/helper-remap-async-to-generator@^7.29.7
1089 silly packumentCache full:https://registry.npmjs.org/@babel%2fhelper-remap-async-to-generator cache-miss
1090 silly fetch manifest @babel/helper-plugin-utils@^7.29.7
1091 silly packumentCache full:https://registry.npmjs.org/@babel%2fhelper-plugin-utils cache-miss
1092 silly fetch manifest @babel/helper-module-imports@^7.29.7
1093 silly packumentCache full:https://registry.npmjs.org/@babel%2fhelper-module-imports cache-miss
1094 silly fetch manifest @babel/helper-remap-async-to-generator@^7.29.7
1095 silly packumentCache full:https://registry.npmjs.org/@babel%2fhelper-remap-async-to-generator cache-miss
1096 silly fetch manifest @babel/helper-plugin-utils@^7.29.7
1097 silly packumentCache full:https://registry.npmjs.org/@babel%2fhelper-plugin-utils cache-miss
1098 silly fetch manifest @babel/helper-plugin-utils@^7.29.7
1099 silly packumentCache full:https://registry.npmjs.org/@babel%2fhelper-plugin-utils cache-miss
1100 silly fetch manifest @babel/helper-create-class-features-plugin@^7.29.7
1101 silly packumentCache full:https://registry.npmjs.org/@babel%2fhelper-create-class-features-plugin cache-miss
1102 silly fetch manifest @babel/helper-globals@^7.29.7
1103 silly packumentCache full:https://registry.npmjs.org/@babel%2fhelper-globals cache-hit
1104 silly fetch manifest @babel/helper-plugin-utils@^7.29.7
1105 silly packumentCache full:https://registry.npmjs.org/@babel%2fhelper-plugin-utils cache-miss
1106 silly fetch manifest @babel/helper-replace-supers@^7.29.7
1107 silly packumentCache full:https://registry.npmjs.org/@babel%2fhelper-replace-supers cache-miss
1108 silly fetch manifest @babel/helper-annotate-as-pure@^7.29.7
1109 silly packumentCache full:https://registry.npmjs.org/@babel%2fhelper-annotate-as-pure cache-miss
1110 silly fetch manifest @babel/helper-plugin-utils@^7.29.7
1111 silly packumentCache full:https://registry.npmjs.org/@babel%2fhelper-plugin-utils cache-miss
1112 silly fetch manifest @babel/plugin-syntax-flow@^7.29.7
1113 silly packumentCache full:https://registry.npmjs.org/@babel%2fplugin-syntax-flow cache-miss
1114 silly fetch manifest @babel/helper-plugin-utils@^7.29.7
1115 silly packumentCache full:https://registry.npmjs.org/@babel%2fhelper-plugin-utils cache-miss
1116 http fetch GET 200 https://registry.npmjs.org/@babel%2fhelper-annotate-as-pure 235ms (cache miss)
1117 silly packumentCache full:https://registry.npmjs.org/@babel%2fhelper-annotate-as-pure set size:undefined disposed:false
1118 silly fetch manifest @babel/helper-plugin-utils@^7.29.7
1119 silly packumentCache full:https://registry.npmjs.org/@babel%2fhelper-plugin-utils cache-miss
1120 http fetch GET 200 https://registry.npmjs.org/@babel%2fhelper-replace-supers 349ms (cache miss)
1121 silly packumentCache full:https://registry.npmjs.org/@babel%2fhelper-replace-supers set size:undefined disposed:false
1122 silly fetch manifest @babel/helper-skip-transparent-expression-wrappers@^7.29.7
1123 silly packumentCache full:https://registry.npmjs.org/@babel%2fhelper-skip-transparent-expression-wrappers cache-miss
1124 http fetch GET 200 https://registry.npmjs.org/@babel%2fplugin-syntax-flow 355ms (cache miss)
1125 silly packumentCache full:https://registry.npmjs.org/@babel%2fplugin-syntax-flow set size:undefined disposed:false
1126 silly fetch manifest @babel/helper-plugin-utils@^7.29.7
1127 silly packumentCache full:https://registry.npmjs.org/@babel%2fhelper-plugin-utils cache-miss
1128 http fetch GET 200 https://registry.npmjs.org/@babel%2fhelper-remap-async-to-generator 365ms (cache miss)
1129 silly packumentCache full:https://registry.npmjs.org/@babel%2fhelper-remap-async-to-generator set size:undefined disposed:false
1130 silly fetch manifest @babel/helper-plugin-utils@^7.29.7
1131 silly packumentCache full:https://registry.npmjs.org/@babel%2fhelper-plugin-utils cache-miss
1132 http fetch GET 200 https://registry.npmjs.org/@babel%2fhelper-remap-async-to-generator 373ms (cache miss)
1133 silly packumentCache full:https://registry.npmjs.org/@babel%2fhelper-remap-async-to-generator set size:undefined disposed:false
1134 silly fetch manifest @babel/helper-create-regexp-features-plugin@^7.29.7
1135 silly packumentCache full:https://registry.npmjs.org/@babel%2fhelper-create-regexp-features-plugin cache-miss
1136 http fetch GET 200 https://registry.npmjs.org/@babel%2fhelper-create-class-features-plugin 378ms (cache miss)
1137 silly packumentCache full:https://registry.npmjs.org/@babel%2fhelper-create-class-features-plugin set size:undefined disposed:false
1138 silly fetch manifest @babel/helper-plugin-utils@^7.29.7
1139 silly packumentCache full:https://registry.npmjs.org/@babel%2fhelper-plugin-utils cache-miss
1140 http fetch GET 200 https://registry.npmjs.org/@babel%2fhelper-plugin-utils 393ms (cache revalidated)
1141 silly packumentCache full:https://registry.npmjs.org/@babel%2fhelper-plugin-utils set size:175564 disposed:false
1142 silly fetch manifest @babel/helper-skip-transparent-expression-wrappers@^7.29.7
1143 silly packumentCache full:https://registry.npmjs.org/@babel%2fhelper-skip-transparent-expression-wrappers cache-miss
1144 http fetch GET 200 https://registry.npmjs.org/@babel%2fhelper-plugin-utils 400ms (cache revalidated)
1145 silly packumentCache full:https://registry.npmjs.org/@babel%2fhelper-plugin-utils set size:175564 disposed:false
1146 silly packumentCache full:https://registry.npmjs.org/@babel%2fhelper-plugin-utils dispose
1147 silly fetch manifest @babel/plugin-syntax-jsx@^7.29.7
1148 silly packumentCache full:https://registry.npmjs.org/@babel%2fplugin-syntax-jsx cache-miss
1149 http fetch GET 200 https://registry.npmjs.org/@babel%2fhelper-plugin-utils 410ms (cache revalidated)
1150 silly packumentCache full:https://registry.npmjs.org/@babel%2fhelper-plugin-utils set size:175564 disposed:true
1151 silly packumentCache full:https://registry.npmjs.org/@babel%2fhelper-plugin-utils dispose
1152 silly fetch manifest @babel/helper-module-imports@^7.29.7
1153 silly packumentCache full:https://registry.npmjs.org/@babel%2fhelper-module-imports cache-miss
1154 http fetch GET 200 https://registry.npmjs.org/@babel%2fhelper-plugin-utils 415ms (cache revalidated)
1155 silly packumentCache full:https://registry.npmjs.org/@babel%2fhelper-plugin-utils set size:175564 disposed:true
1156 silly packumentCache full:https://registry.npmjs.org/@babel%2fhelper-plugin-utils dispose
1157 silly fetch manifest @babel/helper-module-imports@^7.29.7
1158 silly packumentCache full:https://registry.npmjs.org/@babel%2fhelper-module-imports cache-miss
1159 http fetch GET 200 https://registry.npmjs.org/@babel%2fhelper-plugin-utils 410ms (cache revalidated)
1160 silly packumentCache full:https://registry.npmjs.org/@babel%2fhelper-plugin-utils set size:175564 disposed:true
1161 silly packumentCache full:https://registry.npmjs.org/@babel%2fhelper-plugin-utils dispose
1162 silly fetch manifest babel-plugin-polyfill-corejs2@^0.4.14
1163 silly packumentCache full:https://registry.npmjs.org/babel-plugin-polyfill-corejs2 cache-miss
1164 http fetch GET 200 https://registry.npmjs.org/@babel%2fhelper-plugin-utils 422ms (cache revalidated)
1165 silly packumentCache full:https://registry.npmjs.org/@babel%2fhelper-plugin-utils set size:175564 disposed:true
1166 silly packumentCache full:https://registry.npmjs.org/@babel%2fhelper-plugin-utils dispose
1167 silly fetch manifest babel-plugin-polyfill-corejs3@^0.13.0
1168 silly packumentCache full:https://registry.npmjs.org/babel-plugin-polyfill-corejs3 cache-miss
1169 http fetch GET 200 https://registry.npmjs.org/@babel%2fhelper-plugin-utils 425ms (cache revalidated)
1170 silly packumentCache full:https://registry.npmjs.org/@babel%2fhelper-plugin-utils set size:175564 disposed:true
1171 silly packumentCache full:https://registry.npmjs.org/@babel%2fhelper-plugin-utils dispose
1172 silly fetch manifest babel-plugin-polyfill-regenerator@^0.6.5
1173 silly packumentCache full:https://registry.npmjs.org/babel-plugin-polyfill-regenerator cache-miss
1174 http fetch GET 200 https://registry.npmjs.org/@babel%2fhelper-plugin-utils 431ms (cache revalidated)
1175 silly packumentCache full:https://registry.npmjs.org/@babel%2fhelper-plugin-utils set size:175564 disposed:true
1176 silly packumentCache full:https://registry.npmjs.org/@babel%2fhelper-plugin-utils dispose
1177 silly fetch manifest @babel/plugin-syntax-typescript@^7.29.7
1178 silly packumentCache full:https://registry.npmjs.org/@babel%2fplugin-syntax-typescript cache-miss
1179 http fetch GET 200 https://registry.npmjs.org/@babel%2fhelper-plugin-utils 446ms (cache revalidated)
1180 silly packumentCache full:https://registry.npmjs.org/@babel%2fhelper-plugin-utils set size:175564 disposed:true
1181 silly packumentCache full:https://registry.npmjs.org/@babel%2fhelper-plugin-utils dispose
1182 silly fetch manifest @babel/helper-skip-transparent-expression-wrappers@^7.29.7
1183 silly packumentCache full:https://registry.npmjs.org/@babel%2fhelper-skip-transparent-expression-wrappers cache-miss
1184 http fetch GET 200 https://registry.npmjs.org/@babel%2fhelper-module-imports 448ms (cache revalidated)
1185 silly packumentCache full:https://registry.npmjs.org/@babel%2fhelper-module-imports set size:203392 disposed:false
1186 silly fetch manifest @babel/helper-create-regexp-features-plugin@^7.29.7
1187 silly packumentCache full:https://registry.npmjs.org/@babel%2fhelper-create-regexp-features-plugin cache-miss
1188 http cache https://registry.npmjs.org/@babel%2fhelper-plugin-utils 73ms (cache hit)
1189 silly packumentCache full:https://registry.npmjs.org/@babel%2fhelper-plugin-utils set size:175564 disposed:true
1190 silly packumentCache full:https://registry.npmjs.org/@babel%2fhelper-plugin-utils dispose
1191 silly fetch manifest @babel/traverse@^7.29.0
1192 silly packumentCache full:https://registry.npmjs.org/@babel%2ftraverse cache-hit
1193 silly fetch manifest @babel/plugin-syntax-flow@^7.12.1
1194 silly packumentCache full:https://registry.npmjs.org/@babel%2fplugin-syntax-flow cache-miss
1195 http fetch GET 200 https://registry.npmjs.org/@babel%2fhelper-plugin-utils 466ms (cache revalidated)
1196 silly packumentCache full:https://registry.npmjs.org/@babel%2fhelper-plugin-utils set size:175564 disposed:true
1197 silly packumentCache full:https://registry.npmjs.org/@babel%2fhelper-plugin-utils dispose
1198 http cache https://registry.npmjs.org/@babel%2fplugin-syntax-flow 12ms (cache hit)
1199 silly packumentCache full:https://registry.npmjs.org/@babel%2fplugin-syntax-flow set size:201006 disposed:false
1200 http fetch GET 200 https://registry.npmjs.org/@babel%2fhelper-plugin-utils 479ms (cache revalidated)
1201 silly packumentCache full:https://registry.npmjs.org/@babel%2fhelper-plugin-utils set size:175564 disposed:true
1202 silly packumentCache full:https://registry.npmjs.org/@babel%2fhelper-plugin-utils dispose
1203 http fetch GET 200 https://registry.npmjs.org/@babel%2fhelper-plugin-utils 249ms (cache revalidated)
1204 silly packumentCache full:https://registry.npmjs.org/@babel%2fhelper-plugin-utils set size:175564 disposed:true
1205 silly packumentCache full:https://registry.npmjs.org/@babel%2fhelper-plugin-utils dispose
1206 http fetch GET 200 https://registry.npmjs.org/@babel%2fhelper-plugin-utils 499ms (cache revalidated)
1207 silly packumentCache full:https://registry.npmjs.org/@babel%2fhelper-plugin-utils set size:175564 disposed:true
1208 silly packumentCache full:https://registry.npmjs.org/@babel%2fhelper-plugin-utils dispose
1209 http fetch GET 200 https://registry.npmjs.org/@babel%2fhelper-skip-transparent-expression-wrappers 225ms (cache miss)
1210 silly packumentCache full:https://registry.npmjs.org/@babel%2fhelper-skip-transparent-expression-wrappers set size:undefined disposed:false
1211 http fetch GET 200 https://registry.npmjs.org/@babel%2fhelper-skip-transparent-expression-wrappers 236ms (cache miss)
1212 silly packumentCache full:https://registry.npmjs.org/@babel%2fhelper-skip-transparent-expression-wrappers set size:undefined disposed:false
1213 http fetch GET 200 https://registry.npmjs.org/@babel%2fhelper-create-regexp-features-plugin 264ms (cache miss)
1214 silly packumentCache full:https://registry.npmjs.org/@babel%2fhelper-create-regexp-features-plugin set size:undefined disposed:false
1215 http fetch GET 200 https://registry.npmjs.org/babel-plugin-polyfill-corejs2 238ms (cache miss)
1216 silly packumentCache full:https://registry.npmjs.org/babel-plugin-polyfill-corejs2 set size:undefined disposed:false
1217 http fetch GET 200 https://registry.npmjs.org/babel-plugin-polyfill-regenerator 247ms (cache miss)
1218 silly packumentCache full:https://registry.npmjs.org/babel-plugin-polyfill-regenerator set size:undefined disposed:false
1219 http fetch GET 200 https://registry.npmjs.org/@babel%2fhelper-skip-transparent-expression-wrappers 233ms (cache miss)
1220 silly packumentCache full:https://registry.npmjs.org/@babel%2fhelper-skip-transparent-expression-wrappers set size:undefined disposed:false
1221 http fetch GET 200 https://registry.npmjs.org/@babel%2fhelper-create-regexp-features-plugin 233ms (cache miss)
1222 silly packumentCache full:https://registry.npmjs.org/@babel%2fhelper-create-regexp-features-plugin set size:undefined disposed:false
1223 http fetch GET 200 https://registry.npmjs.org/@babel%2fplugin-syntax-jsx 288ms (cache miss)
1224 silly packumentCache full:https://registry.npmjs.org/@babel%2fplugin-syntax-jsx set size:undefined disposed:false
1225 http fetch GET 200 https://registry.npmjs.org/@babel%2fhelper-plugin-utils 329ms (cache revalidated)
1226 silly packumentCache full:https://registry.npmjs.org/@babel%2fhelper-plugin-utils set size:175564 disposed:true
1227 silly packumentCache full:https://registry.npmjs.org/@babel%2fhelper-plugin-utils dispose
1228 http fetch GET 200 https://registry.npmjs.org/@babel%2fhelper-plugin-utils 331ms (cache revalidated)
1229 silly packumentCache full:https://registry.npmjs.org/@babel%2fhelper-plugin-utils set size:175564 disposed:true
1230 silly packumentCache full:https://registry.npmjs.org/@babel%2fhelper-plugin-utils dispose
1231 http fetch GET 200 https://registry.npmjs.org/babel-plugin-polyfill-corejs3 291ms (cache miss)
1232 silly packumentCache full:https://registry.npmjs.org/babel-plugin-polyfill-corejs3 set size:undefined disposed:false
1233 http fetch GET 200 https://registry.npmjs.org/@babel%2fhelper-module-imports 308ms (cache revalidated)
1234 silly packumentCache full:https://registry.npmjs.org/@babel%2fhelper-module-imports set size:203392 disposed:false
1235 silly packumentCache full:https://registry.npmjs.org/@babel%2fhelper-module-imports dispose
1236 http fetch GET 200 https://registry.npmjs.org/@babel%2fhelper-module-imports 307ms (cache revalidated)
1237 silly packumentCache full:https://registry.npmjs.org/@babel%2fhelper-module-imports set size:203392 disposed:true
1238 silly packumentCache full:https://registry.npmjs.org/@babel%2fhelper-module-imports dispose
1239 http fetch GET 200 https://registry.npmjs.org/@babel%2fplugin-syntax-typescript 296ms (cache miss)
1240 silly packumentCache full:https://registry.npmjs.org/@babel%2fplugin-syntax-typescript set size:undefined disposed:false
1241 silly fetch manifest @babel/core@^7.0.0
1242 silly packumentCache full:https://registry.npmjs.org/@babel%2fcore cache-hit
1243 silly placeDep ROOT @babel/code-frame@7.29.7 OK for: @babel/core@7.29.7 want: ^7.29.7
1244 silly placeDep ROOT @babel/generator@7.29.7 OK for: @babel/core@7.29.7 want: ^7.29.7
1245 silly placeDep ROOT @babel/helper-compilation-targets@7.29.7 OK for: @babel/core@7.29.7 want: ^7.29.7
1246 silly placeDep ROOT @babel/helper-module-transforms@7.29.7 OK for: @babel/core@7.29.7 want: ^7.29.7
1247 silly placeDep ROOT @babel/helpers@7.29.7 OK for: @babel/core@7.29.7 want: ^7.29.7
1248 silly placeDep ROOT @babel/parser@7.29.7 OK for: @babel/core@7.29.7 want: ^7.29.7
1249 silly placeDep ROOT @babel/template@7.29.7 OK for: @babel/core@7.29.7 want: ^7.29.7
1250 silly placeDep ROOT @babel/traverse@7.29.7 OK for: @babel/core@7.29.7 want: ^7.29.7
1251 silly placeDep ROOT @babel/types@7.29.7 OK for: @babel/core@7.29.7 want: ^7.29.7
1252 silly placeDep ROOT @jridgewell/remapping@2.3.5 OK for: @babel/core@7.29.7 want: ^2.3.5
1253 silly placeDep ROOT debug@4.4.3 OK for: @babel/core@7.29.7 want: ^4.1.0
1254 silly placeDep node_modules/@babel/core semver@6.3.1 OK for: @babel/core@7.29.7 want: ^6.3.1
1255 silly fetch manifest js-tokens@^4.0.0
1256 silly packumentCache full:https://registry.npmjs.org/js-tokens cache-hit
1257 silly fetch manifest picocolors@^1.1.1
1258 silly packumentCache full:https://registry.npmjs.org/picocolors cache-miss
1259 silly fetch manifest @babel/helper-validator-identifier@^7.29.7
1260 silly packumentCache full:https://registry.npmjs.org/@babel%2fhelper-validator-identifier cache-hit
1261 silly fetch manifest lru-cache@^5.1.1
1262 silly packumentCache full:https://registry.npmjs.org/lru-cache cache-hit
1263 silly fetch manifest @babel/compat-data@^7.29.7
1264 silly packumentCache full:https://registry.npmjs.org/@babel%2fcompat-data cache-hit
1265 silly fetch manifest @babel/helper-validator-option@^7.29.7
1266 silly packumentCache full:https://registry.npmjs.org/@babel%2fhelper-validator-option cache-hit
1267 silly fetch manifest @babel/helper-validator-identifier@^7.29.7
1268 silly packumentCache full:https://registry.npmjs.org/@babel%2fhelper-validator-identifier cache-hit
1269 silly fetch manifest debug@^4.3.1
1270 silly packumentCache full:https://registry.npmjs.org/debug cache-hit
1271 silly fetch manifest @babel/helper-string-parser@^7.29.7
1272 silly packumentCache full:https://registry.npmjs.org/@babel%2fhelper-string-parser cache-hit
1273 silly fetch manifest @babel/helper-validator-identifier@^7.29.7
1274 silly packumentCache full:https://registry.npmjs.org/@babel%2fhelper-validator-identifier cache-hit
1275 silly fetch manifest @jridgewell/gen-mapping@^0.3.5
1276 silly packumentCache full:https://registry.npmjs.org/@jridgewell%2fgen-mapping cache-hit
1277 silly fetch manifest ms@^2.1.3
1278 silly packumentCache full:https://registry.npmjs.org/ms cache-miss
1279 http fetch GET 200 https://registry.npmjs.org/picocolors 261ms (cache revalidated)
1280 silly packumentCache full:https://registry.npmjs.org/picocolors set size:16648 disposed:false
1281 http fetch GET 200 https://registry.npmjs.org/ms 255ms (cache revalidated)
1282 silly packumentCache full:https://registry.npmjs.org/ms set size:92208 disposed:false
1283 silly placeDep ROOT @babel/helper-validator-identifier@7.29.7 OK for: @babel/code-frame@7.29.7 want: ^7.29.7
1284 silly placeDep ROOT js-tokens@4.0.0 OK for: @babel/code-frame@7.29.7 want: ^4.0.0
1285 silly placeDep ROOT picocolors@1.1.1 OK for: @babel/code-frame@7.29.7 want: ^1.1.1
1286 silly placeDep ROOT @jridgewell/gen-mapping@0.3.13 OK for: @babel/generator@7.29.7 want: ^0.3.12
1287 silly placeDep ROOT @jridgewell/trace-mapping@0.3.31 OK for: @babel/generator@7.29.7 want: ^0.3.28
1288 silly placeDep ROOT jsesc@3.1.0 OK for: @babel/generator@7.29.7 want: ^3.0.2
1289 silly placeDep ROOT @babel/compat-data@7.29.7 OK for: @babel/helper-compilation-targets@7.29.7 want: ^7.29.7
1290 silly placeDep ROOT @babel/helper-validator-option@7.29.7 OK for: @babel/helper-compilation-targets@7.29.7 want: ^7.29.7
1291 silly placeDep ROOT browserslist@4.28.4 OK for: @babel/helper-compilation-targets@7.29.7 want: ^4.24.0
1292 silly placeDep ROOT lru-cache@5.1.1 OK for: @babel/helper-compilation-targets@7.29.7 want: ^5.1.1
1293 silly placeDep node_modules/@babel/helper-compilation-targets semver@6.3.1 OK for: @babel/helper-compilation-targets@7.29.7 want: ^6.3.1
1294 silly fetch manifest yallist@^3.0.2
1295 silly packumentCache full:https://registry.npmjs.org/yallist cache-miss
1296 http fetch GET 200 https://registry.npmjs.org/yallist 325ms (cache revalidated)
1297 silly packumentCache full:https://registry.npmjs.org/yallist set size:34610 disposed:false
1298 silly placeDep ROOT @babel/helper-module-imports@7.29.7 OK for: @babel/helper-module-transforms@7.29.7 want: ^7.29.7
1299 silly placeDep ROOT @babel/helper-plugin-utils@7.29.7 OK for: @babel/plugin-proposal-export-default-from@7.29.7 want: ^7.29.7
1300 silly fetch manifest @babel/core@^7.0.0-0
1301 silly packumentCache full:https://registry.npmjs.org/@babel%2fcore cache-hit
1302 silly placeDep ROOT @babel/helper-remap-async-to-generator@7.29.7 OK for: @babel/plugin-transform-async-generator-functions@7.29.7 want: ^7.29.7
1303 silly fetch manifest @babel/helper-wrap-function@^7.29.7
1304 silly packumentCache full:https://registry.npmjs.org/@babel%2fhelper-wrap-function cache-miss
1305 http fetch GET 200 https://registry.npmjs.org/@babel%2fhelper-wrap-function 275ms (cache miss)
1306 silly packumentCache full:https://registry.npmjs.org/@babel%2fhelper-wrap-function set size:undefined disposed:false
1307 silly placeDep ROOT @babel/helper-annotate-as-pure@7.29.7 OK for: @babel/helper-remap-async-to-generator@7.29.7 want: ^7.29.7
1308 silly placeDep ROOT @babel/helper-wrap-function@7.29.7 OK for: @babel/helper-remap-async-to-generator@7.29.7 want: ^7.29.7
1309 silly placeDep ROOT @babel/helper-create-class-features-plugin@7.29.7 OK for: @babel/plugin-transform-class-properties@7.29.7 want: ^7.29.7
1310 silly fetch manifest @babel/helper-optimise-call-expression@^7.29.7
1311 silly packumentCache full:https://registry.npmjs.org/@babel%2fhelper-optimise-call-expression cache-miss
1312 silly fetch manifest @babel/helper-member-expression-to-functions@^7.29.7
1313 silly packumentCache full:https://registry.npmjs.org/@babel%2fhelper-member-expression-to-functions cache-miss
1314 http fetch GET 200 https://registry.npmjs.org/@babel%2fhelper-member-expression-to-functions 237ms (cache miss)
1315 silly packumentCache full:https://registry.npmjs.org/@babel%2fhelper-member-expression-to-functions set size:undefined disposed:false
1316 http fetch GET 200 https://registry.npmjs.org/@babel%2fhelper-optimise-call-expression 243ms (cache miss)
1317 silly packumentCache full:https://registry.npmjs.org/@babel%2fhelper-optimise-call-expression set size:undefined disposed:false
1318 silly placeDep ROOT @babel/helper-member-expression-to-functions@7.29.7 OK for: @babel/helper-create-class-features-plugin@7.29.7 want: ^7.29.7
1319 silly placeDep ROOT @babel/helper-optimise-call-expression@7.29.7 OK for: @babel/helper-create-class-features-plugin@7.29.7 want: ^7.29.7
1320 silly placeDep ROOT @babel/helper-replace-supers@7.29.7 OK for: @babel/helper-create-class-features-plugin@7.29.7 want: ^7.29.7
1321 silly placeDep ROOT @babel/helper-skip-transparent-expression-wrappers@7.29.7 OK for: @babel/helper-create-class-features-plugin@7.29.7 want: ^7.29.7
1322 silly placeDep node_modules/@babel/helper-create-class-features-plugin semver@6.3.1 OK for: @babel/helper-create-class-features-plugin@7.29.7 want: ^6.3.1
1323 silly placeDep ROOT @babel/helper-globals@7.29.7 OK for: @babel/plugin-transform-classes@7.29.7 want: ^7.29.7
1324 silly placeDep ROOT @babel/plugin-syntax-flow@7.29.7 OK for: @babel/plugin-transform-flow-strip-types@7.29.7 want: ^7.29.7
1325 silly placeDep ROOT @babel/helper-create-regexp-features-plugin@7.29.7 OK for: @babel/plugin-transform-named-capturing-groups-regex@7.29.7 want: ^7.29.7
1326 silly fetch manifest regexpu-core@^6.3.1
1327 silly packumentCache full:https://registry.npmjs.org/regexpu-core cache-miss
1328 http fetch GET 200 https://registry.npmjs.org/regexpu-core 339ms (cache miss)
1329 silly packumentCache full:https://registry.npmjs.org/regexpu-core set size:undefined disposed:false
1330 silly placeDep ROOT regexpu-core@6.4.0 OK for: @babel/helper-create-regexp-features-plugin@7.29.7 want: ^6.3.1
1331 silly placeDep node_modules/@babel/helper-create-regexp-features-plugin semver@6.3.1 OK for: @babel/helper-create-regexp-features-plugin@7.29.7 want: ^6.3.1
1332 silly fetch manifest regenerate@^1.4.2
1333 silly packumentCache full:https://registry.npmjs.org/regenerate cache-miss
1334 silly fetch manifest regenerate-unicode-properties@^10.2.2
1335 silly packumentCache full:https://registry.npmjs.org/regenerate-unicode-properties cache-miss
1336 silly fetch manifest regjsgen@^0.8.0
1337 silly packumentCache full:https://registry.npmjs.org/regjsgen cache-miss
1338 silly fetch manifest regjsparser@^0.13.0
1339 silly packumentCache full:https://registry.npmjs.org/regjsparser cache-miss
1340 silly fetch manifest unicode-match-property-ecmascript@^2.0.0
1341 silly packumentCache full:https://registry.npmjs.org/unicode-match-property-ecmascript cache-miss
1342 silly fetch manifest unicode-match-property-value-ecmascript@^2.2.1
1343 silly packumentCache full:https://registry.npmjs.org/unicode-match-property-value-ecmascript cache-miss
1344 http fetch GET 200 https://registry.npmjs.org/regenerate-unicode-properties 215ms (cache miss)
1345 silly packumentCache full:https://registry.npmjs.org/regenerate-unicode-properties set size:undefined disposed:false
1346 http fetch GET 200 https://registry.npmjs.org/unicode-match-property-value-ecmascript 233ms (cache miss)
1347 silly packumentCache full:https://registry.npmjs.org/unicode-match-property-value-ecmascript set size:undefined disposed:false
1348 http fetch GET 200 https://registry.npmjs.org/regjsgen 262ms (cache miss)
1349 silly packumentCache full:https://registry.npmjs.org/regjsgen set size:undefined disposed:false
1350 http fetch GET 200 https://registry.npmjs.org/regjsparser 269ms (cache miss)
1351 silly packumentCache full:https://registry.npmjs.org/regjsparser set size:undefined disposed:false
1352 http fetch GET 200 https://registry.npmjs.org/regenerate 273ms (cache miss)
1353 silly packumentCache full:https://registry.npmjs.org/regenerate set size:undefined disposed:false
1354 http fetch GET 200 https://registry.npmjs.org/unicode-match-property-ecmascript 275ms (cache miss)
1355 silly packumentCache full:https://registry.npmjs.org/unicode-match-property-ecmascript set size:undefined disposed:false
1356 silly placeDep ROOT @babel/plugin-syntax-jsx@7.29.7 OK for: @babel/plugin-transform-react-jsx@7.29.7 want: ^7.29.7
1357 silly placeDep ROOT babel-plugin-polyfill-corejs2@0.4.17 OK for: @babel/plugin-transform-runtime@7.29.7 want: ^0.4.14
1358 silly placeDep ROOT babel-plugin-polyfill-corejs3@0.13.0 OK for: @babel/plugin-transform-runtime@7.29.7 want: ^0.13.0
1359 silly placeDep ROOT babel-plugin-polyfill-regenerator@0.6.8 OK for: @babel/plugin-transform-runtime@7.29.7 want: ^0.6.5
1360 silly placeDep node_modules/@babel/plugin-transform-runtime semver@6.3.1 OK for: @babel/plugin-transform-runtime@7.29.7 want: ^6.3.1
1361 silly fetch manifest @babel/helper-define-polyfill-provider@^0.6.8
1362 silly packumentCache full:https://registry.npmjs.org/@babel%2fhelper-define-polyfill-provider cache-miss
1363 silly fetch manifest core-js-compat@^3.43.0
1364 silly packumentCache full:https://registry.npmjs.org/core-js-compat cache-miss
1365 silly fetch manifest @babel/helper-define-polyfill-provider@^0.6.5
1366 silly packumentCache full:https://registry.npmjs.org/@babel%2fhelper-define-polyfill-provider cache-miss
1367 silly fetch manifest @babel/helper-define-polyfill-provider@^0.6.8
1368 silly packumentCache full:https://registry.npmjs.org/@babel%2fhelper-define-polyfill-provider cache-miss
1369 http fetch GET 200 https://registry.npmjs.org/@babel%2fhelper-define-polyfill-provider 312ms (cache miss)
1370 silly packumentCache full:https://registry.npmjs.org/@babel%2fhelper-define-polyfill-provider set size:undefined disposed:false
1371 http fetch GET 200 https://registry.npmjs.org/@babel%2fhelper-define-polyfill-provider 317ms (cache miss)
1372 silly packumentCache full:https://registry.npmjs.org/@babel%2fhelper-define-polyfill-provider set size:undefined disposed:false
1373 http fetch GET 200 https://registry.npmjs.org/@babel%2fhelper-define-polyfill-provider 319ms (cache miss)
1374 silly packumentCache full:https://registry.npmjs.org/@babel%2fhelper-define-polyfill-provider set size:undefined disposed:false
1375 http fetch GET 200 https://registry.npmjs.org/core-js-compat 327ms (cache miss)
1376 silly packumentCache full:https://registry.npmjs.org/core-js-compat set size:undefined disposed:false
1377 silly placeDep ROOT @babel/plugin-syntax-typescript@7.29.7 OK for: @babel/plugin-transform-typescript@7.29.7 want: ^7.29.7
1378 silly placeDep ROOT @babel/helper-string-parser@7.29.7 OK for: @babel/types@7.29.7 want: ^7.29.7
1379 silly placeDep ROOT @jridgewell/sourcemap-codec@1.5.5 OK for: @jridgewell/gen-mapping@0.3.13 want: ^1.5.0
1380 silly placeDep ROOT @jridgewell/resolve-uri@3.1.2 OK for: @jridgewell/trace-mapping@0.3.31 want: ^3.1.0
1381 silly placeDep ROOT @react-native/codegen@0.86.0 OK for: @react-native/babel-plugin-codegen@0.86.0 want: 0.86.0
1382 silly placeDep ROOT invariant@2.2.4 OK for: @react-native/codegen@0.86.0 want: ^2.2.4
1383 silly placeDep ROOT tinyglobby@0.2.17 OK for: @react-native/codegen@0.86.0 want: ^0.2.15
1384 silly placeDep ROOT yargs@17.7.3 OK for: @react-native/codegen@0.86.0 want: ^17.6.2
1385 silly fetch manifest loose-envify@^1.0.0
1386 silly packumentCache full:https://registry.npmjs.org/loose-envify cache-miss
1387 silly fetch manifest fdir@^6.5.0
1388 silly packumentCache full:https://registry.npmjs.org/fdir cache-miss
1389 silly fetch manifest picomatch@^4.0.4
1390 silly packumentCache full:https://registry.npmjs.org/picomatch cache-miss
1391 silly fetch manifest cliui@^8.0.1
1392 silly packumentCache full:https://registry.npmjs.org/cliui cache-miss
1393 silly fetch manifest escalade@^3.1.1
1394 silly packumentCache full:https://registry.npmjs.org/escalade cache-miss
1395 silly fetch manifest get-caller-file@^2.0.5
1396 silly packumentCache full:https://registry.npmjs.org/get-caller-file cache-miss
1397 silly fetch manifest require-directory@^2.1.1
1398 silly packumentCache full:https://registry.npmjs.org/require-directory cache-miss
1399 silly fetch manifest string-width@^4.2.3
1400 silly packumentCache full:https://registry.npmjs.org/string-width cache-miss
1401 silly fetch manifest y18n@^5.0.5
1402 silly packumentCache full:https://registry.npmjs.org/y18n cache-miss
1403 silly fetch manifest yargs-parser@^21.1.1
1404 silly packumentCache full:https://registry.npmjs.org/yargs-parser cache-miss
1405 http fetch GET 200 https://registry.npmjs.org/get-caller-file 216ms (cache miss)
1406 silly packumentCache full:https://registry.npmjs.org/get-caller-file set size:undefined disposed:false
1407 http fetch GET 200 https://registry.npmjs.org/yargs-parser 228ms (cache miss)
1408 silly packumentCache full:https://registry.npmjs.org/yargs-parser set size:undefined disposed:false
1409 http fetch GET 200 https://registry.npmjs.org/fdir 244ms (cache revalidated)
1410 silly packumentCache full:https://registry.npmjs.org/fdir set size:136182 disposed:false
1411 http fetch GET 200 https://registry.npmjs.org/require-directory 245ms (cache miss)
1412 silly packumentCache full:https://registry.npmjs.org/require-directory set size:undefined disposed:false
1413 http fetch GET 200 https://registry.npmjs.org/y18n 248ms (cache miss)
1414 silly packumentCache full:https://registry.npmjs.org/y18n set size:undefined disposed:false
1415 http fetch GET 200 https://registry.npmjs.org/loose-envify 261ms (cache revalidated)
1416 silly packumentCache full:https://registry.npmjs.org/loose-envify set size:12559 disposed:false
1417 http fetch GET 200 https://registry.npmjs.org/cliui 262ms (cache miss)
1418 silly packumentCache full:https://registry.npmjs.org/cliui set size:undefined disposed:false
1419 http fetch GET 200 https://registry.npmjs.org/escalade 272ms (cache revalidated)
1420 silly packumentCache full:https://registry.npmjs.org/escalade set size:33724 disposed:false
1421 http fetch GET 200 https://registry.npmjs.org/picomatch 288ms (cache revalidated)
1422 silly packumentCache full:https://registry.npmjs.org/picomatch set size:128942 disposed:false
1423 http fetch GET 200 https://registry.npmjs.org/string-width 293ms (cache revalidated)
1424 silly packumentCache full:https://registry.npmjs.org/string-width set size:70381 disposed:false
1425 silly placeDep ROOT csstype@3.2.3 OK for: @types/react@19.2.17 want: ^3.2.2
1426 silly fetch manifest @babel/core@^7.4.0 || ^8.0.0-0 <8.0.0
1427 silly packumentCache full:https://registry.npmjs.org/@babel%2fcore cache-hit
1428 silly placeDep ROOT @babel/helper-define-polyfill-provider@0.6.8 OK for: babel-plugin-polyfill-corejs2@0.4.17 want: ^0.6.8
1429 silly placeDep node_modules/babel-plugin-polyfill-corejs2 semver@6.3.1 OK for: babel-plugin-polyfill-corejs2@0.4.17 want: ^6.3.1
1430 silly fetch manifest resolve@^1.22.11
1431 silly packumentCache full:https://registry.npmjs.org/resolve cache-miss
1432 silly fetch manifest lodash.debounce@^4.0.8
1433 silly packumentCache full:https://registry.npmjs.org/lodash.debounce cache-miss
1434 http fetch GET 200 https://registry.npmjs.org/resolve 279ms (cache miss)
1435 silly packumentCache full:https://registry.npmjs.org/resolve set size:undefined disposed:false
1436 http fetch GET 200 https://registry.npmjs.org/lodash.debounce 290ms (cache miss)
1437 silly packumentCache full:https://registry.npmjs.org/lodash.debounce set size:undefined disposed:false
1438 silly placeDep ROOT lodash.debounce@4.0.8 OK for: @babel/helper-define-polyfill-provider@0.6.8 want: ^4.0.8
1439 silly placeDep ROOT resolve@1.22.12 OK for: @babel/helper-define-polyfill-provider@0.6.8 want: ^1.22.11
1440 silly fetch manifest es-errors@^1.3.0
1441 silly packumentCache full:https://registry.npmjs.org/es-errors cache-miss
1442 silly fetch manifest path-parse@^1.0.7
1443 silly packumentCache full:https://registry.npmjs.org/path-parse cache-miss
1444 silly fetch manifest is-core-module@^2.16.1
1445 silly packumentCache full:https://registry.npmjs.org/is-core-module cache-miss
1446 silly fetch manifest supports-preserve-symlinks-flag@^1.0.0
1447 silly packumentCache full:https://registry.npmjs.org/supports-preserve-symlinks-flag cache-miss
1448 http fetch GET 200 https://registry.npmjs.org/path-parse 232ms (cache miss)
1449 silly packumentCache full:https://registry.npmjs.org/path-parse set size:undefined disposed:false
1450 http fetch GET 200 https://registry.npmjs.org/is-core-module 247ms (cache miss)
1451 silly packumentCache full:https://registry.npmjs.org/is-core-module set size:undefined disposed:false
1452 http fetch GET 200 https://registry.npmjs.org/es-errors 264ms (cache revalidated)
1453 silly packumentCache full:https://registry.npmjs.org/es-errors set size:16918 disposed:false
1454 http fetch GET 200 https://registry.npmjs.org/supports-preserve-symlinks-flag 299ms (cache miss)
1455 silly packumentCache full:https://registry.npmjs.org/supports-preserve-symlinks-flag set size:undefined disposed:false
1456 silly placeDep ROOT core-js-compat@3.49.0 OK for: babel-plugin-polyfill-corejs3@0.13.0 want: ^3.43.0
1457 silly fetch manifest browserslist@>= 4.21.0
1458 silly packumentCache full:https://registry.npmjs.org/browserslist cache-hit
1459 silly placeDep ROOT baseline-browser-mapping@2.10.41 OK for: browserslist@4.28.4 want: ^2.10.38
1460 silly placeDep ROOT caniuse-lite@1.0.30001800 OK for: browserslist@4.28.4 want: ^1.0.30001799
1461 silly placeDep ROOT electron-to-chromium@1.5.385 OK for: browserslist@4.28.4 want: ^1.5.376
1462 silly placeDep ROOT node-releases@2.0.50 OK for: browserslist@4.28.4 want: ^2.0.48
1463 silly placeDep ROOT update-browserslist-db@1.2.3 OK for: browserslist@4.28.4 want: ^1.2.3
1464 silly fetch manifest escalade@^3.2.0
1465 silly packumentCache full:https://registry.npmjs.org/escalade cache-hit
1466 silly placeDep ROOT ms@2.1.3 OK for: debug@4.4.3 want: ^2.1.3
1467 silly fetch manifest expo@*
1468 silly packumentCache full:https://registry.npmjs.org/expo cache-miss
1469 http cache https://registry.npmjs.org/expo 22ms (cache hit)
1470 silly packumentCache full:https://registry.npmjs.org/expo set size:3896460 disposed:false
1471 silly fetch manifest react-native@*
1472 silly packumentCache full:https://registry.npmjs.org/react-native cache-miss
1473 http cache https://registry.npmjs.org/react-native 55ms (cache hit)
1474 silly packumentCache full:https://registry.npmjs.org/react-native set size:15431683 disposed:false
1475 silly fetch manifest @types/react@^19.1.1
1476 silly packumentCache full:https://registry.npmjs.org/@types%2freact cache-miss
1477 http cache https://registry.npmjs.org/@types%2freact 35ms (cache hit)
1478 silly packumentCache full:https://registry.npmjs.org/@types%2freact set size:2632776 disposed:false
1479 silly fetch manifest react-native-web@*
1480 silly packumentCache full:https://registry.npmjs.org/react-native-web cache-miss
1481 http cache https://registry.npmjs.org/react-native-web 12ms (cache hit)
1482 silly packumentCache full:https://registry.npmjs.org/react-native-web set size:1090416 disposed:false
1483 silly fetch manifest expo-router@*
1484 silly packumentCache full:https://registry.npmjs.org/expo-router cache-miss
1485 http cache https://registry.npmjs.org/expo-router 14ms (cache hit)
1486 silly packumentCache full:https://registry.npmjs.org/expo-router set size:1973016 disposed:false
1487 silly fetch manifest expo-linking@^57.0.1
1488 silly packumentCache full:https://registry.npmjs.org/expo-linking cache-miss
1489 http cache https://registry.npmjs.org/expo-linking 10ms (cache hit)
1490 silly packumentCache full:https://registry.npmjs.org/expo-linking set size:824161 disposed:false
1491 silly fetch manifest react-native-gesture-handler@*
1492 silly packumentCache full:https://registry.npmjs.org/react-native-gesture-handler cache-miss
1493 http cache https://registry.npmjs.org/react-native-gesture-handler 12ms (cache hit)
1494 silly packumentCache full:https://registry.npmjs.org/react-native-gesture-handler set size:1172620 disposed:false
1495 silly fetch manifest react-native-reanimated@*
1496 silly packumentCache full:https://registry.npmjs.org/react-native-reanimated cache-miss
1497 http cache https://registry.npmjs.org/react-native-reanimated 41ms (cache hit)
1498 silly packumentCache full:https://registry.npmjs.org/react-native-reanimated set size:11050607 disposed:false
1499 silly fetch manifest react-native-worklets@0.10.x
1500 silly packumentCache full:https://registry.npmjs.org/react-native-worklets cache-miss
1501 http cache https://registry.npmjs.org/react-native-worklets 18ms (cache hit)
1502 silly packumentCache full:https://registry.npmjs.org/react-native-worklets set size:2849351 disposed:false
1503 silly fetch manifest react-native-safe-area-context@>= 5.4.0
1504 silly packumentCache full:https://registry.npmjs.org/react-native-safe-area-context cache-miss
1505 http cache https://registry.npmjs.org/react-native-safe-area-context 21ms (cache hit)
1506 silly packumentCache full:https://registry.npmjs.org/react-native-safe-area-context set size:667318 disposed:false
1507 silly fetch manifest expo-widgets@^57.0.1
1508 silly packumentCache full:https://registry.npmjs.org/expo-widgets cache-miss
1509 http fetch GET 200 https://registry.npmjs.org/expo-widgets 301ms (cache miss)
1510 silly packumentCache full:https://registry.npmjs.org/expo-widgets set size:undefined disposed:false
1511 silly fetch manifest react-native-worklets@^0.7.4 || ^0.8.0 || ^0.9.0 || ^0.10.0
1512 silly packumentCache full:https://registry.npmjs.org/react-native-worklets cache-miss
1513 http cache https://registry.npmjs.org/react-native-worklets 18ms (cache hit)
1514 silly packumentCache full:https://registry.npmjs.org/react-native-worklets set size:2849351 disposed:false
1515 silly placeDep ROOT @babel/runtime@7.29.7 OK for: expo@57.0.2 want: ^7.20.0
1516 silly placeDep node_modules/expo @expo/cli@57.0.4 CONFLICT for: expo@57.0.2 want: ^57.0.4
1517 silly placeDep ROOT @expo/config@57.0.2 OK for: expo@57.0.2 want: ~57.0.2
1518 silly placeDep ROOT @expo/config-plugins@57.0.2 OK for: expo@57.0.2 want: ~57.0.2
1519 silly placeDep ROOT @expo/devtools@57.0.0 OK for: expo@57.0.2 want: ~57.0.0
1520 silly placeDep ROOT @expo/dom-webview@57.0.0 OK for: expo@57.0.2 want: ~57.0.0
1521 silly placeDep ROOT @expo/fingerprint@0.20.2 OK for: expo@57.0.2 want: ^0.20.2
1522 silly placeDep ROOT @expo/local-build-cache-provider@57.0.2 OK for: expo@57.0.2 want: ^57.0.2
1523 silly placeDep ROOT @expo/log-box@57.0.0 OK for: expo@57.0.2 want: ^57.0.0
1524 silly placeDep ROOT @expo/metro@56.0.0 OK for: expo@57.0.2 want: ~56.0.0
1525 silly placeDep ROOT @expo/metro-config@57.0.3 OK for: expo@57.0.2 want: ~57.0.3
1526 silly placeDep ROOT @ungap/structured-clone@1.3.2 OK for: expo@57.0.2 want: ^1.3.0
1527 silly placeDep ROOT babel-preset-expo@57.0.1 OK for: expo@57.0.2 want: ~57.0.1
1528 silly placeDep ROOT expo-asset@57.0.3 OK for: expo@57.0.2 want: ~57.0.3
1529 silly placeDep ROOT expo-file-system@57.0.0 OK for: expo@57.0.2 want: ~57.0.0
1530 silly placeDep ROOT expo-keep-awake@57.0.0 OK for: expo@57.0.2 want: ~57.0.0
1531 silly placeDep ROOT expo-modules-autolinking@57.0.4 OK for: expo@57.0.2 want: ~57.0.4
1532 silly placeDep ROOT expo-modules-core@57.0.2 OK for: expo@57.0.2 want: ~57.0.2
1533 silly placeDep ROOT pretty-format@29.7.0 OK for: expo@57.0.2 want: ^29.7.0
1534 silly placeDep ROOT whatwg-url-minimum@0.1.2 OK for: expo@57.0.2 want: ^0.1.2
1535 silly fetch manifest ws@^8.12.1
1536 silly packumentCache full:https://registry.npmjs.org/ws cache-miss
1537 silly fetch manifest arg@^5.0.2
1538 silly packumentCache full:https://registry.npmjs.org/arg cache-miss
1539 silly fetch manifest ora@^3.4.0
1540 silly packumentCache full:https://registry.npmjs.org/ora cache-miss
1541 silly fetch manifest zod@^3.25.76
1542 silly packumentCache full:https://registry.npmjs.org/zod cache-miss
1543 silly fetch manifest glob@^13.0.0
1544 silly packumentCache full:https://registry.npmjs.org/glob cache-miss
1545 silly fetch manifest send@^0.19.0
1546 silly packumentCache full:https://registry.npmjs.org/send cache-miss
1547 silly fetch manifest toqr@^0.1.1
1548 silly packumentCache full:https://registry.npmjs.org/toqr cache-miss
1549 silly fetch manifest chalk@^4.0.0
1550 silly packumentCache full:https://registry.npmjs.org/chalk cache-miss
1551 silly fetch manifest getenv@^2.0.0
1552 silly packumentCache full:https://registry.npmjs.org/getenv cache-miss
1553 silly fetch manifest accepts@^1.3.8
1554 silly packumentCache full:https://registry.npmjs.org/accepts cache-miss
1555 silly fetch manifest ci-info@^3.3.0
1556 silly packumentCache full:https://registry.npmjs.org/ci-info cache-miss
1557 silly fetch manifest connect@^3.7.0
1558 silly packumentCache full:https://registry.npmjs.org/connect cache-miss
1559 silly fetch manifest prompts@^2.3.2
1560 silly packumentCache full:https://registry.npmjs.org/prompts cache-miss
1561 silly fetch manifest slugify@^1.3.4
1562 silly packumentCache full:https://registry.npmjs.org/slugify cache-miss
1563 silly fetch manifest progress@^2.0.3
1564 silly packumentCache full:https://registry.npmjs.org/progress cache-miss
1565 silly fetch manifest multitars@^1.0.0
1566 silly packumentCache full:https://registry.npmjs.org/multitars cache-miss
1567 silly fetch manifest wrap-ansi@^7.0.0
1568 silly packumentCache full:https://registry.npmjs.org/wrap-ansi cache-miss
1569 silly fetch manifest node-forge@^1.3.3
1570 silly packumentCache full:https://registry.npmjs.org/node-forge cache-miss
1571 silly fetch manifest @expo/plist@^0.8.0
1572 silly packumentCache full:https://registry.npmjs.org/@expo%2fplist cache-miss
1573 http cache https://registry.npmjs.org/ws 81ms (cache hit)
1574 silly packumentCache full:https://registry.npmjs.org/ws set size:427106 disposed:false
1575 silly fetch manifest compression@^1.7.4
1576 silly packumentCache full:https://registry.npmjs.org/compression cache-miss
1577 http cache https://registry.npmjs.org/connect 84ms (cache hit)
1578 silly packumentCache full:https://registry.npmjs.org/connect set size:438385 disposed:false
1579 silly fetch manifest lan-network@^0.2.1
1580 silly packumentCache full:https://registry.npmjs.org/lan-network cache-miss
1581 http fetch GET 200 https://registry.npmjs.org/accepts 226ms (cache miss)
1582 silly packumentCache full:https://registry.npmjs.org/accepts set size:undefined disposed:false
1583 silly fetch manifest resolve-from@^5.0.0
1584 silly packumentCache full:https://registry.npmjs.org/resolve-from cache-miss
1585 http fetch GET 200 https://registry.npmjs.org/ci-info 285ms (cache miss)
1586 silly packumentCache full:https://registry.npmjs.org/ci-info set size:undefined disposed:false
1587 silly fetch manifest @expo/devcert@^1.2.1
1588 silly packumentCache full:https://registry.npmjs.org/@expo%2fdevcert cache-miss
1589 http fetch GET 200 https://registry.npmjs.org/prompts 288ms (cache revalidated)
1590 silly packumentCache full:https://registry.npmjs.org/prompts set size:115896 disposed:false
1591 silly fetch manifest bplist-parser@^0.3.1
1592 silly packumentCache full:https://registry.npmjs.org/bplist-parser cache-miss
1593 http fetch GET 200 https://registry.npmjs.org/ora 296ms (cache revalidated)
1594 silly packumentCache full:https://registry.npmjs.org/ora set size:147148 disposed:false
1595 silly fetch manifest terminal-link@^2.1.1
1596 silly packumentCache full:https://registry.npmjs.org/terminal-link cache-miss
1597 http fetch GET 200 https://registry.npmjs.org/getenv 298ms (cache revalidated)
1598 silly packumentCache full:https://registry.npmjs.org/getenv set size:20110 disposed:false
1599 silly fetch manifest @expo/xcpretty@^4.4.4
1600 silly packumentCache full:https://registry.npmjs.org/@expo%2fxcpretty cache-miss
1601 http fetch GET 200 https://registry.npmjs.org/slugify 305ms (cache revalidated)
1602 silly packumentCache full:https://registry.npmjs.org/slugify set size:103522 disposed:false
1603 silly fetch manifest bplist-creator@0.1.0
1604 silly packumentCache full:https://registry.npmjs.org/bplist-creator cache-miss
1605 http fetch GET 200 https://registry.npmjs.org/progress 311ms (cache miss)
1606 silly packumentCache full:https://registry.npmjs.org/progress set size:undefined disposed:false
1607 silly fetch manifest fetch-nodeshim@^0.4.10
1608 silly packumentCache full:https://registry.npmjs.org/fetch-nodeshim cache-miss
1609 http fetch GET 200 https://registry.npmjs.org/arg 320ms (cache revalidated)
1610 silly packumentCache full:https://registry.npmjs.org/arg set size:67036 disposed:false
1611 silly fetch manifest @expo/json-file@^11.0.0
1612 silly packumentCache full:https://registry.npmjs.org/@expo%2fjson-file cache-miss
1613 http fetch GET 200 https://registry.npmjs.org/toqr 322ms (cache miss)
1614 silly packumentCache full:https://registry.npmjs.org/toqr set size:undefined disposed:false
1615 silly fetch manifest @expo/osascript@^2.7.0
1616 silly packumentCache full:https://registry.npmjs.org/@expo%2fosascript cache-miss
1617 http fetch GET 200 https://registry.npmjs.org/wrap-ansi 320ms (cache revalidated)
1618 silly packumentCache full:https://registry.npmjs.org/wrap-ansi set size:55299 disposed:false
1619 silly fetch manifest @expo/ws-tunnel@^2.0.0
1620 silly packumentCache full:https://registry.npmjs.org/@expo%2fws-tunnel cache-miss
1621 http fetch GET 200 https://registry.npmjs.org/multitars 327ms (cache miss)
1622 silly packumentCache full:https://registry.npmjs.org/multitars set size:undefined disposed:false
1623 silly fetch manifest dnssd-advertise@^1.1.4
1624 silly packumentCache full:https://registry.npmjs.org/dnssd-advertise cache-miss
1625 http fetch GET 200 https://registry.npmjs.org/send 339ms (cache miss)
1626 silly packumentCache full:https://registry.npmjs.org/send set size:undefined disposed:false
1627 silly fetch manifest npm-package-arg@^11.0.0
1628 silly packumentCache full:https://registry.npmjs.org/npm-package-arg cache-miss
1629 http fetch GET 200 https://registry.npmjs.org/node-forge 339ms (cache revalidated)
1630 silly packumentCache full:https://registry.npmjs.org/node-forge set size:394631 disposed:false
1631 silly fetch manifest @expo/spawn-async@^1.8.0
1632 silly packumentCache full:https://registry.npmjs.org/@expo%2fspawn-async cache-miss
1633 http fetch GET 200 https://registry.npmjs.org/chalk 351ms (cache revalidated)
1634 silly packumentCache full:https://registry.npmjs.org/chalk set size:117861 disposed:false
1635 silly fetch manifest agent-cli-detector@^0.1.2
1636 silly packumentCache full:https://registry.npmjs.org/agent-cli-detector cache-miss
1637 http fetch GET 200 https://registry.npmjs.org/zod 424ms (cache revalidated)
1638 silly packumentCache full:https://registry.npmjs.org/zod set size:3552562 disposed:false
1639 silly fetch manifest structured-headers@^0.4.1
1640 silly packumentCache full:https://registry.npmjs.org/structured-headers cache-miss
1641 http fetch GET 200 https://registry.npmjs.org/@expo%2fplist 453ms (cache revalidated)
1642 silly packumentCache full:https://registry.npmjs.org/@expo%2fplist set size:567362 disposed:false
1643 silly fetch manifest @expo/require-utils@^57.0.1
1644 silly packumentCache full:https://registry.npmjs.org/@expo%2frequire-utils cache-miss
1645 http fetch GET 200 https://registry.npmjs.org/lan-network 403ms (cache miss)
1646 silly packumentCache full:https://registry.npmjs.org/lan-network set size:undefined disposed:false
1647 silly fetch manifest @expo/router-server@^57.0.1
1648 silly packumentCache full:https://registry.npmjs.org/@expo%2frouter-server cache-miss
1649 http fetch GET 200 https://registry.npmjs.org/resolve-from 287ms (cache revalidated)
1650 silly packumentCache full:https://registry.npmjs.org/resolve-from set size:12911 disposed:false
1651 silly fetch manifest @expo/inline-modules@^0.1.1
1652 silly packumentCache full:https://registry.npmjs.org/@expo%2finline-modules cache-miss
1653 http fetch GET 200 https://registry.npmjs.org/compression 438ms (cache miss)
1654 silly packumentCache full:https://registry.npmjs.org/compression set size:undefined disposed:false
1655 silly fetch manifest @expo/metro-file-map@^57.0.0
1656 silly packumentCache full:https://registry.npmjs.org/@expo%2fmetro-file-map cache-miss
1657 http fetch GET 200 https://registry.npmjs.org/@expo%2fdevcert 248ms (cache miss)
1658 silly packumentCache full:https://registry.npmjs.org/@expo%2fdevcert set size:undefined disposed:false
1659 silly fetch manifest @expo/package-manager@^1.13.0
1660 silly packumentCache full:https://registry.npmjs.org/@expo%2fpackage-manager cache-miss
1661 http fetch GET 200 https://registry.npmjs.org/bplist-parser 274ms (cache revalidated)
1662 silly packumentCache full:https://registry.npmjs.org/bplist-parser set size:21877 disposed:false
1663 silly fetch manifest @expo/prebuild-config@^57.0.4
1664 silly packumentCache full:https://registry.npmjs.org/@expo%2fprebuild-config cache-miss
1665 http fetch GET 200 https://registry.npmjs.org/@expo%2fxcpretty 275ms (cache miss)
1666 silly packumentCache full:https://registry.npmjs.org/@expo%2fxcpretty set size:undefined disposed:false
1667 silly fetch manifest @react-native/dev-middleware@0.86.0
1668 silly packumentCache full:https://registry.npmjs.org/@react-native%2fdev-middleware cache-miss
1669 http fetch GET 200 https://registry.npmjs.org/glob 592ms (cache revalidated)
1670 silly packumentCache full:https://registry.npmjs.org/glob set size:469465 disposed:false
1671 silly fetch manifest @expo/code-signing-certificates@^0.0.6
1672 silly packumentCache full:https://registry.npmjs.org/@expo%2fcode-signing-certificates cache-miss
1673 http fetch GET 200 https://registry.npmjs.org/terminal-link 303ms (cache revalidated)
1674 silly packumentCache full:https://registry.npmjs.org/terminal-link set size:26728 disposed:false
1675 silly fetch manifest deepmerge@^4.3.1
1676 silly packumentCache full:https://registry.npmjs.org/deepmerge cache-miss
1677 http fetch GET 200 https://registry.npmjs.org/dnssd-advertise 278ms (cache miss)
1678 silly packumentCache full:https://registry.npmjs.org/dnssd-advertise set size:undefined disposed:false
1679 silly fetch manifest @expo/json-file@^11.0.0
1680 silly packumentCache full:https://registry.npmjs.org/@expo%2fjson-file cache-miss
1681 http fetch GET 200 https://registry.npmjs.org/fetch-nodeshim 300ms (cache miss)
1682 silly packumentCache full:https://registry.npmjs.org/fetch-nodeshim set size:undefined disposed:false
1683 silly fetch manifest @expo/config-types@^57.0.1
1684 silly packumentCache full:https://registry.npmjs.org/@expo%2fconfig-types cache-miss
1685 http fetch GET 200 https://registry.npmjs.org/@expo%2fws-tunnel 292ms (cache miss)
1686 silly packumentCache full:https://registry.npmjs.org/@expo%2fws-tunnel set size:undefined disposed:false
1687 silly fetch manifest @expo/require-utils@^57.0.1
1688 silly packumentCache full:https://registry.npmjs.org/@expo%2frequire-utils cache-miss
1689 http fetch GET 200 https://registry.npmjs.org/@expo%2fosascript 301ms (cache revalidated)
1690 silly packumentCache full:https://registry.npmjs.org/@expo%2fosascript set size:655472 disposed:false
1691 silly fetch manifest resolve-workspace-root@^2.0.0
1692 silly packumentCache full:https://registry.npmjs.org/resolve-workspace-root cache-miss
1693 http fetch GET 200 https://registry.npmjs.org/bplist-creator 325ms (cache revalidated)
1694 silly packumentCache full:https://registry.npmjs.org/bplist-creator set size:18748 disposed:false
1695 silly fetch manifest chalk@^4.1.2
1696 silly packumentCache full:https://registry.npmjs.org/chalk cache-hit
1697 silly fetch manifest xcode@^3.0.1
1698 silly packumentCache full:https://registry.npmjs.org/xcode cache-miss
1699 http fetch GET 200 https://registry.npmjs.org/agent-cli-detector 291ms (cache miss)
1700 silly packumentCache full:https://registry.npmjs.org/agent-cli-detector set size:undefined disposed:false
1701 silly fetch manifest slugify@^1.6.6
1702 silly packumentCache full:https://registry.npmjs.org/slugify cache-hit
1703 silly fetch manifest @expo/json-file@~11.0.0
1704 silly packumentCache full:https://registry.npmjs.org/@expo%2fjson-file cache-miss
1705 http fetch GET 200 https://registry.npmjs.org/@expo%2fjson-file 389ms (cache revalidated)
1706 silly packumentCache full:https://registry.npmjs.org/@expo%2fjson-file set size:772806 disposed:false
1707 silly fetch manifest @expo/config-types@^57.0.1
1708 silly packumentCache full:https://registry.npmjs.org/@expo%2fconfig-types cache-miss
1709 http fetch GET 200 https://registry.npmjs.org/npm-package-arg 393ms (cache revalidated)
1710 silly packumentCache full:https://registry.npmjs.org/npm-package-arg set size:133940 disposed:false
1711 silly fetch manifest @expo/require-utils@^57.0.1
1712 silly packumentCache full:https://registry.npmjs.org/@expo%2frequire-utils cache-miss
1713 http fetch GET 200 https://registry.npmjs.org/@expo%2fspawn-async 405ms (cache revalidated)
1714 silly packumentCache full:https://registry.npmjs.org/@expo%2fspawn-async set size:41260 disposed:false
1715 silly fetch manifest @expo/sdk-runtime-versions@^1.0.0
1716 silly packumentCache full:https://registry.npmjs.org/@expo%2fsdk-runtime-versions cache-miss
1717 http fetch GET 200 https://registry.npmjs.org/@expo%2frequire-utils 298ms (cache revalidated)
1718 silly packumentCache full:https://registry.npmjs.org/@expo%2frequire-utils set size:138160 disposed:false
1719 silly fetch manifest ignore@^5.3.1
1720 silly packumentCache full:https://registry.npmjs.org/ignore cache-miss
1721 http fetch GET 200 https://registry.npmjs.org/structured-headers 333ms (cache miss)
1722 silly packumentCache full:https://registry.npmjs.org/structured-headers set size:undefined disposed:false
1723 silly fetch manifest @expo/env@^2.4.1
1724 silly packumentCache full:https://registry.npmjs.org/@expo%2fenv cache-hit
1725 silly fetch manifest minimatch@^10.2.2
1726 silly packumentCache full:https://registry.npmjs.org/minimatch cache-miss
1727 http fetch GET 200 https://registry.npmjs.org/deepmerge 212ms (cache revalidated)
1728 silly packumentCache full:https://registry.npmjs.org/deepmerge set size:101897 disposed:false
1729 silly fetch manifest metro-file-map@0.84.4
1730 silly packumentCache full:https://registry.npmjs.org/metro-file-map cache-miss
1731 http fetch GET 200 https://registry.npmjs.org/@expo%2finline-modules 311ms (cache miss)
1732 silly packumentCache full:https://registry.npmjs.org/@expo%2finline-modules set size:undefined disposed:false
1733 silly fetch manifest metro-resolver@0.84.4
1734 silly packumentCache full:https://registry.npmjs.org/metro-resolver cache-miss
1735 http fetch GET 200 https://registry.npmjs.org/@expo%2fpackage-manager 295ms (cache revalidated)
1736 silly packumentCache full:https://registry.npmjs.org/@expo%2fpackage-manager set size:885467 disposed:false
1737 silly fetch manifest metro-cache-key@0.84.4
1738 silly packumentCache full:https://registry.npmjs.org/metro-cache-key cache-miss
1739 http fetch GET 200 https://registry.npmjs.org/@expo%2fcode-signing-certificates 269ms (cache revalidated)
1740 silly packumentCache full:https://registry.npmjs.org/@expo%2fcode-signing-certificates set size:29541 disposed:false
1741 silly fetch manifest metro-source-map@0.84.4
1742 silly packumentCache full:https://registry.npmjs.org/metro-source-map cache-miss
1743 http fetch GET 200 https://registry.npmjs.org/@expo%2fprebuild-config 309ms (cache revalidated)
1744 silly packumentCache full:https://registry.npmjs.org/@expo%2fprebuild-config set size:1206610 disposed:false
1745 silly fetch manifest metro-symbolicate@0.84.4
1746 silly packumentCache full:https://registry.npmjs.org/metro-symbolicate cache-miss
1747 http fetch GET 200 https://registry.npmjs.org/@expo%2fmetro-file-map 373ms (cache miss)
1748 silly packumentCache full:https://registry.npmjs.org/@expo%2fmetro-file-map set size:undefined disposed:false
1749 silly fetch manifest metro-minify-terser@0.84.4
1750 silly packumentCache full:https://registry.npmjs.org/metro-minify-terser cache-miss
1751 http cache https://registry.npmjs.org/metro-source-map 35ms (cache hit)
1752 silly packumentCache full:https://registry.npmjs.org/metro-source-map set size:427102 disposed:false
1753 silly fetch manifest metro-transform-worker@0.84.4
1754 silly packumentCache full:https://registry.npmjs.org/metro-transform-worker cache-miss
1755 http fetch GET 200 https://registry.npmjs.org/@expo%2frouter-server 418ms (cache miss)
1756 silly packumentCache full:https://registry.npmjs.org/@expo%2frouter-server set size:undefined disposed:false
1757 silly fetch manifest metro-babel-transformer@0.84.4
1758 silly packumentCache full:https://registry.npmjs.org/metro-babel-transformer cache-miss
1759 http fetch GET 200 https://registry.npmjs.org/@expo%2frequire-utils 299ms (cache revalidated)
1760 silly packumentCache full:https://registry.npmjs.org/@expo%2frequire-utils set size:138160 disposed:false
1761 silly packumentCache full:https://registry.npmjs.org/@expo%2frequire-utils dispose
1762 silly fetch manifest metro-transform-plugins@0.84.4
1763 silly packumentCache full:https://registry.npmjs.org/metro-transform-plugins cache-miss
1764 http fetch GET 200 https://registry.npmjs.org/@expo%2fjson-file 310ms (cache revalidated)
1765 silly packumentCache full:https://registry.npmjs.org/@expo%2fjson-file set size:772806 disposed:false
1766 silly packumentCache full:https://registry.npmjs.org/@expo%2fjson-file dispose
1767 silly fetch manifest chalk@^4.1.0
1768 silly packumentCache full:https://registry.npmjs.org/chalk cache-hit
1769 silly fetch manifest postcss@^8.5.14
1770 silly packumentCache full:https://registry.npmjs.org/postcss cache-miss
1771 http fetch GET 200 https://registry.npmjs.org/xcode 331ms (cache revalidated)
1772 silly packumentCache full:https://registry.npmjs.org/xcode set size:5234429 disposed:false
1773 silly fetch manifest jsc-safe-url@^0.2.4
1774 silly packumentCache full:https://registry.npmjs.org/jsc-safe-url cache-miss
1775 http fetch GET 200 https://registry.npmjs.org/@expo%2fjson-file 368ms (cache revalidated)
1776 silly packumentCache full:https://registry.npmjs.org/@expo%2fjson-file set size:772806 disposed:true
1777 silly packumentCache full:https://registry.npmjs.org/@expo%2fjson-file dispose
1778 silly fetch manifest lightningcss@^1.30.1
1779 silly packumentCache full:https://registry.npmjs.org/lightningcss cache-miss
1780 http fetch GET 200 https://registry.npmjs.org/resolve-workspace-root 401ms (cache revalidated)
1781 silly packumentCache full:https://registry.npmjs.org/resolve-workspace-root set size:11680 disposed:false
1782 silly fetch manifest @babel/preset-typescript@^7.23.0
1783 silly packumentCache full:https://registry.npmjs.org/@babel%2fpreset-typescript cache-miss
1784 http fetch GET 200 https://registry.npmjs.org/@expo%2fconfig-types 420ms (cache revalidated)
1785 silly packumentCache full:https://registry.npmjs.org/@expo%2fconfig-types set size:800756 disposed:false
1786 silly fetch manifest babel-plugin-react-compiler@^1.0.0
1787 silly packumentCache full:https://registry.npmjs.org/babel-plugin-react-compiler cache-miss
1788 http fetch GET 200 https://registry.npmjs.org/@expo%2fconfig-types 338ms (cache revalidated)
1789 silly packumentCache full:https://registry.npmjs.org/@expo%2fconfig-types set size:800756 disposed:false
1790 silly packumentCache full:https://registry.npmjs.org/@expo%2fconfig-types dispose
1791 silly fetch manifest babel-plugin-react-native-web@~0.21.0
1792 silly packumentCache full:https://registry.npmjs.org/babel-plugin-react-native-web cache-miss
1793 http fetch GET 200 https://registry.npmjs.org/@expo%2frequire-utils 330ms (cache revalidated)
1794 silly packumentCache full:https://registry.npmjs.org/@expo%2frequire-utils set size:138160 disposed:true
1795 silly packumentCache full:https://registry.npmjs.org/@expo%2frequire-utils dispose
1796 silly fetch manifest @babel/plugin-proposal-decorators@^7.12.9
1797 silly packumentCache full:https://registry.npmjs.org/@babel%2fplugin-proposal-decorators cache-miss
1798 http fetch GET 200 https://registry.npmjs.org/ignore 307ms (cache revalidated)
1799 silly packumentCache full:https://registry.npmjs.org/ignore set size:237380 disposed:false
1800 silly fetch manifest @babel/plugin-transform-parameters@^7.24.7
1801 silly packumentCache full:https://registry.npmjs.org/@babel%2fplugin-transform-parameters cache-miss
1802 http fetch GET 200 https://registry.npmjs.org/minimatch 295ms (cache revalidated)
1803 silly packumentCache full:https://registry.npmjs.org/minimatch set size:375282 disposed:false
1804 silly fetch manifest @babel/plugin-transform-class-static-block@^7.27.1
1805 silly packumentCache full:https://registry.npmjs.org/@babel%2fplugin-transform-class-static-block cache-miss
1806 http fetch GET 200 https://registry.npmjs.org/@expo%2fsdk-runtime-versions 333ms (cache revalidated)
1807 silly packumentCache full:https://registry.npmjs.org/@expo%2fsdk-runtime-versions set size:4827 disposed:false
1808 silly fetch manifest @babel/plugin-transform-object-rest-spread@^7.24.7
1809 silly packumentCache full:https://registry.npmjs.org/@babel%2fplugin-transform-object-rest-spread cache-miss
1810 http cache https://registry.npmjs.org/@babel%2fpreset-typescript 60ms (cache hit)
1811 silly packumentCache full:https://registry.npmjs.org/@babel%2fpreset-typescript set size:271383 disposed:false
1812 silly fetch manifest @babel/plugin-transform-export-namespace-from@^7.25.9
1813 silly packumentCache full:https://registry.npmjs.org/@babel%2fplugin-transform-export-namespace-from cache-miss
1814 http fetch GET 200 https://registry.npmjs.org/@react-native%2fdev-middleware 531ms (cache miss)
1815 silly packumentCache full:https://registry.npmjs.org/@react-native%2fdev-middleware set size:undefined disposed:false
1816 silly fetch manifest @babel/plugin-transform-react-jsx-development@^7.27.1
1817 silly packumentCache full:https://registry.npmjs.org/@babel%2fplugin-transform-react-jsx-development cache-miss
1818 http fetch GET 200 https://registry.npmjs.org/metro-file-map 359ms (cache miss)
1819 silly packumentCache full:https://registry.npmjs.org/metro-file-map set size:undefined disposed:false
1820 silly fetch manifest @babel/plugin-transform-react-pure-annotations@^7.27.1
1821 silly packumentCache full:https://registry.npmjs.org/@babel%2fplugin-transform-react-pure-annotations cache-miss
1822 http fetch GET 200 https://registry.npmjs.org/metro-minify-terser 287ms (cache miss)
1823 silly packumentCache full:https://registry.npmjs.org/metro-minify-terser set size:undefined disposed:false
1824 silly fetch manifest @babel/plugin-transform-logical-assignment-operators@^7.24.7
1825 silly packumentCache full:https://registry.npmjs.org/@babel%2fplugin-transform-logical-assignment-operators cache-miss
1826 http fetch GET 200 https://registry.npmjs.org/metro-resolver 375ms (cache miss)
1827 silly packumentCache full:https://registry.npmjs.org/metro-resolver set size:undefined disposed:false
1828 silly fetch manifest commander@^7.2.0
1829 silly packumentCache full:https://registry.npmjs.org/commander cache-hit
1830 silly fetch manifest expo-modules-jsi@~57.0.0
1831 silly packumentCache full:https://registry.npmjs.org/expo-modules-jsi cache-miss
1832 http fetch GET 200 https://registry.npmjs.org/metro-cache-key 367ms (cache miss)
1833 silly packumentCache full:https://registry.npmjs.org/metro-cache-key set size:undefined disposed:false
1834 silly fetch manifest @expo/expo-modules-macros-plugin@0.3.0
1835 silly packumentCache full:https://registry.npmjs.org/@expo%2fexpo-modules-macros-plugin cache-miss
1836 http fetch GET 200 https://registry.npmjs.org/metro-transform-worker 312ms (cache miss)
1837 silly packumentCache full:https://registry.npmjs.org/metro-transform-worker set size:undefined disposed:false
1838 silly fetch manifest react-is@^18.0.0
1839 silly packumentCache full:https://registry.npmjs.org/react-is cache-miss
1840 http fetch GET 200 https://registry.npmjs.org/metro-symbolicate 336ms (cache miss)
1841 silly packumentCache full:https://registry.npmjs.org/metro-symbolicate set size:undefined disposed:false
1842 silly fetch manifest ansi-styles@^5.0.0
1843 silly packumentCache full:https://registry.npmjs.org/ansi-styles cache-miss
1844 http fetch GET 200 https://registry.npmjs.org/jsc-safe-url 239ms (cache miss)
1845 silly packumentCache full:https://registry.npmjs.org/jsc-safe-url set size:undefined disposed:false
1846 silly fetch manifest @jest/schemas@^29.6.3
1847 silly packumentCache full:https://registry.npmjs.org/@jest%2fschemas cache-miss
1848 http cache https://registry.npmjs.org/react-is 38ms (cache hit)
1849 silly packumentCache full:https://registry.npmjs.org/react-is set size:5473575 disposed:false
1850 http fetch GET 200 https://registry.npmjs.org/metro-transform-plugins 389ms (cache miss)
1851 silly packumentCache full:https://registry.npmjs.org/metro-transform-plugins set size:undefined disposed:false
1852 http fetch GET 200 https://registry.npmjs.org/postcss 387ms (cache miss)
1853 silly packumentCache full:https://registry.npmjs.org/postcss set size:undefined disposed:false
1854 http fetch GET 200 https://registry.npmjs.org/lightningcss 306ms (cache miss)
1855 silly packumentCache full:https://registry.npmjs.org/lightningcss set size:undefined disposed:false
1856 http fetch GET 200 https://registry.npmjs.org/metro-babel-transformer 424ms (cache miss)
1857 silly packumentCache full:https://registry.npmjs.org/metro-babel-transformer set size:undefined disposed:false
1858 http fetch GET 200 https://registry.npmjs.org/babel-plugin-react-compiler 311ms (cache miss)
1859 silly packumentCache full:https://registry.npmjs.org/babel-plugin-react-compiler set size:undefined disposed:false
1860 http fetch GET 200 https://registry.npmjs.org/babel-plugin-react-native-web 333ms (cache miss)
1861 silly packumentCache full:https://registry.npmjs.org/babel-plugin-react-native-web set size:undefined disposed:false
1862 http fetch GET 200 https://registry.npmjs.org/@babel%2fplugin-transform-parameters 319ms (cache miss)
1863 silly packumentCache full:https://registry.npmjs.org/@babel%2fplugin-transform-parameters set size:undefined disposed:false
1864 http fetch GET 200 https://registry.npmjs.org/@babel%2fplugin-proposal-decorators 332ms (cache miss)
1865 silly packumentCache full:https://registry.npmjs.org/@babel%2fplugin-proposal-decorators set size:undefined disposed:false
1866 http fetch GET 200 https://registry.npmjs.org/@babel%2fplugin-transform-export-namespace-from 318ms (cache miss)
1867 silly packumentCache full:https://registry.npmjs.org/@babel%2fplugin-transform-export-namespace-from set size:undefined disposed:false
1868 http fetch GET 200 https://registry.npmjs.org/@babel%2fplugin-transform-object-rest-spread 354ms (cache miss)
1869 silly packumentCache full:https://registry.npmjs.org/@babel%2fplugin-transform-object-rest-spread set size:undefined disposed:false
1870 http fetch GET 200 https://registry.npmjs.org/expo-modules-jsi 251ms (cache miss)
1871 silly packumentCache full:https://registry.npmjs.org/expo-modules-jsi set size:undefined disposed:false
1872 http fetch GET 200 https://registry.npmjs.org/@babel%2fplugin-transform-logical-assignment-operators 280ms (cache miss)
1873 silly packumentCache full:https://registry.npmjs.org/@babel%2fplugin-transform-logical-assignment-operators set size:undefined disposed:false
1874 http fetch GET 200 https://registry.npmjs.org/@jest%2fschemas 229ms (cache miss)
1875 silly packumentCache full:https://registry.npmjs.org/@jest%2fschemas set size:undefined disposed:false
1876 http fetch GET 200 https://registry.npmjs.org/@babel%2fplugin-transform-react-jsx-development 360ms (cache miss)
1877 silly packumentCache full:https://registry.npmjs.org/@babel%2fplugin-transform-react-jsx-development set size:undefined disposed:false
1878 http fetch GET 200 https://registry.npmjs.org/@babel%2fplugin-transform-react-pure-annotations 311ms (cache miss)
1879 silly packumentCache full:https://registry.npmjs.org/@babel%2fplugin-transform-react-pure-annotations set size:undefined disposed:false
1880 http fetch GET 200 https://registry.npmjs.org/@babel%2fplugin-transform-class-static-block 408ms (cache miss)
1881 silly packumentCache full:https://registry.npmjs.org/@babel%2fplugin-transform-class-static-block set size:undefined disposed:false
1882 http fetch GET 200 https://registry.npmjs.org/ansi-styles 344ms (cache revalidated)
1883 silly packumentCache full:https://registry.npmjs.org/ansi-styles set size:63233 disposed:false
1884 http fetch GET 200 https://registry.npmjs.org/@expo%2fexpo-modules-macros-plugin 397ms (cache miss)
1885 silly packumentCache full:https://registry.npmjs.org/@expo%2fexpo-modules-macros-plugin set size:undefined disposed:false
1886 silly fetch manifest typescript@^5.0.0 || ^5.0.0-0 || ^6.0.0
1887 silly packumentCache full:https://registry.npmjs.org/typescript cache-miss
1888 http cache https://registry.npmjs.org/typescript 55ms (cache hit)
1889 silly packumentCache full:https://registry.npmjs.org/typescript set size:15410956 disposed:false
1890 silly placeDep ROOT @expo/config-types@57.0.1 OK for: @expo/config@57.0.2 want: ^57.0.1
1891 silly placeDep ROOT @expo/json-file@11.0.0 OK for: @expo/config@57.0.2 want: ^11.0.0
1892 silly placeDep ROOT @expo/require-utils@57.0.1 OK for: @expo/config@57.0.2 want: ^57.0.1
1893 silly placeDep ROOT deepmerge@4.3.1 OK for: @expo/config@57.0.2 want: ^4.3.1
1894 silly placeDep ROOT getenv@2.0.0 OK for: @expo/config@57.0.2 want: ^2.0.0
1895 silly placeDep ROOT glob@13.0.6 OK for: @expo/config@57.0.2 want: ^13.0.0
1896 silly placeDep ROOT resolve-workspace-root@2.0.1 OK for: @expo/config@57.0.2 want: ^2.0.0
1897 silly placeDep ROOT slugify@1.6.9 OK for: @expo/config@57.0.2 want: ^1.3.4
1898 silly fetch manifest minipass@^7.1.3
1899 silly packumentCache full:https://registry.npmjs.org/minipass cache-miss
1900 silly fetch manifest path-scurry@^2.0.2
1901 silly packumentCache full:https://registry.npmjs.org/path-scurry cache-miss
1902 http fetch GET 200 https://registry.npmjs.org/path-scurry 254ms (cache revalidated)
1903 silly packumentCache full:https://registry.npmjs.org/path-scurry set size:117612 disposed:false
1904 http fetch GET 200 https://registry.npmjs.org/minipass 265ms (cache revalidated)
1905 silly packumentCache full:https://registry.npmjs.org/minipass set size:276925 disposed:false
1906 silly placeDep ROOT @expo/plist@0.8.0 OK for: @expo/config-plugins@57.0.2 want: ^0.8.0
1907 silly placeDep ROOT @expo/sdk-runtime-versions@1.0.0 OK for: @expo/config-plugins@57.0.2 want: ^1.0.0
1908 silly placeDep ROOT chalk@4.1.2 OK for: @expo/config-plugins@57.0.2 want: ^4.1.2
1909 silly placeDep ROOT xcode@3.0.1 OK for: @expo/config-plugins@57.0.2 want: ^3.0.1
1910 silly placeDep ROOT xml2js@0.6.0 OK for: @expo/config-plugins@57.0.2 want: 0.6.0
1911 silly fetch manifest xmlbuilder@^15.1.1
1912 silly packumentCache full:https://registry.npmjs.org/xmlbuilder cache-miss
1913 silly fetch manifest @xmldom/xmldom@^0.8.8
1914 silly packumentCache full:https://registry.npmjs.org/@xmldom%2fxmldom cache-miss
1915 silly fetch manifest ansi-styles@^4.1.0
1916 silly packumentCache full:https://registry.npmjs.org/ansi-styles cache-hit
1917 silly fetch manifest supports-color@^7.1.0
1918 silly packumentCache full:https://registry.npmjs.org/supports-color cache-miss
1919 silly fetch manifest uuid@^7.0.3
1920 silly packumentCache full:https://registry.npmjs.org/uuid cache-miss
1921 silly fetch manifest simple-plist@^1.1.0
1922 silly packumentCache full:https://registry.npmjs.org/simple-plist cache-miss
1923 silly fetch manifest sax@>=0.6.0
1924 silly packumentCache full:https://registry.npmjs.org/sax cache-miss
1925 silly fetch manifest xmlbuilder@~11.0.0
1926 silly packumentCache full:https://registry.npmjs.org/xmlbuilder cache-miss
1927 http fetch GET 200 https://registry.npmjs.org/supports-color 220ms (cache revalidated)
1928 silly packumentCache full:https://registry.npmjs.org/supports-color set size:118680 disposed:false
1929 http fetch GET 200 https://registry.npmjs.org/xmlbuilder 228ms (cache revalidated)
1930 silly packumentCache full:https://registry.npmjs.org/xmlbuilder set size:158707 disposed:false
1931 http fetch GET 200 https://registry.npmjs.org/sax 236ms (cache revalidated)
1932 silly packumentCache full:https://registry.npmjs.org/sax set size:91199 disposed:false
1933 http fetch GET 200 https://registry.npmjs.org/@xmldom%2fxmldom 247ms (cache revalidated)
1934 silly packumentCache full:https://registry.npmjs.org/@xmldom%2fxmldom set size:166253 disposed:false
1935 http fetch GET 200 https://registry.npmjs.org/xmlbuilder 269ms (cache revalidated)
1936 silly packumentCache full:https://registry.npmjs.org/xmlbuilder set size:158707 disposed:false
1937 silly packumentCache full:https://registry.npmjs.org/xmlbuilder dispose
1938 http fetch GET 200 https://registry.npmjs.org/simple-plist 274ms (cache revalidated)
1939 silly packumentCache full:https://registry.npmjs.org/simple-plist set size:46135 disposed:false
1940 http fetch GET 200 https://registry.npmjs.org/uuid 276ms (cache revalidated)
1941 silly packumentCache full:https://registry.npmjs.org/uuid set size:256419 disposed:false
1942 silly placeDep ROOT @expo/env@2.4.1 OK for: @expo/fingerprint@0.20.2 want: ^2.4.1
1943 silly placeDep ROOT @expo/spawn-async@1.8.0 OK for: @expo/fingerprint@0.20.2 want: ^1.8.0
1944 silly placeDep ROOT arg@5.0.2 OK for: @expo/fingerprint@0.20.2 want: ^5.0.2
1945 silly placeDep ROOT ignore@5.3.2 OK for: @expo/fingerprint@0.20.2 want: ^5.3.1
1946 silly placeDep ROOT minimatch@10.2.5 OK for: @expo/fingerprint@0.20.2 want: ^10.2.2
1947 silly placeDep ROOT resolve-from@5.0.0 OK for: @expo/fingerprint@0.20.2 want: ^5.0.0
1948 silly fetch manifest cross-spawn@^7.0.6
1949 silly packumentCache full:https://registry.npmjs.org/cross-spawn cache-miss
1950 silly fetch manifest brace-expansion@^5.0.5
1951 silly packumentCache full:https://registry.npmjs.org/brace-expansion cache-miss
1952 http fetch GET 200 https://registry.npmjs.org/brace-expansion 237ms (cache revalidated)
1953 silly packumentCache full:https://registry.npmjs.org/brace-expansion set size:77035 disposed:false
1954 http fetch GET 200 https://registry.npmjs.org/cross-spawn 268ms (cache revalidated)
1955 silly packumentCache full:https://registry.npmjs.org/cross-spawn set size:109066 disposed:false
1956 silly placeDep ROOT anser@1.4.10 OK for: @expo/log-box@57.0.0 want: ^1.4.9
1957 silly placeDep ROOT stacktrace-parser@0.1.11 OK for: @expo/log-box@57.0.0 want: ^0.1.10
1958 silly fetch manifest type-fest@^0.7.1
1959 silly packumentCache full:https://registry.npmjs.org/type-fest cache-miss
1960 http fetch GET 200 https://registry.npmjs.org/type-fest 342ms (cache revalidated)
1961 silly packumentCache full:https://registry.npmjs.org/type-fest set size:563278 disposed:false
1962 silly placeDep ROOT metro@0.84.4 OK for: @expo/metro@56.0.0 want: 0.84.4
1963 silly placeDep ROOT metro-babel-transformer@0.84.4 OK for: @expo/metro@56.0.0 want: 0.84.4
1964 silly placeDep ROOT metro-cache@0.84.4 OK for: @expo/metro@56.0.0 want: 0.84.4
1965 silly placeDep ROOT metro-cache-key@0.84.4 OK for: @expo/metro@56.0.0 want: 0.84.4
1966 silly placeDep ROOT metro-core@0.84.4 OK for: @expo/metro@56.0.0 want: 0.84.4
1967 silly placeDep ROOT metro-file-map@0.84.4 OK for: @expo/metro@56.0.0 want: 0.84.4
1968 silly placeDep ROOT metro-minify-terser@0.84.4 OK for: @expo/metro@56.0.0 want: 0.84.4
1969 silly placeDep ROOT metro-resolver@0.84.4 OK for: @expo/metro@56.0.0 want: 0.84.4
1970 silly placeDep ROOT metro-source-map@0.84.4 OK for: @expo/metro@56.0.0 want: 0.84.4
1971 silly placeDep ROOT metro-symbolicate@0.84.4 OK for: @expo/metro@56.0.0 want: 0.84.4
1972 silly placeDep ROOT metro-transform-plugins@0.84.4 OK for: @expo/metro@56.0.0 want: 0.84.4
1973 silly placeDep ROOT metro-transform-worker@0.84.4 OK for: @expo/metro@56.0.0 want: 0.84.4
1974 silly fetch manifest throat@^5.0.0
1975 silly packumentCache full:https://registry.npmjs.org/throat cache-miss
1976 silly fetch manifest accepts@^2.0.0
1977 silly packumentCache full:https://registry.npmjs.org/accepts cache-miss
1978 silly fetch manifest ci-info@^2.0.0
1979 silly packumentCache full:https://registry.npmjs.org/ci-info cache-miss
1980 silly fetch manifest image-size@^1.0.2
1981 silly packumentCache full:https://registry.npmjs.org/image-size cache-miss
1982 silly fetch manifest mime-types@^3.0.1
1983 silly packumentCache full:https://registry.npmjs.org/mime-types cache-miss
1984 silly fetch manifest source-map@^0.5.6
1985 silly packumentCache full:https://registry.npmjs.org/source-map cache-miss
1986 silly fetch manifest graceful-fs@^4.2.4
1987 silly packumentCache full:https://registry.npmjs.org/graceful-fs cache-miss
1988 silly fetch manifest jest-worker@^29.7.0
1989 silly packumentCache full:https://registry.npmjs.org/jest-worker cache-miss
1990 silly fetch manifest jsc-safe-url@^0.2.2
1991 silly packumentCache full:https://registry.npmjs.org/jsc-safe-url cache-miss
1992 silly fetch manifest hermes-parser@0.35.0
1993 silly packumentCache full:https://registry.npmjs.org/hermes-parser cache-miss
1994 silly fetch manifest lodash.throttle@^4.1.1
1995 silly packumentCache full:https://registry.npmjs.org/lodash.throttle cache-miss
1996 silly fetch manifest serialize-error@^2.1.0
1997 silly packumentCache full:https://registry.npmjs.org/serialize-error cache-miss
1998 silly fetch manifest error-stack-parser@^2.0.6
1999 silly packumentCache full:https://registry.npmjs.org/error-stack-parser cache-miss
2000 silly fetch manifest hermes-parser@0.35.0
2001 silly packumentCache full:https://registry.npmjs.org/hermes-parser cache-miss
2002 silly fetch manifest https-proxy-agent@^7.0.5
2003 silly packumentCache full:https://registry.npmjs.org/https-proxy-agent cache-miss
2004 silly fetch manifest exponential-backoff@^3.1.1
2005 silly packumentCache full:https://registry.npmjs.org/exponential-backoff cache-miss
2006 silly fetch manifest lodash.throttle@^4.1.1
2007 silly packumentCache full:https://registry.npmjs.org/lodash.throttle cache-miss
2008 silly fetch manifest walker@^1.0.7
2009 silly packumentCache full:https://registry.npmjs.org/walker cache-miss
2010 silly fetch manifest micromatch@^4.0.4
2011 silly packumentCache full:https://registry.npmjs.org/micromatch cache-miss
2012 http cache https://registry.npmjs.org/hermes-parser 48ms (cache hit)
2013 silly packumentCache full:https://registry.npmjs.org/hermes-parser set size:170002 disposed:false
2014 silly fetch manifest fb-watchman@^2.0.0
2015 silly packumentCache full:https://registry.npmjs.org/fb-watchman cache-miss
2016 http cache https://registry.npmjs.org/ci-info 55ms (cache hit)
2017 silly packumentCache full:https://registry.npmjs.org/ci-info set size:91363 disposed:false
2018 silly fetch manifest graceful-fs@^4.2.4
2019 silly packumentCache full:https://registry.npmjs.org/graceful-fs cache-miss
2020 http cache https://registry.npmjs.org/jsc-safe-url 56ms (cache hit)
2021 silly packumentCache full:https://registry.npmjs.org/jsc-safe-url set size:13143 disposed:false
2022 silly fetch manifest jest-worker@^29.7.0
2023 silly packumentCache full:https://registry.npmjs.org/jest-worker cache-miss
2024 http cache https://registry.npmjs.org/accepts 61ms (cache hit)
2025 silly packumentCache full:https://registry.npmjs.org/accepts set size:77054 disposed:false
2026 silly fetch manifest terser@^5.15.0
2027 silly packumentCache full:https://registry.npmjs.org/terser cache-miss
2028 http cache https://registry.npmjs.org/hermes-parser 59ms (cache hit)
2029 silly packumentCache full:https://registry.npmjs.org/hermes-parser set size:170002 disposed:false
2030 silly packumentCache full:https://registry.npmjs.org/hermes-parser dispose
2031 silly fetch manifest ob1@0.84.4
2032 silly packumentCache full:https://registry.npmjs.org/ob1 cache-miss
2033 http fetch GET 200 https://registry.npmjs.org/image-size 256ms (cache miss)
2034 silly packumentCache full:https://registry.npmjs.org/image-size set size:undefined disposed:false
2035 silly fetch manifest vlq@^1.0.0
2036 silly packumentCache full:https://registry.npmjs.org/vlq cache-miss
2037 http fetch GET 200 https://registry.npmjs.org/error-stack-parser 278ms (cache miss)
2038 silly packumentCache full:https://registry.npmjs.org/error-stack-parser set size:undefined disposed:false
2039 silly fetch manifest source-map@^0.5.6
2040 silly packumentCache full:https://registry.npmjs.org/source-map cache-miss
2041 http fetch GET 200 https://registry.npmjs.org/mime-types 285ms (cache revalidated)
2042 silly packumentCache full:https://registry.npmjs.org/mime-types set size:139110 disposed:false
2043 silly fetch manifest vlq@^1.0.0
2044 silly packumentCache full:https://registry.npmjs.org/vlq cache-miss
2045 http fetch GET 200 https://registry.npmjs.org/lodash.throttle 287ms (cache miss)
2046 silly packumentCache full:https://registry.npmjs.org/lodash.throttle set size:undefined disposed:false
2047 silly fetch manifest source-map@^0.5.6
2048 silly packumentCache full:https://registry.npmjs.org/source-map cache-miss
2049 http fetch GET 200 https://registry.npmjs.org/serialize-error 295ms (cache miss)
2050 silly packumentCache full:https://registry.npmjs.org/serialize-error set size:undefined disposed:false
2051 http fetch GET 200 https://registry.npmjs.org/exponential-backoff 293ms (cache miss)
2052 silly packumentCache full:https://registry.npmjs.org/exponential-backoff set size:undefined disposed:false
2053 http fetch GET 200 https://registry.npmjs.org/walker 293ms (cache miss)
2054 silly packumentCache full:https://registry.npmjs.org/walker set size:undefined disposed:false
2055 http fetch GET 200 https://registry.npmjs.org/fb-watchman 254ms (cache miss)
2056 silly packumentCache full:https://registry.npmjs.org/fb-watchman set size:undefined disposed:false
2057 http fetch GET 200 https://registry.npmjs.org/lodash.throttle 305ms (cache miss)
2058 silly packumentCache full:https://registry.npmjs.org/lodash.throttle set size:undefined disposed:false
2059 http fetch GET 200 https://registry.npmjs.org/throat 311ms (cache miss)
2060 silly packumentCache full:https://registry.npmjs.org/throat set size:undefined disposed:false
2061 http fetch GET 200 https://registry.npmjs.org/source-map 315ms (cache miss)
2062 silly packumentCache full:https://registry.npmjs.org/source-map set size:undefined disposed:false
2063 http fetch GET 200 https://registry.npmjs.org/graceful-fs 318ms (cache revalidated)
2064 silly packumentCache full:https://registry.npmjs.org/graceful-fs set size:124285 disposed:false
2065 http fetch GET 200 https://registry.npmjs.org/jest-worker 323ms (cache miss)
2066 silly packumentCache full:https://registry.npmjs.org/jest-worker set size:undefined disposed:false
2067 http fetch GET 200 https://registry.npmjs.org/micromatch 320ms (cache revalidated)
2068 silly packumentCache full:https://registry.npmjs.org/micromatch set size:240630 disposed:false
2069 http fetch GET 200 https://registry.npmjs.org/jest-worker 282ms (cache miss)
2070 silly packumentCache full:https://registry.npmjs.org/jest-worker set size:undefined disposed:false
2071 http fetch GET 200 https://registry.npmjs.org/vlq 217ms (cache miss)
2072 silly packumentCache full:https://registry.npmjs.org/vlq set size:undefined disposed:false
2073 http fetch GET 200 https://registry.npmjs.org/https-proxy-agent 481ms (cache revalidated)
2074 silly packumentCache full:https://registry.npmjs.org/https-proxy-agent set size:83792 disposed:false
2075 http fetch GET 200 https://registry.npmjs.org/graceful-fs 445ms (cache revalidated)
2076 silly packumentCache full:https://registry.npmjs.org/graceful-fs set size:124285 disposed:false
2077 silly packumentCache full:https://registry.npmjs.org/graceful-fs dispose
2078 http fetch GET 200 https://registry.npmjs.org/source-map 234ms (cache miss)
2079 silly packumentCache full:https://registry.npmjs.org/source-map set size:undefined disposed:false
2080 http fetch GET 200 https://registry.npmjs.org/terser 460ms (cache miss)
2081 silly packumentCache full:https://registry.npmjs.org/terser set size:undefined disposed:false
2082 http fetch GET 200 https://registry.npmjs.org/vlq 251ms (cache miss)
2083 silly packumentCache full:https://registry.npmjs.org/vlq set size:undefined disposed:false
2084 http fetch GET 200 https://registry.npmjs.org/ob1 478ms (cache miss)
2085 silly packumentCache full:https://registry.npmjs.org/ob1 set size:undefined disposed:false
2086 http fetch GET 200 https://registry.npmjs.org/source-map 259ms (cache miss)
2087 silly packumentCache full:https://registry.npmjs.org/source-map set size:undefined disposed:false
2088 silly placeDep ROOT jsc-safe-url@0.2.4 OK for: @expo/metro-config@57.0.3 want: ^0.2.4
2089 silly placeDep ROOT lightningcss@1.32.0 OK for: @expo/metro-config@57.0.3 want: ^1.30.1
2090 silly placeDep ROOT picomatch@4.0.5 OK for: @expo/metro-config@57.0.3 want: ^4.0.4
2091 silly placeDep ROOT postcss@8.5.16 OK for: @expo/metro-config@57.0.3 want: ^8.5.14
2092 silly fetch manifest detect-libc@^2.0.3
2093 silly packumentCache full:https://registry.npmjs.org/detect-libc cache-miss
2094 silly fetch manifest lightningcss-darwin-x64@1.32.0
2095 silly packumentCache full:https://registry.npmjs.org/lightningcss-darwin-x64 cache-miss
2096 silly fetch manifest lightningcss-linux-x64-gnu@1.32.0
2097 silly packumentCache full:https://registry.npmjs.org/lightningcss-linux-x64-gnu cache-miss
2098 silly fetch manifest lightningcss-win32-x64-msvc@1.32.0
2099 silly packumentCache full:https://registry.npmjs.org/lightningcss-win32-x64-msvc cache-miss
2100 silly fetch manifest lightningcss-win32-arm64-msvc@1.32.0
2101 silly packumentCache full:https://registry.npmjs.org/lightningcss-win32-arm64-msvc cache-miss
2102 silly fetch manifest lightningcss-darwin-arm64@1.32.0
2103 silly packumentCache full:https://registry.npmjs.org/lightningcss-darwin-arm64 cache-miss
2104 silly fetch manifest lightningcss-linux-arm64-gnu@1.32.0
2105 silly packumentCache full:https://registry.npmjs.org/lightningcss-linux-arm64-gnu cache-miss
2106 silly fetch manifest lightningcss-linux-arm-gnueabihf@1.32.0
2107 silly packumentCache full:https://registry.npmjs.org/lightningcss-linux-arm-gnueabihf cache-miss
2108 silly fetch manifest lightningcss-linux-arm64-musl@1.32.0
2109 silly packumentCache full:https://registry.npmjs.org/lightningcss-linux-arm64-musl cache-miss
2110 silly fetch manifest lightningcss-linux-x64-musl@1.32.0
2111 silly packumentCache full:https://registry.npmjs.org/lightningcss-linux-x64-musl cache-miss
2112 silly fetch manifest lightningcss-freebsd-x64@1.32.0
2113 silly packumentCache full:https://registry.npmjs.org/lightningcss-freebsd-x64 cache-miss
2114 silly fetch manifest lightningcss-android-arm64@1.32.0
2115 silly packumentCache full:https://registry.npmjs.org/lightningcss-android-arm64 cache-miss
2116 silly fetch manifest nanoid@^3.3.12
2117 silly packumentCache full:https://registry.npmjs.org/nanoid cache-hit
2118 silly fetch manifest source-map-js@^1.2.1
2119 silly packumentCache full:https://registry.npmjs.org/source-map-js cache-miss
2120 http fetch GET 200 https://registry.npmjs.org/lightningcss-darwin-x64 232ms (cache miss)
2121 silly packumentCache full:https://registry.npmjs.org/lightningcss-darwin-x64 set size:undefined disposed:false
2122 http fetch GET 200 https://registry.npmjs.org/lightningcss-freebsd-x64 240ms (cache miss)
2123 silly packumentCache full:https://registry.npmjs.org/lightningcss-freebsd-x64 set size:undefined disposed:false
2124 http fetch GET 200 https://registry.npmjs.org/lightningcss-linux-x64-musl 243ms (cache miss)
2125 silly packumentCache full:https://registry.npmjs.org/lightningcss-linux-x64-musl set size:undefined disposed:false
2126 http fetch GET 200 https://registry.npmjs.org/lightningcss-win32-x64-msvc 249ms (cache miss)
2127 silly packumentCache full:https://registry.npmjs.org/lightningcss-win32-x64-msvc set size:undefined disposed:false
2128 http fetch GET 200 https://registry.npmjs.org/lightningcss-android-arm64 247ms (cache miss)
2129 silly packumentCache full:https://registry.npmjs.org/lightningcss-android-arm64 set size:undefined disposed:false
2130 http fetch GET 200 https://registry.npmjs.org/lightningcss-darwin-arm64 251ms (cache miss)
2131 silly packumentCache full:https://registry.npmjs.org/lightningcss-darwin-arm64 set size:undefined disposed:false
2132 http fetch GET 200 https://registry.npmjs.org/lightningcss-linux-arm64-musl 264ms (cache miss)
2133 silly packumentCache full:https://registry.npmjs.org/lightningcss-linux-arm64-musl set size:undefined disposed:false
2134 http fetch GET 200 https://registry.npmjs.org/lightningcss-linux-arm-gnueabihf 274ms (cache miss)
2135 silly packumentCache full:https://registry.npmjs.org/lightningcss-linux-arm-gnueabihf set size:undefined disposed:false
2136 http fetch GET 200 https://registry.npmjs.org/lightningcss-linux-x64-gnu 280ms (cache miss)
2137 silly packumentCache full:https://registry.npmjs.org/lightningcss-linux-x64-gnu set size:undefined disposed:false
2138 http fetch GET 200 https://registry.npmjs.org/detect-libc 283ms (cache miss)
2139 silly packumentCache full:https://registry.npmjs.org/detect-libc set size:undefined disposed:false
2140 http fetch GET 200 https://registry.npmjs.org/lightningcss-linux-arm64-gnu 281ms (cache miss)
2141 silly packumentCache full:https://registry.npmjs.org/lightningcss-linux-arm64-gnu set size:undefined disposed:false
2142 http fetch GET 200 https://registry.npmjs.org/source-map-js 280ms (cache miss)
2143 silly packumentCache full:https://registry.npmjs.org/source-map-js set size:undefined disposed:false
2144 http fetch GET 200 https://registry.npmjs.org/lightningcss-win32-arm64-msvc 297ms (cache miss)
2145 silly packumentCache full:https://registry.npmjs.org/lightningcss-win32-arm64-msvc set size:undefined disposed:false
2146 silly placeDep ROOT @xmldom/xmldom@0.8.13 OK for: @expo/plist@0.8.0 want: ^0.8.8
2147 silly placeDep ROOT base64-js@1.5.1 OK for: @expo/plist@0.8.0 want: ^1.5.1
2148 silly placeDep ROOT xmlbuilder@15.1.1 OK for: @expo/plist@0.8.0 want: ^15.1.1
2149 silly placeDep ROOT cross-spawn@7.0.6 OK for: @expo/spawn-async@1.8.0 want: ^7.0.6
2150 silly fetch manifest which@^2.0.1
2151 silly packumentCache full:https://registry.npmjs.org/which cache-miss
2152 silly fetch manifest path-key@^3.1.0
2153 silly packumentCache full:https://registry.npmjs.org/path-key cache-miss
2154 silly fetch manifest shebang-command@^2.0.0
2155 silly packumentCache full:https://registry.npmjs.org/shebang-command cache-miss
2156 http fetch GET 200 https://registry.npmjs.org/path-key 228ms (cache revalidated)
2157 silly packumentCache full:https://registry.npmjs.org/path-key set size:16975 disposed:false
2158 http fetch GET 200 https://registry.npmjs.org/shebang-command 234ms (cache revalidated)
2159 silly packumentCache full:https://registry.npmjs.org/shebang-command set size:8525 disposed:false
2160 http fetch GET 200 https://registry.npmjs.org/which 280ms (cache revalidated)
2161 silly packumentCache full:https://registry.npmjs.org/which set size:70143 disposed:false
2162 silly fetch manifest @babel/core@^7.12.0
2163 silly packumentCache full:https://registry.npmjs.org/@babel%2fcore cache-hit
2164 silly placeDep ROOT @babel/plugin-proposal-decorators@7.29.7 OK for: babel-preset-expo@57.0.1 want: ^7.12.9
2165 silly placeDep ROOT @babel/plugin-transform-class-static-block@7.29.7 OK for: babel-preset-expo@57.0.1 want: ^7.27.1
2166 silly placeDep ROOT @babel/plugin-transform-export-namespace-from@7.29.7 OK for: babel-preset-expo@57.0.1 want: ^7.25.9
2167 silly placeDep ROOT @babel/plugin-transform-logical-assignment-operators@7.29.7 OK for: babel-preset-expo@57.0.1 want: ^7.24.7
2168 silly placeDep ROOT @babel/plugin-transform-object-rest-spread@7.29.7 OK for: babel-preset-expo@57.0.1 want: ^7.24.7
2169 silly placeDep ROOT @babel/plugin-transform-parameters@7.29.7 OK for: babel-preset-expo@57.0.1 want: ^7.24.7
2170 silly placeDep ROOT @babel/plugin-transform-react-jsx-development@7.29.7 OK for: babel-preset-expo@57.0.1 want: ^7.27.1
2171 silly placeDep ROOT @babel/plugin-transform-react-pure-annotations@7.29.7 OK for: babel-preset-expo@57.0.1 want: ^7.27.1
2172 silly placeDep ROOT @babel/preset-typescript@7.29.7 OK for: babel-preset-expo@57.0.1 want: ^7.23.0
2173 silly placeDep ROOT babel-plugin-react-compiler@1.0.0 OK for: babel-preset-expo@57.0.1 want: ^1.0.0
2174 silly placeDep ROOT babel-plugin-react-native-web@0.21.2 OK for: babel-preset-expo@57.0.1 want: ~0.21.0
2175 silly fetch manifest @babel/plugin-syntax-decorators@^7.29.7
2176 silly packumentCache full:https://registry.npmjs.org/@babel%2fplugin-syntax-decorators cache-miss
2177 silly fetch manifest @babel/plugin-transform-parameters@^7.29.7
2178 silly packumentCache full:https://registry.npmjs.org/@babel%2fplugin-transform-parameters cache-miss
2179 http cache https://registry.npmjs.org/@babel%2fplugin-transform-parameters 12ms (cache hit)
2180 silly packumentCache full:https://registry.npmjs.org/@babel%2fplugin-transform-parameters set size:282283 disposed:false
2181 http fetch GET 200 https://registry.npmjs.org/@babel%2fplugin-syntax-decorators 230ms (cache miss)
2182 silly packumentCache full:https://registry.npmjs.org/@babel%2fplugin-syntax-decorators set size:undefined disposed:false
2183 silly placeDep ROOT @babel/plugin-syntax-decorators@7.29.7 OK for: @babel/plugin-proposal-decorators@7.29.7 want: ^7.29.7
2184 silly placeDep ROOT ansi-styles@4.3.0 OK for: chalk@4.1.2 want: ^4.1.0
2185 silly placeDep ROOT supports-color@7.2.0 OK for: chalk@4.1.2 want: ^7.1.0
2186 silly fetch manifest color-convert@^2.0.1
2187 silly packumentCache full:https://registry.npmjs.org/color-convert cache-miss
2188 silly fetch manifest has-flag@^4.0.0
2189 silly packumentCache full:https://registry.npmjs.org/has-flag cache-miss
2190 http fetch GET 200 https://registry.npmjs.org/has-flag 201ms (cache revalidated)
2191 silly packumentCache full:https://registry.npmjs.org/has-flag set size:15180 disposed:false
2192 http fetch GET 200 https://registry.npmjs.org/color-convert 215ms (cache revalidated)
2193 silly packumentCache full:https://registry.npmjs.org/color-convert set size:72663 disposed:false
2194 silly placeDep ROOT color-convert@2.0.1 OK for: ansi-styles@4.3.0 want: ^2.0.1
2195 silly fetch manifest color-name@~1.1.4
2196 silly packumentCache full:https://registry.npmjs.org/color-name cache-miss
2197 http fetch GET 200 https://registry.npmjs.org/color-name 224ms (cache revalidated)
2198 silly packumentCache full:https://registry.npmjs.org/color-name set size:19467 disposed:false
2199 silly placeDep ROOT color-name@1.1.4 OK for: color-convert@2.0.1 want: ~1.1.4
2200 silly placeDep ROOT path-key@3.1.1 OK for: cross-spawn@7.0.6 want: ^3.1.0
2201 silly placeDep ROOT shebang-command@2.0.0 OK for: cross-spawn@7.0.6 want: ^2.0.0
2202 silly placeDep ROOT which@2.0.2 OK for: cross-spawn@7.0.6 want: ^2.0.1
2203 silly fetch manifest shebang-regex@^3.0.0
2204 silly packumentCache full:https://registry.npmjs.org/shebang-regex cache-miss
2205 silly fetch manifest isexe@^2.0.0
2206 silly packumentCache full:https://registry.npmjs.org/isexe cache-miss
2207 http fetch GET 200 https://registry.npmjs.org/isexe 312ms (cache revalidated)
2208 silly packumentCache full:https://registry.npmjs.org/isexe set size:31756 disposed:false
2209 http fetch GET 200 https://registry.npmjs.org/shebang-regex 314ms (cache revalidated)
2210 silly packumentCache full:https://registry.npmjs.org/shebang-regex set size:9763 disposed:false
2211 silly placeDep ROOT @expo/image-utils@0.11.1 OK for: expo-asset@57.0.3 want: ^0.11.1
2212 silly fetch manifest parse-png@^2.1.0
2213 silly packumentCache full:https://registry.npmjs.org/parse-png cache-miss
2214 silly fetch manifest jimp-compact@0.16.1
2215 silly packumentCache full:https://registry.npmjs.org/jimp-compact cache-miss
2216 http fetch GET 200 https://registry.npmjs.org/parse-png 280ms (cache revalidated)
2217 silly packumentCache full:https://registry.npmjs.org/parse-png set size:13026 disposed:false
2218 http fetch GET 200 https://registry.npmjs.org/jimp-compact 281ms (cache revalidated)
2219 silly packumentCache full:https://registry.npmjs.org/jimp-compact set size:55876 disposed:false
2220 silly placeDep ROOT jimp-compact@0.16.1 OK for: @expo/image-utils@0.11.1 want: 0.16.1
2221 silly placeDep ROOT parse-png@2.1.0 OK for: @expo/image-utils@0.11.1 want: ^2.1.0
2222 silly fetch manifest pngjs@^3.3.0
2223 silly packumentCache full:https://registry.npmjs.org/pngjs cache-miss
2224 http fetch GET 200 https://registry.npmjs.org/pngjs 254ms (cache revalidated)
2225 silly packumentCache full:https://registry.npmjs.org/pngjs set size:70154 disposed:false
2226 silly placeDep ROOT ua-parser-js@0.7.41 OK for: expo-device@57.0.0 want: ^0.7.33
2227 silly placeDep ROOT fontfaceobserver@2.3.0 OK for: expo-font@57.0.0 want: ^2.1.0
2228 silly placeDep ROOT commander@7.2.0 OK for: expo-modules-autolinking@57.0.4 want: ^7.2.0
2229 silly placeDep ROOT @expo/expo-modules-macros-plugin@0.3.0 OK for: expo-modules-core@57.0.2 want: 0.3.0
2230 silly placeDep ROOT expo-modules-jsi@57.0.0 OK for: expo-modules-core@57.0.2 want: ~57.0.0
2231 silly fetch manifest @types/react@*
2232 silly packumentCache full:https://registry.npmjs.org/@types%2freact cache-miss
2233 http cache https://registry.npmjs.org/@types%2freact 18ms (cache hit)
2234 silly packumentCache full:https://registry.npmjs.org/@types%2freact set size:2632776 disposed:false
2235 silly fetch manifest @types/react-dom@*
2236 silly packumentCache full:https://registry.npmjs.org/@types%2freact-dom cache-miss
2237 http fetch GET 200 https://registry.npmjs.org/@types%2freact-dom 319ms (cache miss)
2238 silly packumentCache full:https://registry.npmjs.org/@types%2freact-dom set size:undefined disposed:false
2239 silly fetch manifest @testing-library/dom@>=7.21.4
2240 silly packumentCache full:https://registry.npmjs.org/@testing-library%2fdom cache-miss
2241 http fetch GET 200 https://registry.npmjs.org/@testing-library%2fdom 1400ms (cache miss)
2242 silly packumentCache full:https://registry.npmjs.org/@testing-library%2fdom set size:undefined disposed:false
2243 silly placeDep ROOT @expo/metro-runtime@57.0.3 OK for: expo-router@57.0.3 want: ^57.0.3
2244 silly placeDep ROOT @expo/schema-utils@57.0.1 OK for: expo-router@57.0.3 want: ^57.0.1
2245 silly placeDep ROOT @radix-ui/react-slot@1.3.0 OK for: expo-router@57.0.3 want: ^1.2.0
2246 silly placeDep ROOT @radix-ui/react-tabs@1.1.16 OK for: expo-router@57.0.3 want: ^1.1.12
2247 silly placeDep ROOT @react-native-masked-view/masked-view@0.3.2 OK for: expo-router@57.0.3 want: ^0.3.2
2248 silly placeDep ROOT @testing-library/jest-dom@6.9.1 OK for: expo-router@57.0.3 want: ^6.9.1
2249 silly placeDep ROOT @testing-library/user-event@14.6.1 OK for: expo-router@57.0.3 want: ^14.6.1
2250 silly placeDep ROOT @testing-library/dom@10.4.1 OK for: @testing-library/user-event@14.6.1 want: >=7.21.4
2251 silly placeDep ROOT client-only@0.0.1 OK for: expo-router@57.0.3 want: ^0.0.1
2252 silly placeDep ROOT color@4.2.3 OK for: expo-router@57.0.3 want: ^4.2.3
2253 silly placeDep ROOT escape-string-regexp@4.0.0 OK for: expo-router@57.0.3 want: ^4.0.0
2254 silly placeDep ROOT expo-server@57.0.0 OK for: expo-router@57.0.3 want: ^57.0.0
2255 silly placeDep ROOT fast-deep-equal@3.1.3 OK for: expo-router@57.0.3 want: ^3.1.3
2256 silly placeDep ROOT nanoid@3.3.15 OK for: expo-router@57.0.3 want: ^3.3.8
2257 silly placeDep ROOT query-string@7.1.3 OK for: expo-router@57.0.3 want: ^7.1.3
2258 silly placeDep ROOT react-fast-compare@3.2.2 OK for: expo-router@57.0.3 want: ^3.2.2
2259 silly placeDep ROOT react-is@19.2.7 OK for: expo-router@57.0.3 want: ^19.1.0
2260 silly placeDep ROOT react-native-drawer-layout@4.2.5 OK for: expo-router@57.0.3 want: ^4.2.2
2261 silly placeDep ROOT server-only@0.0.1 OK for: expo-router@57.0.3 want: ^0.0.1
2262 silly placeDep ROOT shallowequal@1.1.0 OK for: expo-router@57.0.3 want: ^1.1.0
2263 silly placeDep ROOT standard-navigation@0.0.5 OK for: expo-router@57.0.3 want: ^0.0.5
2264 silly fetch manifest @radix-ui/react-compose-refs@1.1.3
2265 silly packumentCache full:https://registry.npmjs.org/@radix-ui%2freact-compose-refs cache-miss
2266 silly fetch manifest @radix-ui/react-id@1.1.2
2267 silly packumentCache full:https://registry.npmjs.org/@radix-ui%2freact-id cache-miss
2268 silly fetch manifest @radix-ui/primitive@1.1.4
2269 silly packumentCache full:https://registry.npmjs.org/@radix-ui%2fprimitive cache-miss
2270 silly fetch manifest @radix-ui/react-context@1.1.4
2271 silly packumentCache full:https://registry.npmjs.org/@radix-ui%2freact-context cache-miss
2272 silly fetch manifest @radix-ui/react-presence@1.1.6
2273 silly packumentCache full:https://registry.npmjs.org/@radix-ui%2freact-presence cache-miss
2274 silly fetch manifest @radix-ui/react-direction@1.1.2
2275 silly packumentCache full:https://registry.npmjs.org/@radix-ui%2freact-direction cache-miss
2276 silly fetch manifest @radix-ui/react-primitive@2.1.7
2277 silly packumentCache full:https://registry.npmjs.org/@radix-ui%2freact-primitive cache-miss
2278 silly fetch manifest @radix-ui/react-roving-focus@1.1.14
2279 silly packumentCache full:https://registry.npmjs.org/@radix-ui%2freact-roving-focus cache-miss
2280 silly fetch manifest @radix-ui/react-use-controllable-state@1.2.3
2281 silly packumentCache full:https://registry.npmjs.org/@radix-ui%2freact-use-controllable-state cache-miss
2282 silly fetch manifest redent@^3.0.0
2283 silly packumentCache full:https://registry.npmjs.org/redent cache-miss
2284 silly fetch manifest aria-query@^5.0.0
2285 silly packumentCache full:https://registry.npmjs.org/aria-query cache-miss
2286 silly fetch manifest css.escape@^1.5.1
2287 silly packumentCache full:https://registry.npmjs.org/css.escape cache-miss
2288 silly fetch manifest @adobe/css-tools@^4.4.0
2289 silly packumentCache full:https://registry.npmjs.org/@adobe%2fcss-tools cache-miss
2290 silly fetch manifest dom-accessibility-api@^0.6.3
2291 silly packumentCache full:https://registry.npmjs.org/dom-accessibility-api cache-miss
2292 silly fetch manifest lz-string@^1.5.0
2293 silly packumentCache full:https://registry.npmjs.org/lz-string cache-miss
2294 silly fetch manifest aria-query@5.3.0
2295 silly packumentCache full:https://registry.npmjs.org/aria-query cache-miss
2296 silly fetch manifest pretty-format@^27.0.2
2297 silly packumentCache full:https://registry.npmjs.org/pretty-format cache-miss
2298 silly fetch manifest @types/aria-query@^5.0.1
2299 silly packumentCache full:https://registry.npmjs.org/@types%2faria-query cache-miss
2300 silly fetch manifest dom-accessibility-api@^0.5.9
2301 silly packumentCache full:https://registry.npmjs.org/dom-accessibility-api cache-miss
2302 http cache https://registry.npmjs.org/pretty-format 68ms (cache hit)
2303 silly packumentCache full:https://registry.npmjs.org/pretty-format set size:598313 disposed:false
2304 silly fetch manifest color-string@^1.9.0
2305 silly packumentCache full:https://registry.npmjs.org/color-string cache-miss
2306 http fetch GET 200 https://registry.npmjs.org/css.escape 272ms (cache miss)
2307 silly packumentCache full:https://registry.npmjs.org/css.escape set size:undefined disposed:false
2308 silly fetch manifest filter-obj@^1.1.0
2309 silly packumentCache full:https://registry.npmjs.org/filter-obj cache-miss
2310 http fetch GET 200 https://registry.npmjs.org/redent 287ms (cache miss)
2311 silly packumentCache full:https://registry.npmjs.org/redent set size:undefined disposed:false
2312 silly fetch manifest split-on-first@^1.0.0
2313 silly packumentCache full:https://registry.npmjs.org/split-on-first cache-miss
2314 http fetch GET 200 https://registry.npmjs.org/@radix-ui%2freact-presence 306ms (cache miss)
2315 silly packumentCache full:https://registry.npmjs.org/@radix-ui%2freact-presence set size:undefined disposed:false
2316 silly fetch manifest strict-uri-encode@^2.0.0
2317 silly packumentCache full:https://registry.npmjs.org/strict-uri-encode cache-miss
2318 http fetch GET 200 https://registry.npmjs.org/lz-string 329ms (cache miss)
2319 silly packumentCache full:https://registry.npmjs.org/lz-string set size:undefined disposed:false
2320 silly fetch manifest decode-uri-component@^0.2.2
2321 silly packumentCache full:https://registry.npmjs.org/decode-uri-component cache-miss
2322 http fetch GET 200 https://registry.npmjs.org/dom-accessibility-api 339ms (cache miss)
2323 silly packumentCache full:https://registry.npmjs.org/dom-accessibility-api set size:undefined disposed:false
2324 silly fetch manifest use-latest-callback@^0.2.4
2325 silly packumentCache full:https://registry.npmjs.org/use-latest-callback cache-miss
2326 http fetch GET 200 https://registry.npmjs.org/@radix-ui%2fprimitive 347ms (cache miss)
2327 silly packumentCache full:https://registry.npmjs.org/@radix-ui%2fprimitive set size:undefined disposed:false
2328 http fetch GET 200 https://registry.npmjs.org/aria-query 346ms (cache miss)
2329 silly packumentCache full:https://registry.npmjs.org/aria-query set size:undefined disposed:false
2330 http fetch GET 200 https://registry.npmjs.org/@radix-ui%2freact-direction 350ms (cache miss)
2331 silly packumentCache full:https://registry.npmjs.org/@radix-ui%2freact-direction set size:undefined disposed:false
2332 http fetch GET 200 https://registry.npmjs.org/@adobe%2fcss-tools 354ms (cache miss)
2333 silly packumentCache full:https://registry.npmjs.org/@adobe%2fcss-tools set size:undefined disposed:false
2334 http fetch GET 200 https://registry.npmjs.org/@radix-ui%2freact-id 362ms (cache miss)
2335 silly packumentCache full:https://registry.npmjs.org/@radix-ui%2freact-id set size:undefined disposed:false
2336 http fetch GET 200 https://registry.npmjs.org/@radix-ui%2freact-compose-refs 366ms (cache miss)
2337 silly packumentCache full:https://registry.npmjs.org/@radix-ui%2freact-compose-refs set size:undefined disposed:false
2338 http fetch GET 200 https://registry.npmjs.org/@radix-ui%2freact-use-controllable-state 366ms (cache miss)
2339 silly packumentCache full:https://registry.npmjs.org/@radix-ui%2freact-use-controllable-state set size:undefined disposed:false
2340 http fetch GET 200 https://registry.npmjs.org/@radix-ui%2freact-context 381ms (cache miss)
2341 silly packumentCache full:https://registry.npmjs.org/@radix-ui%2freact-context set size:undefined disposed:false
2342 http fetch GET 200 https://registry.npmjs.org/@radix-ui%2freact-primitive 390ms (cache miss)
2343 silly packumentCache full:https://registry.npmjs.org/@radix-ui%2freact-primitive set size:undefined disposed:false
2344 http fetch GET 200 https://registry.npmjs.org/@radix-ui%2freact-roving-focus 396ms (cache miss)
2345 silly packumentCache full:https://registry.npmjs.org/@radix-ui%2freact-roving-focus set size:undefined disposed:false
2346 http fetch GET 200 https://registry.npmjs.org/aria-query 488ms (cache miss)
2347 silly packumentCache full:https://registry.npmjs.org/aria-query set size:undefined disposed:false
2348 http fetch GET 200 https://registry.npmjs.org/dom-accessibility-api 499ms (cache miss)
2349 silly packumentCache full:https://registry.npmjs.org/dom-accessibility-api set size:undefined disposed:false
2350 http fetch GET 200 https://registry.npmjs.org/@types%2faria-query 527ms (cache miss)
2351 silly packumentCache full:https://registry.npmjs.org/@types%2faria-query set size:undefined disposed:false
2352 http fetch GET 200 https://registry.npmjs.org/filter-obj 257ms (cache miss)
2353 silly packumentCache full:https://registry.npmjs.org/filter-obj set size:undefined disposed:false
2354 http fetch GET 200 https://registry.npmjs.org/split-on-first 250ms (cache miss)
2355 silly packumentCache full:https://registry.npmjs.org/split-on-first set size:undefined disposed:false
2356 http fetch GET 200 https://registry.npmjs.org/color-string 466ms (cache miss)
2357 silly packumentCache full:https://registry.npmjs.org/color-string set size:undefined disposed:false
2358 http fetch GET 200 https://registry.npmjs.org/strict-uri-encode 262ms (cache miss)
2359 silly packumentCache full:https://registry.npmjs.org/strict-uri-encode set size:undefined disposed:false
2360 http fetch GET 200 https://registry.npmjs.org/decode-uri-component 266ms (cache miss)
2361 silly packumentCache full:https://registry.npmjs.org/decode-uri-component set size:undefined disposed:false
2362 http fetch GET 200 https://registry.npmjs.org/use-latest-callback 300ms (cache miss)
2363 silly packumentCache full:https://registry.npmjs.org/use-latest-callback set size:undefined disposed:false
2364 silly placeDep ROOT whatwg-fetch@3.6.20 OK for: @expo/metro-runtime@57.0.3 want: ^3.0.0
2365 silly fetch manifest react@^16.8 || ^17.0 || ^18.0 || ^19.0 || ^19.0.0-rc
2366 silly packumentCache full:https://registry.npmjs.org/react cache-miss
2367 http cache https://registry.npmjs.org/react 29ms (cache hit)
2368 silly packumentCache full:https://registry.npmjs.org/react set size:6765208 disposed:false
2369 silly placeDep ROOT @radix-ui/react-compose-refs@1.1.3 OK for: @radix-ui/react-slot@1.3.0 want: 1.1.3
2370 silly fetch manifest react-dom@^16.8 || ^17.0 || ^18.0 || ^19.0 || ^19.0.0-rc
2371 silly packumentCache full:https://registry.npmjs.org/react-dom cache-miss
2372 http cache https://registry.npmjs.org/react-dom 35ms (cache hit)
2373 silly packumentCache full:https://registry.npmjs.org/react-dom set size:9055010 disposed:false
2374 silly placeDep ROOT @radix-ui/primitive@1.1.4 OK for: @radix-ui/react-tabs@1.1.16 want: 1.1.4
2375 silly placeDep ROOT @radix-ui/react-context@1.1.4 OK for: @radix-ui/react-tabs@1.1.16 want: 1.1.4
2376 silly placeDep ROOT @radix-ui/react-direction@1.1.2 OK for: @radix-ui/react-tabs@1.1.16 want: 1.1.2
2377 silly placeDep ROOT @radix-ui/react-id@1.1.2 OK for: @radix-ui/react-tabs@1.1.16 want: 1.1.2
2378 silly placeDep ROOT @radix-ui/react-presence@1.1.6 OK for: @radix-ui/react-tabs@1.1.16 want: 1.1.6
2379 silly placeDep ROOT @radix-ui/react-primitive@2.1.7 OK for: @radix-ui/react-tabs@1.1.16 want: 2.1.7
2380 silly placeDep ROOT @radix-ui/react-roving-focus@1.1.14 OK for: @radix-ui/react-tabs@1.1.16 want: 1.1.14
2381 silly placeDep ROOT @radix-ui/react-use-controllable-state@1.2.3 OK for: @radix-ui/react-tabs@1.1.16 want: 1.2.3
2382 silly fetch manifest @radix-ui/react-use-layout-effect@1.1.2
2383 silly packumentCache full:https://registry.npmjs.org/@radix-ui%2freact-use-layout-effect cache-miss
2384 silly fetch manifest @radix-ui/react-use-layout-effect@1.1.2
2385 silly packumentCache full:https://registry.npmjs.org/@radix-ui%2freact-use-layout-effect cache-miss
2386 silly fetch manifest @radix-ui/react-collection@1.1.11
2387 silly packumentCache full:https://registry.npmjs.org/@radix-ui%2freact-collection cache-miss
2388 silly fetch manifest @radix-ui/react-use-callback-ref@1.1.2
2389 silly packumentCache full:https://registry.npmjs.org/@radix-ui%2freact-use-callback-ref cache-miss
2390 silly fetch manifest @radix-ui/react-use-effect-event@0.0.3
2391 silly packumentCache full:https://registry.npmjs.org/@radix-ui%2freact-use-effect-event cache-miss
2392 silly fetch manifest @radix-ui/react-use-layout-effect@1.1.2
2393 silly packumentCache full:https://registry.npmjs.org/@radix-ui%2freact-use-layout-effect cache-miss
2394 http fetch GET 200 https://registry.npmjs.org/@radix-ui%2freact-use-layout-effect 249ms (cache miss)
2395 silly packumentCache full:https://registry.npmjs.org/@radix-ui%2freact-use-layout-effect set size:undefined disposed:false
2396 http fetch GET 200 https://registry.npmjs.org/@radix-ui%2freact-use-layout-effect 250ms (cache miss)
2397 silly packumentCache full:https://registry.npmjs.org/@radix-ui%2freact-use-layout-effect set size:undefined disposed:false
2398 http fetch GET 200 https://registry.npmjs.org/@radix-ui%2freact-use-layout-effect 277ms (cache miss)
2399 silly packumentCache full:https://registry.npmjs.org/@radix-ui%2freact-use-layout-effect set size:undefined disposed:false
2400 http fetch GET 200 https://registry.npmjs.org/@radix-ui%2freact-use-effect-event 281ms (cache miss)
2401 silly packumentCache full:https://registry.npmjs.org/@radix-ui%2freact-use-effect-event set size:undefined disposed:false
2402 http fetch GET 200 https://registry.npmjs.org/@radix-ui%2freact-use-callback-ref 305ms (cache miss)
2403 silly packumentCache full:https://registry.npmjs.org/@radix-ui%2freact-use-callback-ref set size:undefined disposed:false
2404 http fetch GET 200 https://registry.npmjs.org/@radix-ui%2freact-collection 419ms (cache miss)
2405 silly packumentCache full:https://registry.npmjs.org/@radix-ui%2freact-collection set size:undefined disposed:false
2406 silly placeDep ROOT @radix-ui/react-use-layout-effect@1.1.2 OK for: @radix-ui/react-id@1.1.2 want: 1.1.2
2407 silly placeDep ROOT @radix-ui/react-collection@1.1.11 OK for: @radix-ui/react-roving-focus@1.1.14 want: 1.1.11
2408 silly placeDep ROOT @radix-ui/react-use-callback-ref@1.1.2 OK for: @radix-ui/react-roving-focus@1.1.14 want: 1.1.2
2409 silly placeDep ROOT @radix-ui/react-use-effect-event@0.0.3 OK for: @radix-ui/react-use-controllable-state@1.2.3 want: 0.0.3
2410 silly placeDep ROOT @types/aria-query@5.0.4 OK for: @testing-library/dom@10.4.1 want: ^5.0.1
2411 silly placeDep ROOT aria-query@5.3.0 OK for: @testing-library/dom@10.4.1 want: 5.3.0
2412 silly placeDep ROOT dom-accessibility-api@0.5.16 OK for: @testing-library/dom@10.4.1 want: ^0.5.9
2413 silly placeDep ROOT lz-string@1.5.0 OK for: @testing-library/dom@10.4.1 want: ^1.5.0
2414 silly placeDep node_modules/@testing-library/dom pretty-format@27.5.1 OK for: @testing-library/dom@10.4.1 want: ^27.0.2
2415 silly fetch manifest dequal@^2.0.3
2416 silly packumentCache full:https://registry.npmjs.org/dequal cache-miss
2417 silly fetch manifest react-is@^17.0.1
2418 silly packumentCache full:https://registry.npmjs.org/react-is cache-miss
2419 silly fetch manifest ansi-regex@^5.0.1
2420 silly packumentCache full:https://registry.npmjs.org/ansi-regex cache-hit
2421 http cache https://registry.npmjs.org/react-is 28ms (cache hit)
2422 silly packumentCache full:https://registry.npmjs.org/react-is set size:5473575 disposed:false
2423 http fetch GET 200 https://registry.npmjs.org/dequal 1600ms (cache miss)
2424 silly packumentCache full:https://registry.npmjs.org/dequal set size:undefined disposed:false
2425 silly placeDep ROOT @adobe/css-tools@4.5.0 OK for: @testing-library/jest-dom@6.9.1 want: ^4.4.0
2426 silly placeDep ROOT css.escape@1.5.1 OK for: @testing-library/jest-dom@6.9.1 want: ^1.5.1
2427 silly placeDep node_modules/@testing-library/jest-dom dom-accessibility-api@0.6.3 OK for: @testing-library/jest-dom@6.9.1 want: ^0.6.3
2428 silly placeDep ROOT redent@3.0.0 OK for: @testing-library/jest-dom@6.9.1 want: ^3.0.0
2429 silly fetch manifest indent-string@^4.0.0
2430 silly packumentCache full:https://registry.npmjs.org/indent-string cache-miss
2431 silly fetch manifest strip-indent@^3.0.0
2432 silly packumentCache full:https://registry.npmjs.org/strip-indent cache-miss
2433 http fetch GET 200 https://registry.npmjs.org/strip-indent 301ms (cache miss)
2434 silly packumentCache full:https://registry.npmjs.org/strip-indent set size:undefined disposed:false
2435 http fetch GET 200 https://registry.npmjs.org/indent-string 320ms (cache revalidated)
2436 silly packumentCache full:https://registry.npmjs.org/indent-string set size:28547 disposed:false
2437 silly placeDep ROOT dequal@2.0.3 OK for: aria-query@5.3.0 want: ^2.0.3
2438 silly placeDep ROOT color-string@1.9.1 OK for: color@4.2.3 want: ^1.9.0
2439 silly fetch manifest simple-swizzle@^0.2.2
2440 silly packumentCache full:https://registry.npmjs.org/simple-swizzle cache-miss
2441 http fetch GET 200 https://registry.npmjs.org/simple-swizzle 218ms (cache miss)
2442 silly packumentCache full:https://registry.npmjs.org/simple-swizzle set size:undefined disposed:false
2443 silly placeDep ROOT simple-swizzle@0.2.4 OK for: color-string@1.9.1 want: ^0.2.2
2444 silly fetch manifest is-arrayish@^0.3.1
2445 silly packumentCache full:https://registry.npmjs.org/is-arrayish cache-miss
2446 http fetch GET 200 https://registry.npmjs.org/is-arrayish 321ms (cache revalidated)
2447 silly packumentCache full:https://registry.npmjs.org/is-arrayish set size:15371 disposed:false
2448 silly placeDep ROOT @expo-google-fonts/material-symbols@0.4.38 OK for: expo-symbols@57.0.0 want: ^0.4.1
2449 silly placeDep ROOT @react-native/normalize-colors@0.86.0 OK for: expo-system-ui@57.0.0 want: 0.86.0
2450 silly placeDep ROOT minipass@7.1.3 OK for: glob@13.0.6 want: ^7.1.3
2451 silly placeDep ROOT path-scurry@2.0.2 OK for: glob@13.0.6 want: ^2.0.2
2452 silly placeDep ROOT hermes-estree@0.36.0 OK for: hermes-parser@0.36.0 want: 0.36.0
2453 silly placeDep ROOT loose-envify@1.4.0 OK for: invariant@2.2.4 want: ^1.0.0
2454 silly placeDep ROOT detect-libc@2.1.2 OK for: lightningcss@1.32.0 want: ^2.0.3
2455 silly placeDep ROOT lightningcss-android-arm64@1.32.0 OK for: lightningcss@1.32.0 want: 1.32.0
2456 silly placeDep ROOT lightningcss-darwin-arm64@1.32.0 OK for: lightningcss@1.32.0 want: 1.32.0
2457 silly placeDep ROOT lightningcss-darwin-x64@1.32.0 OK for: lightningcss@1.32.0 want: 1.32.0
2458 silly placeDep ROOT lightningcss-freebsd-x64@1.32.0 OK for: lightningcss@1.32.0 want: 1.32.0
2459 silly placeDep ROOT lightningcss-linux-arm-gnueabihf@1.32.0 OK for: lightningcss@1.32.0 want: 1.32.0
2460 silly placeDep ROOT lightningcss-linux-arm64-gnu@1.32.0 OK for: lightningcss@1.32.0 want: 1.32.0
2461 silly placeDep ROOT lightningcss-linux-arm64-musl@1.32.0 OK for: lightningcss@1.32.0 want: 1.32.0
2462 silly placeDep ROOT lightningcss-linux-x64-gnu@1.32.0 OK for: lightningcss@1.32.0 want: 1.32.0
2463 silly placeDep ROOT lightningcss-linux-x64-musl@1.32.0 OK for: lightningcss@1.32.0 want: 1.32.0
2464 silly placeDep ROOT lightningcss-win32-arm64-msvc@1.32.0 OK for: lightningcss@1.32.0 want: 1.32.0
2465 silly placeDep ROOT lightningcss-win32-x64-msvc@1.32.0 OK for: lightningcss@1.32.0 want: 1.32.0
2466 silly placeDep ROOT yallist@3.1.1 OK for: lru-cache@5.1.1 want: ^3.0.2
2467 silly fetch manifest bufferutil@^4.0.1
2468 silly packumentCache full:https://registry.npmjs.org/bufferutil cache-miss
2469 http fetch GET 200 https://registry.npmjs.org/bufferutil 268ms (cache miss)
2470 silly packumentCache full:https://registry.npmjs.org/bufferutil set size:undefined disposed:false
2471 silly fetch manifest utf-8-validate@^5.0.2
2472 silly packumentCache full:https://registry.npmjs.org/utf-8-validate cache-miss
2473 http fetch GET 200 https://registry.npmjs.org/utf-8-validate 351ms (cache miss)
2474 silly packumentCache full:https://registry.npmjs.org/utf-8-validate set size:undefined disposed:false
2475 silly placeDep ROOT accepts@2.0.0 OK for: metro@0.84.4 want: ^2.0.0
2476 silly placeDep ROOT ci-info@2.0.0 OK for: metro@0.84.4 want: ^2.0.0
2477 silly placeDep ROOT connect@3.7.0 OK for: metro@0.84.4 want: ^3.6.5
2478 silly placeDep ROOT error-stack-parser@2.1.4 OK for: metro@0.84.4 want: ^2.0.6
2479 silly placeDep ROOT flow-enums-runtime@0.0.6 OK for: metro@0.84.4 want: ^0.0.6
2480 silly placeDep ROOT graceful-fs@4.2.11 OK for: metro@0.84.4 want: ^4.2.4
2481 silly placeDep node_modules/metro hermes-parser@0.35.0 OK for: metro@0.84.4 want: 0.35.0
2482 silly placeDep ROOT image-size@1.2.1 OK for: metro@0.84.4 want: ^1.0.2
2483 silly placeDep ROOT jest-worker@29.7.0 OK for: metro@0.84.4 want: ^29.7.0
2484 silly placeDep ROOT lodash.throttle@4.1.1 OK for: metro@0.84.4 want: ^4.1.1
2485 silly placeDep ROOT mime-types@3.0.2 OK for: metro@0.84.4 want: ^3.0.1
2486 silly placeDep ROOT serialize-error@2.1.0 OK for: metro@0.84.4 want: ^2.1.0
2487 silly placeDep ROOT source-map@0.5.7 OK for: metro@0.84.4 want: ^0.5.6
2488 silly placeDep ROOT throat@5.0.0 OK for: metro@0.84.4 want: ^5.0.0
2489 silly placeDep ROOT ws@7.5.11 OK for: metro@0.84.4 want: ^7.5.10
2490 silly fetch manifest mime-types@^3.0.0
2491 silly packumentCache full:https://registry.npmjs.org/mime-types cache-hit
2492 silly fetch manifest negotiator@^1.0.0
2493 silly packumentCache full:https://registry.npmjs.org/negotiator cache-miss
2494 silly fetch manifest debug@2.6.9
2495 silly packumentCache full:https://registry.npmjs.org/debug cache-hit
2496 silly fetch manifest finalhandler@1.1.2
2497 silly packumentCache full:https://registry.npmjs.org/finalhandler cache-miss
2498 silly fetch manifest parseurl@~1.3.3
2499 silly packumentCache full:https://registry.npmjs.org/parseurl cache-miss
2500 silly fetch manifest utils-merge@1.0.1
2501 silly packumentCache full:https://registry.npmjs.org/utils-merge cache-miss
2502 silly fetch manifest stackframe@^1.3.4
2503 silly packumentCache full:https://registry.npmjs.org/stackframe cache-miss
2504 silly fetch manifest hermes-estree@0.35.0
2505 silly packumentCache full:https://registry.npmjs.org/hermes-estree cache-miss
2506 silly fetch manifest queue@6.0.2
2507 silly packumentCache full:https://registry.npmjs.org/queue cache-miss
2508 silly fetch manifest jest-util@^29.7.0
2509 silly packumentCache full:https://registry.npmjs.org/jest-util cache-miss
2510 silly fetch manifest @types/node@*
2511 silly packumentCache full:https://registry.npmjs.org/@types%2fnode cache-miss
2512 silly fetch manifest merge-stream@^2.0.0
2513 silly packumentCache full:https://registry.npmjs.org/merge-stream cache-miss
2514 silly fetch manifest supports-color@^8.0.0
2515 silly packumentCache full:https://registry.npmjs.org/supports-color cache-hit
2516 silly fetch manifest mime-db@^1.54.0
2517 silly packumentCache full:https://registry.npmjs.org/mime-db cache-miss
2518 http cache https://registry.npmjs.org/hermes-estree 19ms (cache hit)
2519 silly packumentCache full:https://registry.npmjs.org/hermes-estree set size:130205 disposed:false
2520 http fetch GET 200 https://registry.npmjs.org/utils-merge 230ms (cache miss)
2521 silly packumentCache full:https://registry.npmjs.org/utils-merge set size:undefined disposed:false
2522 http fetch GET 200 https://registry.npmjs.org/negotiator 237ms (cache miss)
2523 silly packumentCache full:https://registry.npmjs.org/negotiator set size:undefined disposed:false
2524 http fetch GET 200 https://registry.npmjs.org/merge-stream 237ms (cache miss)
2525 silly packumentCache full:https://registry.npmjs.org/merge-stream set size:undefined disposed:false
2526 http fetch GET 200 https://registry.npmjs.org/finalhandler 256ms (cache miss)
2527 silly packumentCache full:https://registry.npmjs.org/finalhandler set size:undefined disposed:false
2528 http fetch GET 200 https://registry.npmjs.org/stackframe 259ms (cache miss)
2529 silly packumentCache full:https://registry.npmjs.org/stackframe set size:undefined disposed:false
2530 http fetch GET 200 https://registry.npmjs.org/queue 260ms (cache miss)
2531 silly packumentCache full:https://registry.npmjs.org/queue set size:undefined disposed:false
2532 http fetch GET 200 https://registry.npmjs.org/mime-db 268ms (cache revalidated)
2533 silly packumentCache full:https://registry.npmjs.org/mime-db set size:164953 disposed:false
2534 http fetch GET 200 https://registry.npmjs.org/parseurl 280ms (cache miss)
2535 silly packumentCache full:https://registry.npmjs.org/parseurl set size:undefined disposed:false
2536 http fetch GET 200 https://registry.npmjs.org/@types%2fnode 311ms (cache revalidated)
2537 silly packumentCache full:https://registry.npmjs.org/@types%2fnode set size:11066386 disposed:false
2538 http fetch GET 200 https://registry.npmjs.org/jest-util 387ms (cache miss)
2539 silly packumentCache full:https://registry.npmjs.org/jest-util set size:undefined disposed:false
2540 silly placeDep ROOT negotiator@1.0.0 OK for: accepts@2.0.0 want: ^1.0.0
2541 silly placeDep node_modules/connect debug@2.6.9 OK for: connect@3.7.0 want: 2.6.9
2542 silly placeDep ROOT finalhandler@1.1.2 OK for: connect@3.7.0 want: 1.1.2
2543 silly placeDep ROOT parseurl@1.3.3 OK for: connect@3.7.0 want: ~1.3.3
2544 silly placeDep ROOT utils-merge@1.0.1 OK for: connect@3.7.0 want: 1.0.1
2545 silly fetch manifest ms@2.0.0
2546 silly packumentCache full:https://registry.npmjs.org/ms cache-hit
2547 silly fetch manifest unpipe@~1.0.0
2548 silly packumentCache full:https://registry.npmjs.org/unpipe cache-miss
2549 silly fetch manifest statuses@~1.5.0
2550 silly packumentCache full:https://registry.npmjs.org/statuses cache-miss
2551 silly fetch manifest encodeurl@~1.0.2
2552 silly packumentCache full:https://registry.npmjs.org/encodeurl cache-miss
2553 silly fetch manifest escape-html@~1.0.3
2554 silly packumentCache full:https://registry.npmjs.org/escape-html cache-miss
2555 silly fetch manifest on-finished@~2.3.0
2556 silly packumentCache full:https://registry.npmjs.org/on-finished cache-miss
2557 http fetch GET 200 https://registry.npmjs.org/statuses 234ms (cache miss)
2558 silly packumentCache full:https://registry.npmjs.org/statuses set size:undefined disposed:false
2559 http fetch GET 200 https://registry.npmjs.org/encodeurl 257ms (cache miss)
2560 silly packumentCache full:https://registry.npmjs.org/encodeurl set size:undefined disposed:false
2561 http fetch GET 200 https://registry.npmjs.org/unpipe 260ms (cache miss)
2562 silly packumentCache full:https://registry.npmjs.org/unpipe set size:undefined disposed:false
2563 http fetch GET 200 https://registry.npmjs.org/on-finished 278ms (cache miss)
2564 silly packumentCache full:https://registry.npmjs.org/on-finished set size:undefined disposed:false
2565 http fetch GET 200 https://registry.npmjs.org/escape-html 293ms (cache miss)
2566 silly packumentCache full:https://registry.npmjs.org/escape-html set size:undefined disposed:false
2567 silly placeDep ROOT stackframe@1.3.4 OK for: error-stack-parser@2.1.4 want: ^1.3.4
2568 silly placeDep node_modules/finalhandler debug@2.6.9 OK for: finalhandler@1.1.2 want: 2.6.9
2569 silly placeDep ROOT encodeurl@1.0.2 OK for: finalhandler@1.1.2 want: ~1.0.2
2570 silly placeDep ROOT escape-html@1.0.3 OK for: finalhandler@1.1.2 want: ~1.0.3
2571 silly placeDep ROOT on-finished@2.3.0 OK for: finalhandler@1.1.2 want: ~2.3.0
2572 silly placeDep ROOT statuses@1.5.0 OK for: finalhandler@1.1.2 want: ~1.5.0
2573 silly placeDep ROOT unpipe@1.0.0 OK for: finalhandler@1.1.2 want: ~1.0.0
2574 silly fetch manifest ee-first@1.1.1
2575 silly packumentCache full:https://registry.npmjs.org/ee-first cache-miss
2576 http fetch GET 200 https://registry.npmjs.org/ee-first 215ms (cache miss)
2577 silly packumentCache full:https://registry.npmjs.org/ee-first set size:undefined disposed:false
2578 silly placeDep ROOT queue@6.0.2 OK for: image-size@1.2.1 want: 6.0.2
2579 silly fetch manifest inherits@~2.0.3
2580 silly packumentCache full:https://registry.npmjs.org/inherits cache-miss
2581 http fetch GET 200 https://registry.npmjs.org/inherits 376ms (cache revalidated)
2582 silly packumentCache full:https://registry.npmjs.org/inherits set size:12925 disposed:false
2583 silly placeDep ROOT @types/node@26.1.0 OK for: jest-worker@29.7.0 want: *
2584 silly placeDep ROOT jest-util@29.7.0 OK for: jest-worker@29.7.0 want: ^29.7.0
2585 silly placeDep ROOT merge-stream@2.0.0 OK for: jest-worker@29.7.0 want: ^2.0.0
2586 silly placeDep node_modules/jest-worker supports-color@8.1.1 OK for: jest-worker@29.7.0 want: ^8.0.0
2587 silly fetch manifest undici-types@~8.3.0
2588 silly packumentCache full:https://registry.npmjs.org/undici-types cache-miss
2589 silly fetch manifest ci-info@^3.2.0
2590 silly packumentCache full:https://registry.npmjs.org/ci-info cache-hit
2591 silly fetch manifest picomatch@^2.2.3
2592 silly packumentCache full:https://registry.npmjs.org/picomatch cache-hit
2593 silly fetch manifest @jest/types@^29.6.3
2594 silly packumentCache full:https://registry.npmjs.org/@jest%2ftypes cache-miss
2595 http fetch GET 200 https://registry.npmjs.org/undici-types 247ms (cache revalidated)
2596 silly packumentCache full:https://registry.npmjs.org/undici-types set size:237431 disposed:false
2597 http fetch GET 200 https://registry.npmjs.org/@jest%2ftypes 321ms (cache miss)
2598 silly packumentCache full:https://registry.npmjs.org/@jest%2ftypes set size:undefined disposed:false
2599 silly placeDep ROOT undici-types@8.3.0 OK for: @types/node@26.1.0 want: ~8.3.0
2600 silly placeDep ROOT @jest/types@29.6.3 OK for: jest-util@29.7.0 want: ^29.6.3
2601 silly placeDep node_modules/jest-util ci-info@3.9.0 OK for: jest-util@29.7.0 want: ^3.2.0
2602 silly placeDep node_modules/jest-util picomatch@2.3.2 OK for: jest-util@29.7.0 want: ^2.2.3
2603 silly fetch manifest @types/yargs@^17.0.8
2604 silly packumentCache full:https://registry.npmjs.org/@types%2fyargs cache-miss
2605 silly fetch manifest @types/istanbul-reports@^3.0.0
2606 silly packumentCache full:https://registry.npmjs.org/@types%2fistanbul-reports cache-miss
2607 silly fetch manifest @types/istanbul-lib-coverage@^2.0.0
2608 silly packumentCache full:https://registry.npmjs.org/@types%2fistanbul-lib-coverage cache-miss
2609 http fetch GET 200 https://registry.npmjs.org/@types%2fistanbul-reports 260ms (cache miss)
2610 silly packumentCache full:https://registry.npmjs.org/@types%2fistanbul-reports set size:undefined disposed:false
2611 http fetch GET 200 https://registry.npmjs.org/@types%2fistanbul-lib-coverage 301ms (cache miss)
2612 silly packumentCache full:https://registry.npmjs.org/@types%2fistanbul-lib-coverage set size:undefined disposed:false
2613 http fetch GET 200 https://registry.npmjs.org/@types%2fyargs 304ms (cache miss)
2614 silly packumentCache full:https://registry.npmjs.org/@types%2fyargs set size:undefined disposed:false
2615 silly placeDep ROOT @jest/schemas@29.6.3 OK for: @jest/types@29.6.3 want: ^29.6.3
2616 silly placeDep ROOT @types/istanbul-lib-coverage@2.0.6 OK for: @jest/types@29.6.3 want: ^2.0.0
2617 silly placeDep ROOT @types/istanbul-reports@3.0.4 OK for: @jest/types@29.6.3 want: ^3.0.0
2618 silly placeDep ROOT @types/yargs@17.0.35 OK for: @jest/types@29.6.3 want: ^17.0.8
2619 silly fetch manifest @sinclair/typebox@^0.27.8
2620 silly packumentCache full:https://registry.npmjs.org/@sinclair%2ftypebox cache-miss
2621 silly fetch manifest @types/istanbul-lib-report@*
2622 silly packumentCache full:https://registry.npmjs.org/@types%2fistanbul-lib-report cache-miss
2623 silly fetch manifest @types/yargs-parser@*
2624 silly packumentCache full:https://registry.npmjs.org/@types%2fyargs-parser cache-miss
2625 http fetch GET 200 https://registry.npmjs.org/@types%2fistanbul-lib-report 217ms (cache miss)
2626 silly packumentCache full:https://registry.npmjs.org/@types%2fistanbul-lib-report set size:undefined disposed:false
2627 http fetch GET 200 https://registry.npmjs.org/@types%2fyargs-parser 261ms (cache miss)
2628 silly packumentCache full:https://registry.npmjs.org/@types%2fyargs-parser set size:undefined disposed:false
2629 http fetch GET 200 https://registry.npmjs.org/@sinclair%2ftypebox 323ms (cache miss)
2630 silly packumentCache full:https://registry.npmjs.org/@sinclair%2ftypebox set size:undefined disposed:false
2631 silly placeDep ROOT @sinclair/typebox@0.27.10 OK for: @jest/schemas@29.6.3 want: ^0.27.8
2632 silly placeDep ROOT @types/istanbul-lib-report@3.0.3 OK for: @types/istanbul-reports@3.0.4 want: *
2633 silly placeDep ROOT @types/yargs-parser@21.0.3 OK for: @types/yargs@17.0.35 want: *
2634 silly placeDep node_modules/metro-babel-transformer hermes-parser@0.35.0 OK for: metro-babel-transformer@0.84.4 want: 0.35.0
2635 silly placeDep ROOT exponential-backoff@3.1.3 OK for: metro-cache@0.84.4 want: ^3.1.1
2636 silly placeDep ROOT https-proxy-agent@7.0.6 OK for: metro-cache@0.84.4 want: ^7.0.5
2637 silly fetch manifest agent-base@^7.1.2
2638 silly packumentCache full:https://registry.npmjs.org/agent-base cache-miss
2639 http fetch GET 200 https://registry.npmjs.org/agent-base 325ms (cache revalidated)
2640 silly packumentCache full:https://registry.npmjs.org/agent-base set size:72085 disposed:false
2641 silly placeDep ROOT agent-base@7.1.4 OK for: https-proxy-agent@7.0.6 want: ^7.1.2
2642 silly placeDep ROOT jest-validate@29.7.0 OK for: metro-config@0.84.4 want: ^29.7.0
2643 silly placeDep ROOT yaml@2.9.0 OK for: metro-config@0.84.4 want: ^2.6.1
2644 silly fetch manifest leven@^3.1.0
2645 silly packumentCache full:https://registry.npmjs.org/leven cache-miss
2646 silly fetch manifest camelcase@^6.2.0
2647 silly packumentCache full:https://registry.npmjs.org/camelcase cache-miss
2648 silly fetch manifest jest-get-type@^29.6.3
2649 silly packumentCache full:https://registry.npmjs.org/jest-get-type cache-miss
2650 http fetch GET 200 https://registry.npmjs.org/leven 304ms (cache miss)
2651 silly packumentCache full:https://registry.npmjs.org/leven set size:undefined disposed:false
2652 http fetch GET 200 https://registry.npmjs.org/camelcase 308ms (cache miss)
2653 silly packumentCache full:https://registry.npmjs.org/camelcase set size:undefined disposed:false
2654 http fetch GET 200 https://registry.npmjs.org/jest-get-type 312ms (cache miss)
2655 silly packumentCache full:https://registry.npmjs.org/jest-get-type set size:undefined disposed:false
2656 silly placeDep ROOT camelcase@6.3.0 OK for: jest-validate@29.7.0 want: ^6.2.0
2657 silly placeDep ROOT jest-get-type@29.6.3 OK for: jest-validate@29.7.0 want: ^29.6.3
2658 silly placeDep ROOT leven@3.1.0 OK for: jest-validate@29.7.0 want: ^3.1.0
2659 silly placeDep ROOT fb-watchman@2.0.2 OK for: metro-file-map@0.84.4 want: ^2.0.0
2660 silly placeDep ROOT micromatch@4.0.8 OK for: metro-file-map@0.84.4 want: ^4.0.4
2661 silly placeDep ROOT walker@1.0.8 OK for: metro-file-map@0.84.4 want: ^1.0.7
2662 silly fetch manifest bser@2.1.1
2663 silly packumentCache full:https://registry.npmjs.org/bser cache-miss
2664 silly fetch manifest braces@^3.0.3
2665 silly packumentCache full:https://registry.npmjs.org/braces cache-miss
2666 silly fetch manifest picomatch@^2.3.1
2667 silly packumentCache full:https://registry.npmjs.org/picomatch cache-hit
2668 silly fetch manifest makeerror@1.0.12
2669 silly packumentCache full:https://registry.npmjs.org/makeerror cache-miss
2670 http fetch GET 200 https://registry.npmjs.org/makeerror 207ms (cache miss)
2671 silly packumentCache full:https://registry.npmjs.org/makeerror set size:undefined disposed:false
2672 http fetch GET 200 https://registry.npmjs.org/braces 265ms (cache revalidated)
2673 silly packumentCache full:https://registry.npmjs.org/braces set size:114529 disposed:false
2674 http fetch GET 200 https://registry.npmjs.org/bser 275ms (cache miss)
2675 silly packumentCache full:https://registry.npmjs.org/bser set size:undefined disposed:false
2676 silly placeDep ROOT bser@2.1.1 OK for: fb-watchman@2.0.2 want: 2.1.1
2677 silly fetch manifest node-int64@^0.4.0
2678 silly packumentCache full:https://registry.npmjs.org/node-int64 cache-miss
2679 http fetch GET 200 https://registry.npmjs.org/node-int64 225ms (cache revalidated)
2680 silly packumentCache full:https://registry.npmjs.org/node-int64 set size:11660 disposed:false
2681 silly placeDep ROOT node-int64@0.4.0 OK for: bser@2.1.1 want: ^0.4.0
2682 silly placeDep ROOT terser@5.48.0 OK for: metro-minify-terser@0.84.4 want: ^5.15.0
2683 silly fetch manifest @jridgewell/source-map@^0.3.3
2684 silly packumentCache full:https://registry.npmjs.org/@jridgewell%2fsource-map cache-miss
2685 silly fetch manifest acorn@^8.15.0
2686 silly packumentCache full:https://registry.npmjs.org/acorn cache-miss
2687 silly fetch manifest commander@^2.20.0
2688 silly packumentCache full:https://registry.npmjs.org/commander cache-hit
2689 silly fetch manifest source-map-support@~0.5.20
2690 silly packumentCache full:https://registry.npmjs.org/source-map-support cache-miss
2691 http fetch GET 200 https://registry.npmjs.org/source-map-support 266ms (cache miss)
2692 silly packumentCache full:https://registry.npmjs.org/source-map-support set size:undefined disposed:false
2693 http fetch GET 200 https://registry.npmjs.org/acorn 283ms (cache revalidated)
2694 silly packumentCache full:https://registry.npmjs.org/acorn set size:381366 disposed:false
2695 http fetch GET 200 https://registry.npmjs.org/@jridgewell%2fsource-map 290ms (cache miss)
2696 silly packumentCache full:https://registry.npmjs.org/@jridgewell%2fsource-map set size:undefined disposed:false
2697 silly placeDep ROOT ob1@0.84.4 OK for: metro-source-map@0.84.4 want: 0.84.4
2698 silly placeDep ROOT vlq@1.0.1 OK for: metro-source-map@0.84.4 want: ^1.0.0
2699 silly placeDep ROOT braces@3.0.3 OK for: micromatch@4.0.8 want: ^3.0.3
2700 silly placeDep node_modules/micromatch picomatch@2.3.2 OK for: micromatch@4.0.8 want: ^2.3.1
2701 silly fetch manifest fill-range@^7.1.1
2702 silly packumentCache full:https://registry.npmjs.org/fill-range cache-miss
2703 http fetch GET 200 https://registry.npmjs.org/fill-range 386ms (cache revalidated)
2704 silly packumentCache full:https://registry.npmjs.org/fill-range set size:90162 disposed:false
2705 silly placeDep ROOT fill-range@7.1.1 OK for: braces@3.0.3 want: ^7.1.1
2706 silly fetch manifest to-regex-range@^5.0.1
2707 silly packumentCache full:https://registry.npmjs.org/to-regex-range cache-miss
2708 http fetch GET 200 https://registry.npmjs.org/to-regex-range 215ms (cache revalidated)
2709 silly packumentCache full:https://registry.npmjs.org/to-regex-range set size:61569 disposed:false
2710 silly placeDep ROOT to-regex-range@5.0.1 OK for: fill-range@7.1.1 want: ^5.0.1
2711 silly fetch manifest is-number@^7.0.0
2712 silly packumentCache full:https://registry.npmjs.org/is-number cache-miss
2713 http fetch GET 200 https://registry.npmjs.org/is-number 275ms (cache revalidated)
2714 silly packumentCache full:https://registry.npmjs.org/is-number set size:36183 disposed:false
2715 silly placeDep ROOT mime-db@1.54.0 OK for: mime-types@3.0.2 want: ^1.54.0
2716 silly placeDep ROOT brace-expansion@5.0.7 OK for: minimatch@10.2.5 want: ^5.0.5
2717 silly fetch manifest balanced-match@^4.0.2
2718 silly packumentCache full:https://registry.npmjs.org/balanced-match cache-miss
2719 http fetch GET 200 https://registry.npmjs.org/balanced-match 313ms (cache revalidated)
2720 silly packumentCache full:https://registry.npmjs.org/balanced-match set size:39082 disposed:false
2721 silly placeDep ROOT balanced-match@4.0.4 OK for: brace-expansion@5.0.7 want: ^4.0.2
2722 silly placeDep ROOT ee-first@1.1.1 OK for: on-finished@2.3.0 want: 1.1.1
2723 silly placeDep ROOT pngjs@3.4.0 OK for: parse-png@2.1.0 want: ^3.3.0
2724 silly placeDep node_modules/path-scurry lru-cache@11.5.1 OK for: path-scurry@2.0.2 want: ^11.0.0
2725 silly placeDep ROOT source-map-js@1.2.1 OK for: postcss@8.5.16 want: ^1.2.1
2726 silly placeDep node_modules/pretty-format ansi-styles@5.2.0 OK for: pretty-format@29.7.0 want: ^5.0.0
2727 silly placeDep node_modules/pretty-format react-is@18.3.1 OK for: pretty-format@29.7.0 want: ^18.0.0
2728 silly placeDep ROOT decode-uri-component@0.2.2 OK for: query-string@7.1.3 want: ^0.2.2
2729 silly placeDep ROOT filter-obj@1.1.0 OK for: query-string@7.1.3 want: ^1.1.0
2730 silly placeDep ROOT split-on-first@1.1.0 OK for: query-string@7.1.3 want: ^1.0.0
2731 silly placeDep ROOT strict-uri-encode@2.0.0 OK for: query-string@7.1.3 want: ^2.0.0
2732 silly placeDep ROOT inherits@2.0.4 OK for: queue@6.0.2 want: ~2.0.3
2733 silly placeDep ROOT scheduler@0.27.0 OK for: react-dom@19.2.3 want: ^0.27.0
2734 silly fetch manifest react@^19.2.3
2735 silly packumentCache full:https://registry.npmjs.org/react cache-miss
2736 http cache https://registry.npmjs.org/react 27ms (cache hit)
2737 silly packumentCache full:https://registry.npmjs.org/react set size:6765208 disposed:false
2738 silly fetch manifest @react-native-community/cli@*
2739 silly packumentCache full:https://registry.npmjs.org/@react-native-community%2fcli cache-miss
2740 http fetch GET 200 https://registry.npmjs.org/@react-native-community%2fcli 370ms (cache miss)
2741 silly packumentCache full:https://registry.npmjs.org/@react-native-community%2fcli set size:undefined disposed:false
2742 silly fetch manifest @react-native/metro-config@0.86.0
2743 silly packumentCache full:https://registry.npmjs.org/@react-native%2fmetro-config cache-miss
2744 http cache https://registry.npmjs.org/@react-native%2fmetro-config 18ms (cache hit)
2745 silly packumentCache full:https://registry.npmjs.org/@react-native%2fmetro-config set size:2254293 disposed:false
2746 silly placeDep ROOT @react-native/assets-registry@0.86.0 OK for: react-native@0.86.0 want: 0.86.0
2747 silly placeDep ROOT @react-native/community-cli-plugin@0.86.0 OK for: react-native@0.86.0 want: 0.86.0
2748 silly placeDep ROOT @react-native/gradle-plugin@0.86.0 OK for: react-native@0.86.0 want: 0.86.0
2749 silly placeDep ROOT @react-native/virtualized-lists@0.86.0 OK for: react-native@0.86.0 want: 0.86.0
2750 silly placeDep ROOT abort-controller@3.0.0 OK for: react-native@0.86.0 want: ^3.0.0
2751 silly placeDep ROOT ansi-regex@5.0.1 OK for: react-native@0.86.0 want: ^5.0.0
2752 silly placeDep node_modules/react-native commander@12.1.0 OK for: react-native@0.86.0 want: ^12.0.0
2753 silly placeDep ROOT hermes-compiler@250829098.0.14 OK for: react-native@0.86.0 want: 250829098.0.14
2754 silly placeDep ROOT memoize-one@5.2.1 OK for: react-native@0.86.0 want: ^5.0.0
2755 silly placeDep ROOT promise@8.3.0 OK for: react-native@0.86.0 want: ^8.3.0
2756 silly placeDep ROOT react-devtools-core@6.1.5 OK for: react-native@0.86.0 want: ^6.1.5
2757 silly placeDep ROOT regenerator-runtime@0.13.11 OK for: react-native@0.86.0 want: ^0.13.2
2758 silly fetch manifest event-target-shim@^5.0.0
2759 silly packumentCache full:https://registry.npmjs.org/event-target-shim cache-miss
2760 silly fetch manifest asap@~2.0.6
2761 silly packumentCache full:https://registry.npmjs.org/asap cache-miss
2762 silly fetch manifest shell-quote@^1.6.1
2763 silly packumentCache full:https://registry.npmjs.org/shell-quote cache-miss
2764 http fetch GET 200 https://registry.npmjs.org/asap 247ms (cache miss)
2765 silly packumentCache full:https://registry.npmjs.org/asap set size:undefined disposed:false
2766 http fetch GET 200 https://registry.npmjs.org/event-target-shim 259ms (cache miss)
2767 silly packumentCache full:https://registry.npmjs.org/event-target-shim set size:undefined disposed:false
2768 http fetch GET 200 https://registry.npmjs.org/shell-quote 283ms (cache miss)
2769 silly packumentCache full:https://registry.npmjs.org/shell-quote set size:undefined disposed:false
2770 silly placeDep ROOT @react-native/dev-middleware@0.86.0 OK for: @react-native/community-cli-plugin@0.86.0 want: 0.86.0
2771 silly fetch manifest open@^7.0.3
2772 silly packumentCache full:https://registry.npmjs.org/open cache-miss
2773 silly fetch manifest serve-static@^1.16.2
2774 silly packumentCache full:https://registry.npmjs.org/serve-static cache-miss
2775 silly fetch manifest chrome-launcher@^0.15.2
2776 silly packumentCache full:https://registry.npmjs.org/chrome-launcher cache-miss
2777 silly fetch manifest @isaacs/ttlcache@^1.4.1
2778 silly packumentCache full:https://registry.npmjs.org/@isaacs%2fttlcache cache-miss
2779 silly fetch manifest chromium-edge-launcher@^0.3.0
2780 silly packumentCache full:https://registry.npmjs.org/chromium-edge-launcher cache-miss
2781 silly fetch manifest @react-native/debugger-shell@0.86.0
2782 silly packumentCache full:https://registry.npmjs.org/@react-native%2fdebugger-shell cache-miss
2783 silly fetch manifest @react-native/debugger-frontend@0.86.0
2784 silly packumentCache full:https://registry.npmjs.org/@react-native%2fdebugger-frontend cache-miss
2785 http fetch GET 200 https://registry.npmjs.org/serve-static 220ms (cache miss)
2786 silly packumentCache full:https://registry.npmjs.org/serve-static set size:undefined disposed:false
2787 http fetch GET 200 https://registry.npmjs.org/chromium-edge-launcher 250ms (cache miss)
2788 silly packumentCache full:https://registry.npmjs.org/chromium-edge-launcher set size:undefined disposed:false
2789 http fetch GET 200 https://registry.npmjs.org/chrome-launcher 253ms (cache miss)
2790 silly packumentCache full:https://registry.npmjs.org/chrome-launcher set size:undefined disposed:false
2791 http fetch GET 200 https://registry.npmjs.org/open 271ms (cache revalidated)
2792 silly packumentCache full:https://registry.npmjs.org/open set size:136392 disposed:false
2793 http fetch GET 200 https://registry.npmjs.org/@react-native%2fdebugger-shell 313ms (cache miss)
2794 silly packumentCache full:https://registry.npmjs.org/@react-native%2fdebugger-shell set size:undefined disposed:false
2795 http fetch GET 200 https://registry.npmjs.org/@isaacs%2fttlcache 322ms (cache miss)
2796 silly packumentCache full:https://registry.npmjs.org/@isaacs%2fttlcache set size:undefined disposed:false
2797 http fetch GET 200 https://registry.npmjs.org/@react-native%2fdebugger-frontend 358ms (cache miss)
2798 silly packumentCache full:https://registry.npmjs.org/@react-native%2fdebugger-frontend set size:undefined disposed:false
2799 silly placeDep ROOT @isaacs/ttlcache@1.4.1 OK for: @react-native/dev-middleware@0.86.0 want: ^1.4.1
2800 silly placeDep ROOT @react-native/debugger-frontend@0.86.0 OK for: @react-native/dev-middleware@0.86.0 want: 0.86.0
2801 silly placeDep ROOT @react-native/debugger-shell@0.86.0 OK for: @react-native/dev-middleware@0.86.0 want: 0.86.0
2802 silly placeDep ROOT chrome-launcher@0.15.2 OK for: @react-native/dev-middleware@0.86.0 want: ^0.15.2
2803 silly placeDep ROOT chromium-edge-launcher@0.3.0 OK for: @react-native/dev-middleware@0.86.0 want: ^0.3.0
2804 silly placeDep ROOT open@7.4.2 OK for: @react-native/dev-middleware@0.86.0 want: ^7.0.3
2805 silly placeDep ROOT serve-static@1.16.3 OK for: @react-native/dev-middleware@0.86.0 want: ^1.16.2
2806 silly fetch manifest fb-dotslash@0.5.8
2807 silly packumentCache full:https://registry.npmjs.org/fb-dotslash cache-miss
2808 silly fetch manifest is-wsl@^2.2.0
2809 silly packumentCache full:https://registry.npmjs.org/is-wsl cache-miss
2810 silly fetch manifest lighthouse-logger@^1.0.0
2811 silly packumentCache full:https://registry.npmjs.org/lighthouse-logger cache-miss
2812 silly fetch manifest is-wsl@^2.2.0
2813 silly packumentCache full:https://registry.npmjs.org/is-wsl cache-miss
2814 silly fetch manifest mkdirp@^1.0.4
2815 silly packumentCache full:https://registry.npmjs.org/mkdirp cache-miss
2816 silly fetch manifest lighthouse-logger@^1.0.0
2817 silly packumentCache full:https://registry.npmjs.org/lighthouse-logger cache-miss
2818 silly fetch manifest is-wsl@^2.1.1
2819 silly packumentCache full:https://registry.npmjs.org/is-wsl cache-miss
2820 silly fetch manifest is-docker@^2.0.0
2821 silly packumentCache full:https://registry.npmjs.org/is-docker cache-miss
2822 silly fetch manifest send@~0.19.1
2823 silly packumentCache full:https://registry.npmjs.org/send cache-miss
2824 silly fetch manifest encodeurl@~2.0.0
2825 silly packumentCache full:https://registry.npmjs.org/encodeurl cache-miss
2826 http cache https://registry.npmjs.org/send 56ms (cache hit)
2827 silly packumentCache full:https://registry.npmjs.org/send set size:152810 disposed:false
2828 http cache https://registry.npmjs.org/encodeurl 60ms (cache hit)
2829 silly packumentCache full:https://registry.npmjs.org/encodeurl set size:12296 disposed:false
2830 http fetch GET 200 https://registry.npmjs.org/lighthouse-logger 220ms (cache miss)
2831 silly packumentCache full:https://registry.npmjs.org/lighthouse-logger set size:undefined disposed:false
2832 http fetch GET 200 https://registry.npmjs.org/is-wsl 252ms (cache revalidated)
2833 silly packumentCache full:https://registry.npmjs.org/is-wsl set size:20683 disposed:false
2834 http fetch GET 200 https://registry.npmjs.org/lighthouse-logger 262ms (cache miss)
2835 silly packumentCache full:https://registry.npmjs.org/lighthouse-logger set size:undefined disposed:false
2836 http fetch GET 200 https://registry.npmjs.org/is-wsl 265ms (cache revalidated)
2837 silly packumentCache full:https://registry.npmjs.org/is-wsl set size:20683 disposed:false
2838 silly packumentCache full:https://registry.npmjs.org/is-wsl dispose
2839 http fetch GET 200 https://registry.npmjs.org/fb-dotslash 269ms (cache miss)
2840 silly packumentCache full:https://registry.npmjs.org/fb-dotslash set size:undefined disposed:false
2841 http fetch GET 200 https://registry.npmjs.org/is-docker 277ms (cache revalidated)
2842 silly packumentCache full:https://registry.npmjs.org/is-docker set size:23690 disposed:false
2843 http fetch GET 200 https://registry.npmjs.org/is-wsl 283ms (cache revalidated)
2844 silly packumentCache full:https://registry.npmjs.org/is-wsl set size:20683 disposed:true
2845 silly packumentCache full:https://registry.npmjs.org/is-wsl dispose
2846 http fetch GET 200 https://registry.npmjs.org/mkdirp 286ms (cache revalidated)
2847 silly packumentCache full:https://registry.npmjs.org/mkdirp set size:116431 disposed:false
2848 silly placeDep ROOT fb-dotslash@0.5.8 OK for: @react-native/debugger-shell@0.86.0 want: 0.5.8
2849 silly placeDep ROOT event-target-shim@5.0.1 OK for: abort-controller@3.0.0 want: ^5.0.0
2850 silly placeDep ROOT is-wsl@2.2.0 OK for: chrome-launcher@0.15.2 want: ^2.2.0
2851 silly placeDep ROOT lighthouse-logger@1.4.2 OK for: chrome-launcher@0.15.2 want: ^1.0.0
2852 silly fetch manifest debug@^2.6.9
2853 silly packumentCache full:https://registry.npmjs.org/debug cache-hit
2854 silly fetch manifest marky@^1.2.2
2855 silly packumentCache full:https://registry.npmjs.org/marky cache-miss
2856 http fetch GET 200 https://registry.npmjs.org/marky 315ms (cache miss)
2857 silly packumentCache full:https://registry.npmjs.org/marky set size:undefined disposed:false
2858 silly placeDep ROOT mkdirp@1.0.4 OK for: chromium-edge-launcher@0.3.0 want: ^1.0.4
2859 silly placeDep ROOT is-docker@2.2.1 OK for: is-wsl@2.2.0 want: ^2.0.0
2860 silly placeDep node_modules/lighthouse-logger debug@2.6.9 OK for: lighthouse-logger@1.4.2 want: ^2.6.9
2861 silly placeDep ROOT marky@1.3.0 OK for: lighthouse-logger@1.4.2 want: ^1.2.2
2862 silly placeDep ROOT asap@2.0.6 OK for: promise@8.3.0 want: ~2.0.6
2863 silly placeDep ROOT shell-quote@1.9.0 OK for: react-devtools-core@6.1.5 want: ^1.6.1
2864 silly fetch manifest react@>= 18.2.0
2865 silly packumentCache full:https://registry.npmjs.org/react cache-miss
2866 http cache https://registry.npmjs.org/react 29ms (cache hit)
2867 silly packumentCache full:https://registry.npmjs.org/react set size:6765208 disposed:false
2868 silly placeDep ROOT use-latest-callback@0.2.6 OK for: react-native-drawer-layout@4.2.5 want: ^0.2.4
2869 silly placeDep ROOT @egjs/hammerjs@2.0.17 OK for: react-native-gesture-handler@2.32.0 want: ^2.0.17
2870 silly placeDep ROOT @types/react-test-renderer@19.1.0 OK for: react-native-gesture-handler@2.32.0 want: ^19.1.0
2871 silly placeDep ROOT hoist-non-react-statics@3.3.2 OK for: react-native-gesture-handler@2.32.0 want: ^3.3.0
2872 silly fetch manifest @types/hammerjs@^2.0.36
2873 silly packumentCache full:https://registry.npmjs.org/@types%2fhammerjs cache-miss
2874 silly fetch manifest react-is@^16.7.0
2875 silly packumentCache full:https://registry.npmjs.org/react-is cache-miss
2876 http cache https://registry.npmjs.org/react-is 26ms (cache hit)
2877 silly packumentCache full:https://registry.npmjs.org/react-is set size:5473575 disposed:false
2878 http fetch GET 200 https://registry.npmjs.org/@types%2fhammerjs 297ms (cache miss)
2879 silly packumentCache full:https://registry.npmjs.org/@types%2fhammerjs set size:undefined disposed:false
2880 silly placeDep ROOT @types/hammerjs@2.0.46 OK for: @egjs/hammerjs@2.0.17 want: ^2.0.36
2881 silly placeDep node_modules/hoist-non-react-statics react-is@16.13.1 OK for: hoist-non-react-statics@3.3.2 want: ^16.7.0
2882 silly fetch manifest react-native@0.83 - 0.86
2883 silly packumentCache full:https://registry.npmjs.org/react-native cache-miss
2884 http cache https://registry.npmjs.org/react-native 54ms (cache hit)
2885 silly packumentCache full:https://registry.npmjs.org/react-native set size:15431683 disposed:false
2886 silly placeDep ROOT react-native-is-edge-to-edge@1.3.1 OK for: react-native-reanimated@4.5.0 want: ^1.3.1
2887 silly placeDep ROOT react-freeze@1.0.4 OK for: react-native-screens@4.25.2 want: ^1.0.0
2888 silly placeDep ROOT warn-once@0.1.1 OK for: react-native-screens@4.25.2 want: ^0.1.0
2889 silly placeDep node_modules/react-native-web @react-native/normalize-colors@0.74.89 OK for: react-native-web@0.21.2 want: ^0.74.1
2890 silly placeDep ROOT fbjs@3.0.5 OK for: react-native-web@0.21.2 want: ^3.0.4
2891 silly placeDep ROOT inline-style-prefixer@7.0.1 OK for: react-native-web@0.21.2 want: ^7.0.1
2892 silly placeDep node_modules/react-native-web memoize-one@6.0.0 OK for: react-native-web@0.21.2 want: ^6.0.0
2893 silly placeDep ROOT postcss-value-parser@4.2.0 OK for: react-native-web@0.21.2 want: ^4.2.0
2894 silly placeDep ROOT styleq@0.1.3 OK for: react-native-web@0.21.2 want: ^0.1.3
2895 silly fetch manifest promise@^7.1.1
2896 silly packumentCache full:https://registry.npmjs.org/promise cache-miss
2897 silly fetch manifest cross-fetch@^3.1.5
2898 silly packumentCache full:https://registry.npmjs.org/cross-fetch cache-miss
2899 silly fetch manifest setimmediate@^1.0.5
2900 silly packumentCache full:https://registry.npmjs.org/setimmediate cache-miss
2901 silly fetch manifest ua-parser-js@^1.0.35
2902 silly packumentCache full:https://registry.npmjs.org/ua-parser-js cache-miss
2903 silly fetch manifest fbjs-css-vars@^1.0.0
2904 silly packumentCache full:https://registry.npmjs.org/fbjs-css-vars cache-miss
2905 silly fetch manifest object-assign@^4.1.0
2906 silly packumentCache full:https://registry.npmjs.org/object-assign cache-miss
2907 silly fetch manifest css-in-js-utils@^3.1.0
2908 silly packumentCache full:https://registry.npmjs.org/css-in-js-utils cache-miss
2909 http cache https://registry.npmjs.org/ua-parser-js 20ms (cache hit)
2910 silly packumentCache full:https://registry.npmjs.org/ua-parser-js set size:719507 disposed:false
2911 http cache https://registry.npmjs.org/promise 31ms (cache hit)
2912 silly packumentCache full:https://registry.npmjs.org/promise set size:112704 disposed:false
2913 http fetch GET 200 https://registry.npmjs.org/setimmediate 221ms (cache miss)
2914 silly packumentCache full:https://registry.npmjs.org/setimmediate set size:undefined disposed:false
2915 http fetch GET 200 https://registry.npmjs.org/fbjs-css-vars 245ms (cache miss)
2916 silly packumentCache full:https://registry.npmjs.org/fbjs-css-vars set size:undefined disposed:false
2917 http fetch GET 200 https://registry.npmjs.org/css-in-js-utils 265ms (cache miss)
2918 silly packumentCache full:https://registry.npmjs.org/css-in-js-utils set size:undefined disposed:false
2919 http fetch GET 200 https://registry.npmjs.org/object-assign 283ms (cache revalidated)
2920 silly packumentCache full:https://registry.npmjs.org/object-assign set size:28988 disposed:false
2921 http fetch GET 200 https://registry.npmjs.org/cross-fetch 296ms (cache miss)
2922 silly packumentCache full:https://registry.npmjs.org/cross-fetch set size:undefined disposed:false
2923 silly placeDep ROOT cross-fetch@3.2.0 OK for: fbjs@3.0.5 want: ^3.1.5
2924 silly placeDep ROOT fbjs-css-vars@1.0.2 OK for: fbjs@3.0.5 want: ^1.0.0
2925 silly placeDep ROOT object-assign@4.1.1 OK for: fbjs@3.0.5 want: ^4.1.0
2926 silly placeDep node_modules/fbjs promise@7.3.1 OK for: fbjs@3.0.5 want: ^7.1.1
2927 silly placeDep ROOT setimmediate@1.0.5 OK for: fbjs@3.0.5 want: ^1.0.5
2928 silly placeDep node_modules/fbjs ua-parser-js@1.0.41 OK for: fbjs@3.0.5 want: ^1.0.35
2929 silly fetch manifest node-fetch@^2.7.0
2930 silly packumentCache full:https://registry.npmjs.org/node-fetch cache-miss
2931 http fetch GET 200 https://registry.npmjs.org/node-fetch 239ms (cache revalidated)
2932 silly packumentCache full:https://registry.npmjs.org/node-fetch set size:896010 disposed:false
2933 silly fetch manifest encoding@^0.1.0
2934 silly packumentCache full:https://registry.npmjs.org/encoding cache-miss
2935 http fetch GET 200 https://registry.npmjs.org/encoding 242ms (cache revalidated)
2936 silly packumentCache full:https://registry.npmjs.org/encoding set size:17833 disposed:false
2937 silly placeDep ROOT node-fetch@2.7.0 OK for: cross-fetch@3.2.0 want: ^2.7.0
2938 silly fetch manifest whatwg-url@^5.0.0
2939 silly packumentCache full:https://registry.npmjs.org/whatwg-url cache-miss
2940 http fetch GET 200 https://registry.npmjs.org/whatwg-url 314ms (cache revalidated)
2941 silly packumentCache full:https://registry.npmjs.org/whatwg-url set size:173624 disposed:false
2942 silly placeDep ROOT css-in-js-utils@3.1.0 OK for: inline-style-prefixer@7.0.1 want: ^3.1.0
2943 silly fetch manifest hyphenate-style-name@^1.0.3
2944 silly packumentCache full:https://registry.npmjs.org/hyphenate-style-name cache-miss
2945 http fetch GET 200 https://registry.npmjs.org/hyphenate-style-name 284ms (cache miss)
2946 silly packumentCache full:https://registry.npmjs.org/hyphenate-style-name set size:undefined disposed:false
2947 silly placeDep ROOT hyphenate-style-name@1.1.0 OK for: css-in-js-utils@3.1.0 want: ^1.0.3
2948 silly placeDep ROOT whatwg-url@5.0.0 OK for: node-fetch@2.7.0 want: ^5.0.0
2949 silly fetch manifest tr46@~0.0.3
2950 silly packumentCache full:https://registry.npmjs.org/tr46 cache-miss
2951 silly fetch manifest webidl-conversions@^3.0.0
2952 silly packumentCache full:https://registry.npmjs.org/webidl-conversions cache-miss
2953 http fetch GET 200 https://registry.npmjs.org/webidl-conversions 252ms (cache revalidated)
2954 silly packumentCache full:https://registry.npmjs.org/webidl-conversions set size:46073 disposed:false
2955 http fetch GET 200 https://registry.npmjs.org/tr46 261ms (cache revalidated)
2956 silly packumentCache full:https://registry.npmjs.org/tr46 set size:47377 disposed:false
2957 silly placeDep ROOT @babel/plugin-transform-arrow-functions@7.29.7 OK for: react-native-worklets@0.10.0 want: ^7.27.1
2958 silly placeDep ROOT @babel/plugin-transform-shorthand-properties@7.29.7 OK for: react-native-worklets@0.10.0 want: ^7.27.1
2959 silly placeDep ROOT @babel/plugin-transform-template-literals@7.29.7 OK for: react-native-worklets@0.10.0 want: ^7.27.1
2960 silly placeDep ROOT indent-string@4.0.0 OK for: redent@3.0.0 want: ^4.0.0
2961 silly placeDep ROOT strip-indent@3.0.0 OK for: redent@3.0.0 want: ^3.0.0
2962 silly fetch manifest min-indent@^1.0.0
2963 silly packumentCache full:https://registry.npmjs.org/min-indent cache-miss
2964 http fetch GET 200 https://registry.npmjs.org/min-indent 326ms (cache miss)
2965 silly packumentCache full:https://registry.npmjs.org/min-indent set size:undefined disposed:false
2966 silly placeDep ROOT regenerate@1.4.2 OK for: regexpu-core@6.4.0 want: ^1.4.2
2967 silly placeDep ROOT regenerate-unicode-properties@10.2.2 OK for: regexpu-core@6.4.0 want: ^10.2.2
2968 silly placeDep ROOT regjsgen@0.8.0 OK for: regexpu-core@6.4.0 want: ^0.8.0
2969 silly placeDep ROOT regjsparser@0.13.2 OK for: regexpu-core@6.4.0 want: ^0.13.0
2970 silly placeDep ROOT unicode-match-property-ecmascript@2.0.0 OK for: regexpu-core@6.4.0 want: ^2.0.0
2971 silly placeDep ROOT unicode-match-property-value-ecmascript@2.2.1 OK for: regexpu-core@6.4.0 want: ^2.2.1
2972 silly fetch manifest unicode-canonical-property-names-ecmascript@^2.0.0
2973 silly packumentCache full:https://registry.npmjs.org/unicode-canonical-property-names-ecmascript cache-miss
2974 silly fetch manifest unicode-property-aliases-ecmascript@^2.0.0
2975 silly packumentCache full:https://registry.npmjs.org/unicode-property-aliases-ecmascript cache-miss
2976 http fetch GET 200 https://registry.npmjs.org/unicode-property-aliases-ecmascript 207ms (cache miss)
2977 silly packumentCache full:https://registry.npmjs.org/unicode-property-aliases-ecmascript set size:undefined disposed:false
2978 http fetch GET 200 https://registry.npmjs.org/unicode-canonical-property-names-ecmascript 225ms (cache miss)
2979 silly packumentCache full:https://registry.npmjs.org/unicode-canonical-property-names-ecmascript set size:undefined disposed:false
2980 silly placeDep ROOT es-errors@1.3.0 OK for: resolve@1.22.12 want: ^1.3.0
2981 silly placeDep ROOT is-core-module@2.16.2 OK for: resolve@1.22.12 want: ^2.16.1
2982 silly placeDep ROOT path-parse@1.0.7 OK for: resolve@1.22.12 want: ^1.0.7
2983 silly placeDep ROOT supports-preserve-symlinks-flag@1.0.0 OK for: resolve@1.22.12 want: ^1.0.0
2984 silly fetch manifest hasown@^2.0.3
2985 silly packumentCache full:https://registry.npmjs.org/hasown cache-miss
2986 http fetch GET 200 https://registry.npmjs.org/hasown 267ms (cache revalidated)
2987 silly packumentCache full:https://registry.npmjs.org/hasown set size:18361 disposed:false
2988 silly placeDep ROOT hasown@2.0.4 OK for: is-core-module@2.16.2 want: ^2.0.3
2989 silly fetch manifest function-bind@^1.1.2
2990 silly packumentCache full:https://registry.npmjs.org/function-bind cache-miss
2991 http fetch GET 200 https://registry.npmjs.org/function-bind 310ms (cache revalidated)
2992 silly packumentCache full:https://registry.npmjs.org/function-bind set size:15733 disposed:false
2993 silly placeDep ROOT function-bind@1.1.2 OK for: hasown@2.0.4 want: ^1.1.2
2994 silly placeDep node_modules/serve-static encodeurl@2.0.0 OK for: serve-static@1.16.3 want: ~2.0.0
2995 silly placeDep ROOT send@0.19.2 OK for: serve-static@1.16.3 want: ~0.19.1
2996 silly fetch manifest depd@2.0.0
2997 silly packumentCache full:https://registry.npmjs.org/depd cache-miss
2998 silly fetch manifest etag@~1.8.1
2999 silly packumentCache full:https://registry.npmjs.org/etag cache-miss
3000 silly fetch manifest mime@1.6.0
3001 silly packumentCache full:https://registry.npmjs.org/mime cache-miss
3002 silly fetch manifest fresh@~0.5.2
3003 silly packumentCache full:https://registry.npmjs.org/fresh cache-miss
3004 silly fetch manifest destroy@1.2.0
3005 silly packumentCache full:https://registry.npmjs.org/destroy cache-miss
3006 silly fetch manifest statuses@~2.0.2
3007 silly packumentCache full:https://registry.npmjs.org/statuses cache-miss
3008 silly fetch manifest http-errors@~2.0.1
3009 silly packumentCache full:https://registry.npmjs.org/http-errors cache-miss
3010 silly fetch manifest on-finished@~2.4.1
3011 silly packumentCache full:https://registry.npmjs.org/on-finished cache-miss
3012 silly fetch manifest range-parser@~1.2.1
3013 silly packumentCache full:https://registry.npmjs.org/range-parser cache-miss
3014 http cache https://registry.npmjs.org/statuses 20ms (cache hit)
3015 silly packumentCache full:https://registry.npmjs.org/statuses set size:37117 disposed:false
3016 http cache https://registry.npmjs.org/on-finished 26ms (cache hit)
3017 silly packumentCache full:https://registry.npmjs.org/on-finished set size:23212 disposed:false
3018 http fetch GET 200 https://registry.npmjs.org/range-parser 202ms (cache miss)
3019 silly packumentCache full:https://registry.npmjs.org/range-parser set size:undefined disposed:false
3020 http fetch GET 200 https://registry.npmjs.org/http-errors 225ms (cache miss)
3021 silly packumentCache full:https://registry.npmjs.org/http-errors set size:undefined disposed:false
3022 http fetch GET 200 https://registry.npmjs.org/destroy 231ms (cache miss)
3023 silly packumentCache full:https://registry.npmjs.org/destroy set size:undefined disposed:false
3024 http fetch GET 200 https://registry.npmjs.org/etag 238ms (cache miss)
3025 silly packumentCache full:https://registry.npmjs.org/etag set size:undefined disposed:false
3026 http fetch GET 200 https://registry.npmjs.org/depd 249ms (cache miss)
3027 silly packumentCache full:https://registry.npmjs.org/depd set size:undefined disposed:false
3028 http fetch GET 200 https://registry.npmjs.org/fresh 255ms (cache miss)
3029 silly packumentCache full:https://registry.npmjs.org/fresh set size:undefined disposed:false
3030 http fetch GET 200 https://registry.npmjs.org/mime 272ms (cache revalidated)
3031 silly packumentCache full:https://registry.npmjs.org/mime set size:119236 disposed:false
3032 silly placeDep node_modules/send debug@2.6.9 OK for: send@0.19.2 want: 2.6.9
3033 silly placeDep ROOT depd@2.0.0 OK for: send@0.19.2 want: 2.0.0
3034 silly placeDep ROOT destroy@1.2.0 OK for: send@0.19.2 want: 1.2.0
3035 silly placeDep node_modules/send encodeurl@2.0.0 OK for: send@0.19.2 want: ~2.0.0
3036 silly placeDep ROOT etag@1.8.1 OK for: send@0.19.2 want: ~1.8.1
3037 silly placeDep ROOT fresh@0.5.2 OK for: send@0.19.2 want: ~0.5.2
3038 silly placeDep ROOT http-errors@2.0.1 OK for: send@0.19.2 want: ~2.0.1
3039 silly placeDep ROOT mime@1.6.0 OK for: send@0.19.2 want: 1.6.0
3040 silly placeDep node_modules/send on-finished@2.4.1 OK for: send@0.19.2 want: ~2.4.1
3041 silly placeDep ROOT range-parser@1.2.1 OK for: send@0.19.2 want: ~1.2.1
3042 silly placeDep node_modules/send statuses@2.0.2 OK for: send@0.19.2 want: ~2.0.2
3043 silly fetch manifest setprototypeof@~1.2.0
3044 silly packumentCache full:https://registry.npmjs.org/setprototypeof cache-miss
3045 silly fetch manifest toidentifier@~1.0.1
3046 silly packumentCache full:https://registry.npmjs.org/toidentifier cache-miss
3047 http fetch GET 200 https://registry.npmjs.org/toidentifier 220ms (cache miss)
3048 silly packumentCache full:https://registry.npmjs.org/toidentifier set size:undefined disposed:false
3049 http fetch GET 200 https://registry.npmjs.org/setprototypeof 256ms (cache miss)
3050 silly packumentCache full:https://registry.npmjs.org/setprototypeof set size:undefined disposed:false
3051 silly placeDep ROOT setprototypeof@1.2.0 OK for: http-errors@2.0.1 want: ~1.2.0
3052 silly placeDep node_modules/http-errors statuses@2.0.2 OK for: http-errors@2.0.1 want: ~2.0.2
3053 silly placeDep ROOT toidentifier@1.0.1 OK for: http-errors@2.0.1 want: ~1.0.1
3054 silly placeDep ROOT shebang-regex@3.0.0 OK for: shebang-command@2.0.0 want: ^3.0.0
3055 silly placeDep ROOT is-arrayish@0.3.4 OK for: simple-swizzle@0.2.4 want: ^0.3.1
3056 silly placeDep ROOT type-fest@0.7.1 OK for: stacktrace-parser@0.1.11 want: ^0.7.1
3057 silly placeDep ROOT min-indent@1.0.1 OK for: strip-indent@3.0.0 want: ^1.0.0
3058 silly placeDep ROOT has-flag@4.0.0 OK for: supports-color@7.2.0 want: ^4.0.0
3059 silly placeDep ROOT @jridgewell/source-map@0.3.11 OK for: terser@5.48.0 want: ^0.3.3
3060 silly placeDep ROOT acorn@8.17.0 OK for: terser@5.48.0 want: ^8.15.0
3061 silly placeDep node_modules/terser commander@2.20.3 OK for: terser@5.48.0 want: ^2.20.0
3062 silly placeDep ROOT source-map-support@0.5.21 OK for: terser@5.48.0 want: ~0.5.20
3063 silly fetch manifest buffer-from@^1.0.0
3064 silly packumentCache full:https://registry.npmjs.org/buffer-from cache-miss
3065 silly fetch manifest source-map@^0.6.0
3066 silly packumentCache full:https://registry.npmjs.org/source-map cache-miss
3067 http cache https://registry.npmjs.org/source-map 16ms (cache hit)
3068 silly packumentCache full:https://registry.npmjs.org/source-map set size:226267 disposed:false
3069 http fetch GET 200 https://registry.npmjs.org/buffer-from 235ms (cache miss)
3070 silly packumentCache full:https://registry.npmjs.org/buffer-from set size:undefined disposed:false
3071 silly placeDep ROOT buffer-from@1.1.2 OK for: source-map-support@0.5.21 want: ^1.0.0
3072 silly placeDep node_modules/source-map-support source-map@0.6.1 OK for: source-map-support@0.5.21 want: ^0.6.0
3073 silly placeDep ROOT fdir@6.5.0 OK for: tinyglobby@0.2.17 want: ^6.5.0
3074 silly placeDep ROOT is-number@7.0.0 OK for: to-regex-range@5.0.1 want: ^7.0.0
3075 silly placeDep ROOT unicode-canonical-property-names-ecmascript@2.0.1 OK for: unicode-match-property-ecmascript@2.0.0 want: ^2.0.0
3076 silly placeDep ROOT unicode-property-aliases-ecmascript@2.2.0 OK for: unicode-match-property-ecmascript@2.0.0 want: ^2.0.0
3077 silly placeDep ROOT escalade@3.2.0 OK for: update-browserslist-db@1.2.3 want: ^3.2.0
3078 silly fetch manifest react@^16.8 || ^17.0 || ^18.0 || ^19.0.0 || ^19.0.0-rc
3079 silly packumentCache full:https://registry.npmjs.org/react cache-miss
3080 http cache https://registry.npmjs.org/react 37ms (cache hit)
3081 silly packumentCache full:https://registry.npmjs.org/react set size:6765208 disposed:false
3082 silly fetch manifest react-dom@^16.8 || ^17.0 || ^18.0 || ^19.0.0 || ^19.0.0-rc
3083 silly packumentCache full:https://registry.npmjs.org/react-dom cache-miss
3084 http cache https://registry.npmjs.org/react-dom 63ms (cache hit)
3085 silly packumentCache full:https://registry.npmjs.org/react-dom set size:9055010 disposed:false
3086 silly placeDep ROOT @radix-ui/react-dialog@1.1.18 OK for: vaul@1.1.2 want: ^1.1.1
3087 silly fetch manifest aria-hidden@^1.2.4
3088 silly packumentCache full:https://registry.npmjs.org/aria-hidden cache-miss
3089 silly fetch manifest react-remove-scroll@^2.7.2
3090 silly packumentCache full:https://registry.npmjs.org/react-remove-scroll cache-miss
3091 silly fetch manifest @radix-ui/react-portal@1.1.13
3092 silly packumentCache full:https://registry.npmjs.org/@radix-ui%2freact-portal cache-miss
3093 silly fetch manifest @radix-ui/react-focus-scope@1.1.11
3094 silly packumentCache full:https://registry.npmjs.org/@radix-ui%2freact-focus-scope cache-miss
3095 silly fetch manifest @radix-ui/react-focus-guards@1.1.4
3096 silly packumentCache full:https://registry.npmjs.org/@radix-ui%2freact-focus-guards cache-miss
3097 silly fetch manifest @radix-ui/react-dismissable-layer@1.1.14
3098 silly packumentCache full:https://registry.npmjs.org/@radix-ui%2freact-dismissable-layer cache-miss
3099 http fetch GET 200 https://registry.npmjs.org/react-remove-scroll 244ms (cache miss)
3100 silly packumentCache full:https://registry.npmjs.org/react-remove-scroll set size:undefined disposed:false
3101 http fetch GET 200 https://registry.npmjs.org/aria-hidden 289ms (cache miss)
3102 silly packumentCache full:https://registry.npmjs.org/aria-hidden set size:undefined disposed:false
3103 http fetch GET 200 https://registry.npmjs.org/@radix-ui%2freact-focus-guards 304ms (cache miss)
3104 silly packumentCache full:https://registry.npmjs.org/@radix-ui%2freact-focus-guards set size:undefined disposed:false
3105 http fetch GET 200 https://registry.npmjs.org/@radix-ui%2freact-portal 309ms (cache miss)
3106 silly packumentCache full:https://registry.npmjs.org/@radix-ui%2freact-portal set size:undefined disposed:false
3107 http fetch GET 200 https://registry.npmjs.org/@radix-ui%2freact-dismissable-layer 315ms (cache miss)
3108 silly packumentCache full:https://registry.npmjs.org/@radix-ui%2freact-dismissable-layer set size:undefined disposed:false
3109 http fetch GET 200 https://registry.npmjs.org/@radix-ui%2freact-focus-scope 355ms (cache miss)
3110 silly packumentCache full:https://registry.npmjs.org/@radix-ui%2freact-focus-scope set size:undefined disposed:false
3111 silly placeDep ROOT @radix-ui/react-dismissable-layer@1.1.14 OK for: @radix-ui/react-dialog@1.1.18 want: 1.1.14
3112 silly placeDep ROOT @radix-ui/react-focus-guards@1.1.4 OK for: @radix-ui/react-dialog@1.1.18 want: 1.1.4
3113 silly placeDep ROOT @radix-ui/react-focus-scope@1.1.11 OK for: @radix-ui/react-dialog@1.1.18 want: 1.1.11
3114 silly placeDep ROOT @radix-ui/react-portal@1.1.13 OK for: @radix-ui/react-dialog@1.1.18 want: 1.1.13
3115 silly placeDep ROOT aria-hidden@1.2.6 OK for: @radix-ui/react-dialog@1.1.18 want: ^1.2.4
3116 silly placeDep ROOT react-remove-scroll@2.7.2 OK for: @radix-ui/react-dialog@1.1.18 want: ^2.7.2
3117 silly fetch manifest tslib@^2.0.0
3118 silly packumentCache full:https://registry.npmjs.org/tslib cache-miss
3119 silly fetch manifest react-remove-scroll-bar@^2.3.7
3120 silly packumentCache full:https://registry.npmjs.org/react-remove-scroll-bar cache-miss
3121 silly fetch manifest react-style-singleton@^2.2.3
3122 silly packumentCache full:https://registry.npmjs.org/react-style-singleton cache-miss
3123 silly fetch manifest tslib@^2.1.0
3124 silly packumentCache full:https://registry.npmjs.org/tslib cache-miss
3125 silly fetch manifest use-callback-ref@^1.3.3
3126 silly packumentCache full:https://registry.npmjs.org/use-callback-ref cache-miss
3127 silly fetch manifest use-sidecar@^1.1.3
3128 silly packumentCache full:https://registry.npmjs.org/use-sidecar cache-miss
3129 http fetch GET 200 https://registry.npmjs.org/react-remove-scroll-bar 242ms (cache miss)
3130 silly packumentCache full:https://registry.npmjs.org/react-remove-scroll-bar set size:undefined disposed:false
3131 http fetch GET 200 https://registry.npmjs.org/use-callback-ref 248ms (cache miss)
3132 silly packumentCache full:https://registry.npmjs.org/use-callback-ref set size:undefined disposed:false
3133 http fetch GET 200 https://registry.npmjs.org/react-style-singleton 265ms (cache miss)
3134 silly packumentCache full:https://registry.npmjs.org/react-style-singleton set size:undefined disposed:false
3135 http fetch GET 200 https://registry.npmjs.org/use-sidecar 273ms (cache miss)
3136 silly packumentCache full:https://registry.npmjs.org/use-sidecar set size:undefined disposed:false
3137 http fetch GET 200 https://registry.npmjs.org/tslib 289ms (cache revalidated)
3138 silly packumentCache full:https://registry.npmjs.org/tslib set size:108843 disposed:false
3139 http fetch GET 200 https://registry.npmjs.org/tslib 293ms (cache revalidated)
3140 silly packumentCache full:https://registry.npmjs.org/tslib set size:108843 disposed:false
3141 silly packumentCache full:https://registry.npmjs.org/tslib dispose
3142 silly placeDep ROOT tslib@2.8.1 OK for: aria-hidden@1.2.6 want: ^2.0.0
3143 silly fetch manifest react@^16.8.0 || ^17.0.0 || ^18.0.0 || ^19.0.0 || ^19.0.0-rc
3144 silly packumentCache full:https://registry.npmjs.org/react cache-miss
3145 http cache https://registry.npmjs.org/react 31ms (cache hit)
3146 silly packumentCache full:https://registry.npmjs.org/react set size:6765208 disposed:false
3147 silly placeDep ROOT react-remove-scroll-bar@2.3.8 OK for: react-remove-scroll@2.7.2 want: ^2.3.7
3148 silly placeDep ROOT react-style-singleton@2.2.3 OK for: react-remove-scroll@2.7.2 want: ^2.2.3
3149 silly placeDep ROOT use-callback-ref@1.3.3 OK for: react-remove-scroll@2.7.2 want: ^1.3.3
3150 silly placeDep ROOT use-sidecar@1.1.3 OK for: react-remove-scroll@2.7.2 want: ^1.1.3
3151 silly fetch manifest react-style-singleton@^2.2.2
3152 silly packumentCache full:https://registry.npmjs.org/react-style-singleton cache-miss
3153 silly fetch manifest get-nonce@^1.0.0
3154 silly packumentCache full:https://registry.npmjs.org/get-nonce cache-miss
3155 silly fetch manifest detect-node-es@^1.1.0
3156 silly packumentCache full:https://registry.npmjs.org/detect-node-es cache-miss
3157 http cache https://registry.npmjs.org/react-style-singleton 16ms (cache hit)
3158 silly packumentCache full:https://registry.npmjs.org/react-style-singleton set size:33682 disposed:false
3159 http fetch GET 200 https://registry.npmjs.org/detect-node-es 338ms (cache miss)
3160 silly packumentCache full:https://registry.npmjs.org/detect-node-es set size:undefined disposed:false
3161 http fetch GET 200 https://registry.npmjs.org/get-nonce 340ms (cache miss)
3162 silly packumentCache full:https://registry.npmjs.org/get-nonce set size:undefined disposed:false
3163 silly placeDep ROOT get-nonce@1.0.1 OK for: react-style-singleton@2.2.3 want: ^1.0.0
3164 silly placeDep ROOT detect-node-es@1.1.0 OK for: use-sidecar@1.1.3 want: ^1.1.0
3165 silly placeDep ROOT makeerror@1.0.12 OK for: walker@1.0.8 want: 1.0.12
3166 silly fetch manifest tmpl@1.0.5
3167 silly packumentCache full:https://registry.npmjs.org/tmpl cache-miss
3168 http fetch GET 200 https://registry.npmjs.org/tmpl 236ms (cache miss)
3169 silly packumentCache full:https://registry.npmjs.org/tmpl set size:undefined disposed:false
3170 silly placeDep ROOT tmpl@1.0.5 OK for: makeerror@1.0.12 want: 1.0.5
3171 silly placeDep ROOT tr46@0.0.3 OK for: whatwg-url@5.0.0 want: ~0.0.3
3172 silly placeDep ROOT webidl-conversions@3.0.1 OK for: whatwg-url@5.0.0 want: ^3.0.0
3173 silly placeDep ROOT isexe@2.0.0 OK for: which@2.0.2 want: ^2.0.0
3174 silly placeDep ROOT simple-plist@1.3.1 OK for: xcode@3.0.1 want: ^1.1.0
3175 silly placeDep ROOT uuid@7.0.3 OK for: xcode@3.0.1 want: ^7.0.3
3176 silly fetch manifest bplist-parser@0.3.1
3177 silly packumentCache full:https://registry.npmjs.org/bplist-parser cache-hit
3178 silly fetch manifest plist@^3.0.5
3179 silly packumentCache full:https://registry.npmjs.org/plist cache-miss
3180 http fetch GET 200 https://registry.npmjs.org/plist 272ms (cache revalidated)
3181 silly packumentCache full:https://registry.npmjs.org/plist set size:60755 disposed:false
3182 silly placeDep ROOT bplist-creator@0.1.0 OK for: simple-plist@1.3.1 want: 0.1.0
3183 silly placeDep ROOT bplist-parser@0.3.1 OK for: simple-plist@1.3.1 want: 0.3.1
3184 silly placeDep ROOT plist@3.1.1 OK for: simple-plist@1.3.1 want: ^3.0.5
3185 silly fetch manifest stream-buffers@2.2.x
3186 silly packumentCache full:https://registry.npmjs.org/stream-buffers cache-miss
3187 silly fetch manifest big-integer@1.6.x
3188 silly packumentCache full:https://registry.npmjs.org/big-integer cache-miss
3189 silly fetch manifest @xmldom/xmldom@^0.9.10
3190 silly packumentCache full:https://registry.npmjs.org/@xmldom%2fxmldom cache-hit
3191 http fetch GET 200 https://registry.npmjs.org/stream-buffers 267ms (cache revalidated)
3192 silly packumentCache full:https://registry.npmjs.org/stream-buffers set size:32945 disposed:false
3193 http fetch GET 200 https://registry.npmjs.org/big-integer 269ms (cache revalidated)
3194 silly packumentCache full:https://registry.npmjs.org/big-integer set size:205433 disposed:false
3195 silly placeDep ROOT stream-buffers@2.2.0 OK for: bplist-creator@0.1.0 want: 2.2.x
3196 silly placeDep ROOT big-integer@1.6.52 OK for: bplist-parser@0.3.1 want: 1.6.x
3197 silly placeDep node_modules/plist @xmldom/xmldom@0.9.10 OK for: plist@3.1.1 want: ^0.9.10
3198 silly placeDep ROOT sax@1.6.0 OK for: xml2js@0.6.0 want: >=0.6.0
3199 silly placeDep node_modules/xml2js xmlbuilder@11.0.1 OK for: xml2js@0.6.0 want: ~11.0.0
3200 silly placeDep ROOT cliui@8.0.1 OK for: yargs@17.7.3 want: ^8.0.1
3201 silly placeDep ROOT get-caller-file@2.0.5 OK for: yargs@17.7.3 want: ^2.0.5
3202 silly placeDep ROOT require-directory@2.1.1 OK for: yargs@17.7.3 want: ^2.1.1
3203 silly placeDep ROOT string-width@4.2.3 OK for: yargs@17.7.3 want: ^4.2.3
3204 silly placeDep ROOT y18n@5.0.8 OK for: yargs@17.7.3 want: ^5.0.5
3205 silly placeDep ROOT yargs-parser@21.1.1 OK for: yargs@17.7.3 want: ^21.1.1
3206 silly fetch manifest strip-ansi@^6.0.1
3207 silly packumentCache full:https://registry.npmjs.org/strip-ansi cache-miss
3208 silly fetch manifest string-width@^4.2.0
3209 silly packumentCache full:https://registry.npmjs.org/string-width cache-hit
3210 silly fetch manifest strip-ansi@^6.0.1
3211 silly packumentCache full:https://registry.npmjs.org/strip-ansi cache-miss
3212 silly fetch manifest emoji-regex@^8.0.0
3213 silly packumentCache full:https://registry.npmjs.org/emoji-regex cache-miss
3214 silly fetch manifest is-fullwidth-code-point@^3.0.0
3215 silly packumentCache full:https://registry.npmjs.org/is-fullwidth-code-point cache-miss
3216 http fetch GET 200 https://registry.npmjs.org/strip-ansi 243ms (cache revalidated)
3217 silly packumentCache full:https://registry.npmjs.org/strip-ansi set size:44998 disposed:false
3218 http fetch GET 200 https://registry.npmjs.org/emoji-regex 245ms (cache revalidated)
3219 silly packumentCache full:https://registry.npmjs.org/emoji-regex set size:89064 disposed:false
3220 http fetch GET 200 https://registry.npmjs.org/strip-ansi 248ms (cache revalidated)
3221 silly packumentCache full:https://registry.npmjs.org/strip-ansi set size:44998 disposed:false
3222 silly packumentCache full:https://registry.npmjs.org/strip-ansi dispose
3223 http fetch GET 200 https://registry.npmjs.org/is-fullwidth-code-point 251ms (cache revalidated)
3224 silly packumentCache full:https://registry.npmjs.org/is-fullwidth-code-point set size:14578 disposed:false
3225 silly placeDep ROOT strip-ansi@6.0.1 OK for: cliui@8.0.1 want: ^6.0.1
3226 silly placeDep ROOT wrap-ansi@7.0.0 OK for: cliui@8.0.1 want: ^7.0.0
3227 silly placeDep ROOT emoji-regex@8.0.0 OK for: string-width@4.2.3 want: ^8.0.0
3228 silly placeDep ROOT is-fullwidth-code-point@3.0.0 OK for: string-width@4.2.3 want: ^3.0.0
3229 silly placeDep node_modules/@testing-library/dom ansi-styles@5.2.0 OK for: pretty-format@27.5.1 want: ^5.0.0
3230 silly placeDep node_modules/@testing-library/dom react-is@17.0.2 OK for: pretty-format@27.5.1 want: ^17.0.1
3231 silly placeDep node_modules/connect ms@2.0.0 OK for: debug@2.6.9 want: 2.0.0
3232 silly fetch manifest utf-8-validate@>=5.0.2
3233 silly packumentCache full:https://registry.npmjs.org/utf-8-validate cache-miss
3234 http cache https://registry.npmjs.org/utf-8-validate 10ms (cache hit)
3235 silly packumentCache full:https://registry.npmjs.org/utf-8-validate set size:77148 disposed:false
3236 silly fetch manifest @expo/metro-runtime@^57.0.2
3237 silly packumentCache full:https://registry.npmjs.org/@expo%2fmetro-runtime cache-hit
3238 silly fetch manifest expo-constants@^57.0.2
3239 silly packumentCache full:https://registry.npmjs.org/expo-constants cache-miss
3240 http cache https://registry.npmjs.org/expo-constants 12ms (cache hit)
3241 silly packumentCache full:https://registry.npmjs.org/expo-constants set size:1122660 disposed:false
3242 silly fetch manifest expo-font@^57.0.0
3243 silly packumentCache full:https://registry.npmjs.org/expo-font cache-miss
3244 http cache https://registry.npmjs.org/expo-font 11ms (cache hit)
3245 silly packumentCache full:https://registry.npmjs.org/expo-font set size:960966 disposed:false
3246 silly placeDep ROOT @expo/code-signing-certificates@0.0.6 OK for: @expo/cli@57.0.4 want: ^0.0.6
3247 silly placeDep ROOT @expo/devcert@1.2.1 OK for: @expo/cli@57.0.4 want: ^1.2.1
3248 silly placeDep ROOT @expo/inline-modules@0.1.1 OK for: @expo/cli@57.0.4 want: ^0.1.1
3249 silly placeDep ROOT @expo/metro-file-map@57.0.0 OK for: @expo/cli@57.0.4 want: ^57.0.0
3250 silly placeDep ROOT @expo/osascript@2.7.0 OK for: @expo/cli@57.0.4 want: ^2.7.0
3251 silly placeDep ROOT @expo/package-manager@1.13.0 OK for: @expo/cli@57.0.4 want: ^1.13.0
3252 silly placeDep ROOT @expo/prebuild-config@57.0.4 OK for: @expo/cli@57.0.4 want: ^57.0.4
3253 silly placeDep node_modules/expo/node_modules/@expo/cli @expo/router-server@57.0.1 CONFLICT for: @expo/cli@57.0.4 want: ^57.0.1
3254 silly placeDep node_modules/expo @expo/ws-tunnel@2.0.0 OK for: @expo/cli@57.0.4 want: ^2.0.0
3255 silly placeDep node_modules/expo ws@8.21.0 OK for: @expo/ws-tunnel@2.0.0 want: ^8.0.0
3256 silly placeDep ROOT @expo/xcpretty@4.4.4 OK for: @expo/cli@57.0.4 want: ^4.4.4
3257 silly placeDep node_modules/expo accepts@1.3.8 OK for: @expo/cli@57.0.4 want: ^1.3.8
3258 silly placeDep ROOT agent-cli-detector@0.1.2 OK for: @expo/cli@57.0.4 want: ^0.1.2
3259 silly placeDep node_modules/expo ci-info@3.9.0 OK for: @expo/cli@57.0.4 want: ^3.3.0
3260 silly placeDep ROOT compression@1.8.1 OK for: @expo/cli@57.0.4 want: ^1.7.4
3261 silly placeDep ROOT dnssd-advertise@1.1.6 OK for: @expo/cli@57.0.4 want: ^1.1.4
3262 silly placeDep ROOT fetch-nodeshim@0.4.10 OK for: @expo/cli@57.0.4 want: ^0.4.10
3263 silly placeDep ROOT lan-network@0.2.1 OK for: @expo/cli@57.0.4 want: ^0.2.1
3264 silly placeDep ROOT multitars@1.0.0 OK for: @expo/cli@57.0.4 want: ^1.0.0
3265 silly placeDep ROOT node-forge@1.4.0 OK for: @expo/cli@57.0.4 want: ^1.3.3
3266 silly placeDep ROOT npm-package-arg@11.0.3 OK for: @expo/cli@57.0.4 want: ^11.0.0
3267 silly placeDep ROOT ora@3.4.0 OK for: @expo/cli@57.0.4 want: ^3.4.0
3268 silly placeDep ROOT progress@2.0.3 OK for: @expo/cli@57.0.4 want: ^2.0.3
3269 silly placeDep ROOT prompts@2.4.2 OK for: @expo/cli@57.0.4 want: ^2.3.2
3270 silly placeDep ROOT structured-headers@0.4.1 OK for: @expo/cli@57.0.4 want: ^0.4.1
3271 silly placeDep ROOT terminal-link@2.1.1 OK for: @expo/cli@57.0.4 want: ^2.1.1
3272 silly placeDep ROOT toqr@0.1.1 OK for: @expo/cli@57.0.4 want: ^0.1.1
3273 silly placeDep ROOT zod@3.25.76 OK for: @expo/cli@57.0.4 want: ^3.25.76
3274 silly fetch manifest debug@^3.1.0
3275 silly packumentCache full:https://registry.npmjs.org/debug cache-hit
3276 silly fetch manifest @expo/sudo-prompt@^9.3.1
3277 silly packumentCache full:https://registry.npmjs.org/@expo%2fsudo-prompt cache-miss
3278 silly fetch manifest js-yaml@^4.1.0
3279 silly packumentCache full:https://registry.npmjs.org/js-yaml cache-miss
3280 silly fetch manifest mime-types@~2.1.34
3281 silly packumentCache full:https://registry.npmjs.org/mime-types cache-hit
3282 silly fetch manifest negotiator@0.6.3
3283 silly packumentCache full:https://registry.npmjs.org/negotiator cache-miss
3284 silly fetch manifest vary@~1.1.2
3285 silly packumentCache full:https://registry.npmjs.org/vary cache-miss
3286 silly fetch manifest bytes@3.1.2
3287 silly packumentCache full:https://registry.npmjs.org/bytes cache-miss
3288 silly fetch manifest negotiator@~0.6.4
3289 silly packumentCache full:https://registry.npmjs.org/negotiator cache-miss
3290 silly fetch manifest on-headers@~1.1.0
3291 silly packumentCache full:https://registry.npmjs.org/on-headers cache-miss
3292 silly fetch manifest safe-buffer@5.2.1
3293 silly packumentCache full:https://registry.npmjs.org/safe-buffer cache-miss
3294 silly fetch manifest compressible@~2.0.18
3295 silly packumentCache full:https://registry.npmjs.org/compressible cache-miss
3296 silly fetch manifest proc-log@^4.0.0
3297 silly packumentCache full:https://registry.npmjs.org/proc-log cache-miss
3298 silly fetch manifest hosted-git-info@^7.0.0
3299 silly packumentCache full:https://registry.npmjs.org/hosted-git-info cache-miss
3300 silly fetch manifest validate-npm-package-name@^5.0.0
3301 silly packumentCache full:https://registry.npmjs.org/validate-npm-package-name cache-miss
3302 silly fetch manifest chalk@^2.4.2
3303 silly packumentCache full:https://registry.npmjs.org/chalk cache-hit
3304 silly fetch manifest wcwidth@^1.0.1
3305 silly packumentCache full:https://registry.npmjs.org/wcwidth cache-miss
3306 silly fetch manifest cli-cursor@^2.1.0
3307 silly packumentCache full:https://registry.npmjs.org/cli-cursor cache-miss
3308 silly fetch manifest strip-ansi@^5.2.0
3309 silly packumentCache full:https://registry.npmjs.org/strip-ansi cache-hit
3310 silly fetch manifest log-symbols@^2.2.0
3311 silly packumentCache full:https://registry.npmjs.org/log-symbols cache-miss
3312 silly fetch manifest cli-spinners@^2.0.0
3313 silly packumentCache full:https://registry.npmjs.org/cli-spinners cache-miss
3314 silly fetch manifest kleur@^3.0.3
3315 silly packumentCache full:https://registry.npmjs.org/kleur cache-miss
3316 silly fetch manifest sisteransi@^1.0.5
3317 silly packumentCache full:https://registry.npmjs.org/sisteransi cache-miss
3318 silly fetch manifest ansi-escapes@^4.2.1
3319 silly packumentCache full:https://registry.npmjs.org/ansi-escapes cache-miss
3320 http cache https://registry.npmjs.org/negotiator 72ms (cache hit)
3321 silly packumentCache full:https://registry.npmjs.org/negotiator set size:48046 disposed:false
3322 silly fetch manifest supports-hyperlinks@^2.0.0
3323 silly packumentCache full:https://registry.npmjs.org/supports-hyperlinks cache-miss
3324 http cache https://registry.npmjs.org/negotiator 77ms (cache hit)
3325 silly packumentCache full:https://registry.npmjs.org/negotiator set size:48046 disposed:false
3326 silly packumentCache full:https://registry.npmjs.org/negotiator dispose
3327 http fetch GET 200 https://registry.npmjs.org/hosted-git-info 261ms (cache revalidated)
3328 silly packumentCache full:https://registry.npmjs.org/hosted-git-info set size:190196 disposed:false
3329 http fetch GET 200 https://registry.npmjs.org/vary 270ms (cache miss)
3330 silly packumentCache full:https://registry.npmjs.org/vary set size:undefined disposed:false
3331 http fetch GET 200 https://registry.npmjs.org/on-headers 278ms (cache miss)
3332 silly packumentCache full:https://registry.npmjs.org/on-headers set size:undefined disposed:false
3333 http fetch GET 200 https://registry.npmjs.org/sisteransi 268ms (cache revalidated)
3334 silly packumentCache full:https://registry.npmjs.org/sisteransi set size:25723 disposed:false
3335 http fetch GET 200 https://registry.npmjs.org/cli-spinners 272ms (cache revalidated)
3336 silly packumentCache full:https://registry.npmjs.org/cli-spinners set size:67473 disposed:false
3337 http fetch GET 200 https://registry.npmjs.org/kleur 279ms (cache revalidated)
3338 silly packumentCache full:https://registry.npmjs.org/kleur set size:61853 disposed:false
3339 http fetch GET 200 https://registry.npmjs.org/safe-buffer 297ms (cache revalidated)
3340 silly packumentCache full:https://registry.npmjs.org/safe-buffer set size:41183 disposed:false
3341 http fetch GET 200 https://registry.npmjs.org/wcwidth 296ms (cache revalidated)
3342 silly packumentCache full:https://registry.npmjs.org/wcwidth set size:5904 disposed:false
3343 http fetch GET 200 https://registry.npmjs.org/cli-cursor 304ms (cache revalidated)
3344 silly packumentCache full:https://registry.npmjs.org/cli-cursor set size:18913 disposed:false
3345 http fetch GET 200 https://registry.npmjs.org/bytes 314ms (cache miss)
3346 silly packumentCache full:https://registry.npmjs.org/bytes set size:undefined disposed:false
3347 http fetch GET 200 https://registry.npmjs.org/compressible 314ms (cache miss)
3348 silly packumentCache full:https://registry.npmjs.org/compressible set size:undefined disposed:false
3349 http fetch GET 200 https://registry.npmjs.org/log-symbols 303ms (cache revalidated)
3350 silly packumentCache full:https://registry.npmjs.org/log-symbols set size:31977 disposed:false
3351 http fetch GET 200 https://registry.npmjs.org/proc-log 318ms (cache revalidated)
3352 silly packumentCache full:https://registry.npmjs.org/proc-log set size:35852 disposed:false
3353 http fetch GET 200 https://registry.npmjs.org/validate-npm-package-name 319ms (cache revalidated)
3354 silly packumentCache full:https://registry.npmjs.org/validate-npm-package-name set size:51156 disposed:false
3355 http fetch GET 200 https://registry.npmjs.org/@expo%2fsudo-prompt 327ms (cache miss)
3356 silly packumentCache full:https://registry.npmjs.org/@expo%2fsudo-prompt set size:undefined disposed:false
3357 http fetch GET 200 https://registry.npmjs.org/ansi-escapes 451ms (cache revalidated)
3358 silly packumentCache full:https://registry.npmjs.org/ansi-escapes set size:70915 disposed:false
3359 http fetch GET 200 https://registry.npmjs.org/js-yaml 474ms (cache revalidated)
3360 silly packumentCache full:https://registry.npmjs.org/js-yaml set size:171743 disposed:false
3361 http fetch GET 200 https://registry.npmjs.org/supports-hyperlinks 441ms (cache revalidated)
3362 silly packumentCache full:https://registry.npmjs.org/supports-hyperlinks set size:38477 disposed:false
3363 silly placeDep ROOT @expo/sudo-prompt@9.3.2 OK for: @expo/devcert@1.2.1 want: ^9.3.1
3364 silly placeDep node_modules/@expo/devcert debug@3.2.7 OK for: @expo/devcert@1.2.1 want: ^3.1.0
3365 silly placeDep ROOT js-yaml@4.3.0 OK for: @expo/xcpretty@4.4.4 want: ^4.1.0
3366 silly fetch manifest argparse@^2.0.1
3367 silly packumentCache full:https://registry.npmjs.org/argparse cache-miss
3368 http fetch GET 200 https://registry.npmjs.org/argparse 241ms (cache revalidated)
3369 silly packumentCache full:https://registry.npmjs.org/argparse set size:49266 disposed:false
3370 silly placeDep ROOT bytes@3.1.2 OK for: compression@1.8.1 want: 3.1.2
3371 silly placeDep ROOT compressible@2.0.18 OK for: compression@1.8.1 want: ~2.0.18
3372 silly placeDep node_modules/compression debug@2.6.9 OK for: compression@1.8.1 want: 2.6.9
3373 silly placeDep node_modules/compression negotiator@0.6.4 OK for: compression@1.8.1 want: ~0.6.4
3374 silly placeDep ROOT on-headers@1.1.0 OK for: compression@1.8.1 want: ~1.1.0
3375 silly placeDep ROOT safe-buffer@5.2.1 OK for: compression@1.8.1 want: 5.2.1
3376 silly placeDep ROOT vary@1.1.2 OK for: compression@1.8.1 want: ~1.1.2
3377 silly placeDep ROOT argparse@2.0.1 OK for: js-yaml@4.3.0 want: ^2.0.1
3378 silly placeDep ROOT hosted-git-info@7.0.2 OK for: npm-package-arg@11.0.3 want: ^7.0.0
3379 silly placeDep ROOT proc-log@4.2.0 OK for: npm-package-arg@11.0.3 want: ^4.0.0
3380 silly placeDep ROOT validate-npm-package-name@5.0.1 OK for: npm-package-arg@11.0.3 want: ^5.0.0
3381 silly fetch manifest lru-cache@^10.0.1
3382 silly packumentCache full:https://registry.npmjs.org/lru-cache cache-hit
3383 silly placeDep node_modules/hosted-git-info lru-cache@10.4.3 OK for: hosted-git-info@7.0.2 want: ^10.0.1
3384 silly placeDep node_modules/ora chalk@2.4.2 OK for: ora@3.4.0 want: ^2.4.2
3385 silly placeDep ROOT cli-cursor@2.1.0 OK for: ora@3.4.0 want: ^2.1.0
3386 silly placeDep ROOT cli-spinners@2.9.2 OK for: ora@3.4.0 want: ^2.0.0
3387 silly placeDep ROOT log-symbols@2.2.0 OK for: ora@3.4.0 want: ^2.2.0
3388 silly placeDep node_modules/ora strip-ansi@5.2.0 OK for: ora@3.4.0 want: ^5.2.0
3389 silly placeDep ROOT wcwidth@1.0.1 OK for: ora@3.4.0 want: ^1.0.1
3390 silly fetch manifest ansi-styles@^3.2.1
3391 silly packumentCache full:https://registry.npmjs.org/ansi-styles cache-hit
3392 silly fetch manifest supports-color@^5.3.0
3393 silly packumentCache full:https://registry.npmjs.org/supports-color cache-hit
3394 silly fetch manifest escape-string-regexp@^1.0.5
3395 silly packumentCache full:https://registry.npmjs.org/escape-string-regexp cache-hit
3396 silly fetch manifest restore-cursor@^2.0.0
3397 silly packumentCache full:https://registry.npmjs.org/restore-cursor cache-miss
3398 silly fetch manifest chalk@^2.0.1
3399 silly packumentCache full:https://registry.npmjs.org/chalk cache-hit
3400 silly fetch manifest ansi-regex@^4.1.0
3401 silly packumentCache full:https://registry.npmjs.org/ansi-regex cache-hit
3402 silly fetch manifest defaults@^1.0.3
3403 silly packumentCache full:https://registry.npmjs.org/defaults cache-miss
3404 http fetch GET 200 https://registry.npmjs.org/restore-cursor 236ms (cache revalidated)
3405 silly packumentCache full:https://registry.npmjs.org/restore-cursor set size:17895 disposed:false
3406 http fetch GET 200 https://registry.npmjs.org/defaults 238ms (cache revalidated)
3407 silly packumentCache full:https://registry.npmjs.org/defaults set size:18134 disposed:false
3408 silly placeDep ROOT restore-cursor@2.0.0 OK for: cli-cursor@2.1.0 want: ^2.0.0
3409 silly fetch manifest onetime@^2.0.0
3410 silly packumentCache full:https://registry.npmjs.org/onetime cache-miss
3411 silly fetch manifest signal-exit@^3.0.2
3412 silly packumentCache full:https://registry.npmjs.org/signal-exit cache-miss
3413 http fetch GET 200 https://registry.npmjs.org/onetime 249ms (cache revalidated)
3414 silly packumentCache full:https://registry.npmjs.org/onetime set size:32314 disposed:false
3415 http fetch GET 200 https://registry.npmjs.org/signal-exit 254ms (cache revalidated)
3416 silly packumentCache full:https://registry.npmjs.org/signal-exit set size:53489 disposed:false
3417 silly placeDep node_modules/log-symbols chalk@2.4.2 OK for: log-symbols@2.2.0 want: ^2.0.1
3418 silly placeDep ROOT kleur@3.0.3 OK for: prompts@2.4.2 want: ^3.0.3
3419 silly placeDep ROOT sisteransi@1.0.5 OK for: prompts@2.4.2 want: ^1.0.5
3420 silly placeDep ROOT onetime@2.0.1 OK for: restore-cursor@2.0.0 want: ^2.0.0
3421 silly placeDep ROOT signal-exit@3.0.7 OK for: restore-cursor@2.0.0 want: ^3.0.2
3422 silly fetch manifest mimic-fn@^1.0.0
3423 silly packumentCache full:https://registry.npmjs.org/mimic-fn cache-miss
3424 http fetch GET 200 https://registry.npmjs.org/mimic-fn 287ms (cache revalidated)
3425 silly packumentCache full:https://registry.npmjs.org/mimic-fn set size:22257 disposed:false
3426 silly placeDep ROOT mimic-fn@1.2.0 OK for: onetime@2.0.1 want: ^1.0.0
3427 silly placeDep ROOT ansi-escapes@4.3.2 OK for: terminal-link@2.1.1 want: ^4.2.1
3428 silly placeDep ROOT supports-hyperlinks@2.3.0 OK for: terminal-link@2.1.1 want: ^2.0.0
3429 silly fetch manifest type-fest@^0.21.3
3430 silly packumentCache full:https://registry.npmjs.org/type-fest cache-hit
3431 silly placeDep node_modules/ansi-escapes type-fest@0.21.3 OK for: ansi-escapes@4.3.2 want: ^0.21.3
3432 silly placeDep ROOT defaults@1.0.4 OK for: wcwidth@1.0.1 want: ^1.0.3
3433 silly fetch manifest clone@^1.0.2
3434 silly packumentCache full:https://registry.npmjs.org/clone cache-miss
3435 http fetch GET 200 https://registry.npmjs.org/clone 320ms (cache revalidated)
3436 silly packumentCache full:https://registry.npmjs.org/clone set size:82973 disposed:false
3437 silly placeDep ROOT clone@1.0.4 OK for: defaults@1.0.4 want: ^1.0.2
3438 silly placeDep node_modules/compression ms@2.0.0 OK for: debug@2.6.9 want: 2.0.0
3439 silly placeDep node_modules/expo mime-types@2.1.35 OK for: accepts@1.3.8 want: ~2.1.34
3440 silly placeDep node_modules/expo negotiator@0.6.3 OK for: accepts@1.3.8 want: 0.6.3
3441 silly fetch manifest mime-db@1.52.0
3442 silly packumentCache full:https://registry.npmjs.org/mime-db cache-hit
3443 silly placeDep node_modules/expo mime-db@1.52.0 OK for: mime-types@2.1.35 want: 1.52.0
3444 silly placeDep node_modules/finalhandler ms@2.0.0 OK for: debug@2.6.9 want: 2.0.0
3445 silly placeDep node_modules/lighthouse-logger ms@2.0.0 OK for: debug@2.6.9 want: 2.0.0
3446 silly placeDep node_modules/log-symbols ansi-styles@3.2.1 OK for: chalk@2.4.2 want: ^3.2.1
3447 silly placeDep node_modules/log-symbols escape-string-regexp@1.0.5 OK for: chalk@2.4.2 want: ^1.0.5
3448 silly placeDep node_modules/log-symbols supports-color@5.5.0 OK for: chalk@2.4.2 want: ^5.3.0
3449 silly fetch manifest color-convert@^1.9.0
3450 silly packumentCache full:https://registry.npmjs.org/color-convert cache-hit
3451 silly fetch manifest has-flag@^3.0.0
3452 silly packumentCache full:https://registry.npmjs.org/has-flag cache-hit
3453 silly placeDep node_modules/log-symbols color-convert@1.9.3 OK for: ansi-styles@3.2.1 want: ^1.9.0
3454 silly fetch manifest color-name@1.1.3
3455 silly packumentCache full:https://registry.npmjs.org/color-name cache-hit
3456 silly placeDep node_modules/log-symbols color-name@1.1.3 OK for: color-convert@1.9.3 want: 1.1.3
3457 silly placeDep node_modules/log-symbols has-flag@3.0.0 OK for: supports-color@5.5.0 want: ^3.0.0
3458 silly placeDep node_modules/metro-babel-transformer hermes-estree@0.35.0 OK for: hermes-parser@0.35.0 want: 0.35.0
3459 silly placeDep node_modules/metro hermes-estree@0.35.0 OK for: hermes-parser@0.35.0 want: 0.35.0
3460 silly placeDep node_modules/ora ansi-styles@3.2.1 OK for: chalk@2.4.2 want: ^3.2.1
3461 silly placeDep node_modules/ora escape-string-regexp@1.0.5 OK for: chalk@2.4.2 want: ^1.0.5
3462 silly placeDep node_modules/ora supports-color@5.5.0 OK for: chalk@2.4.2 want: ^5.3.0
3463 silly placeDep node_modules/ora color-convert@1.9.3 OK for: ansi-styles@3.2.1 want: ^1.9.0
3464 silly placeDep node_modules/ora color-name@1.1.3 OK for: color-convert@1.9.3 want: 1.1.3
3465 silly placeDep node_modules/ora ansi-regex@4.1.1 OK for: strip-ansi@5.2.0 want: ^4.1.0
3466 silly placeDep node_modules/ora has-flag@3.0.0 OK for: supports-color@5.5.0 want: ^3.0.0
3467 silly placeDep node_modules/send/node_modules/debug ms@2.0.0 OK for: debug@2.6.9 want: 2.0.0
3468 silly reify moves {}
3469 silly audit bulk request {
3469 silly audit   '@expo/ui': [ '57.0.3' ],
3469 silly audit   expo: [ '57.0.2' ],
3469 silly audit   react: [ '19.2.3' ],
3469 silly audit   'react-native': [ '0.86.0' ],
3469 silly audit   '@types/react': [ '19.2.17' ],
3469 silly audit   'expo-constants': [ '57.0.3' ],
3469 silly audit   'expo-device': [ '57.0.0' ],
3469 silly audit   'expo-font': [ '57.0.0' ],
3469 silly audit   'expo-glass-effect': [ '57.0.0' ],
3469 silly audit   'expo-image': [ '57.0.0' ],
3469 silly audit   'expo-linking': [ '57.0.1' ],
3469 silly audit   'expo-router': [ '57.0.3' ],
3469 silly audit   'react-native-safe-area-context': [ '5.7.0' ],
3469 silly audit   'expo-splash-screen': [ '57.0.2' ],
3469 silly audit   'expo-status-bar': [ '57.0.0' ],
3469 silly audit   'expo-symbols': [ '57.0.0' ],
3469 silly audit   'expo-system-ui': [ '57.0.0' ],
3469 silly audit   'expo-web-browser': [ '57.0.0' ],
3469 silly audit   'react-dom': [ '19.2.3' ],
3469 silly audit   'react-native-gesture-handler': [ '2.32.0' ],
3469 silly audit   'react-native-reanimated': [ '4.5.0' ],
3469 silly audit   'react-native-worklets': [ '0.10.0' ],
3469 silly audit   '@babel/core': [ '7.29.7' ],
3469 silly audit   '@react-native/metro-config': [ '0.86.0' ],
3469 silly audit   'react-native-screens': [ '4.25.2' ],
3469 silly audit   'react-native-web': [ '0.21.2' ],
3469 silly audit   typescript: [ '6.0.3' ],
3469 silly audit   'convert-source-map': [ '2.0.0' ],
3469 silly audit   gensync: [ '1.0.0-beta.2' ],
3469 silly audit   json5: [ '2.2.3' ],
3469 silly audit   semver: [ '7.8.5', '6.3.1' ],
3469 silly audit   'sf-symbols-typescript': [ '2.2.0' ],
3469 silly audit   vaul: [ '1.1.2' ],
3469 silly audit   '@react-native/js-polyfills': [ '0.86.0' ],
3469 silly audit   '@react-native/metro-babel-transformer': [ '0.86.0' ],
3469 silly audit   'metro-config': [ '0.84.4' ],
3469 silly audit   'metro-runtime': [ '0.84.4' ],
3469 silly audit   '@react-native/babel-preset': [ '0.86.0' ],
3469 silly audit   'hermes-parser': [ '0.36.0', '0.35.0' ],
3469 silly audit   nullthrows: [ '1.1.1' ],
3469 silly audit   '@babel/plugin-proposal-export-default-from': [ '7.29.7' ],
3469 silly audit   '@babel/plugin-syntax-dynamic-import': [ '7.8.3' ],
3469 silly audit   '@babel/plugin-syntax-export-default-from': [ '7.29.7' ],
3469 silly audit   '@babel/plugin-syntax-nullish-coalescing-operator': [ '7.8.3' ],
3469 silly audit   '@babel/plugin-syntax-optional-chaining': [ '7.8.3' ],
3469 silly audit   '@babel/plugin-transform-async-generator-functions': [ '7.29.7' ],
3469 silly audit   '@babel/plugin-transform-async-to-generator': [ '7.29.7' ],
3469 silly audit   '@babel/plugin-transform-block-scoping': [ '7.29.7' ],
3469 silly audit   '@babel/plugin-transform-class-properties': [ '7.29.7' ],
3469 silly audit   '@babel/plugin-transform-classes': [ '7.29.7' ],
3469 silly audit   '@babel/plugin-transform-destructuring': [ '7.29.7' ],
3469 silly audit   '@babel/plugin-transform-flow-strip-types': [ '7.29.7' ],
3469 silly audit   '@babel/plugin-transform-for-of': [ '7.29.7' ],
3469 silly audit   '@babel/plugin-transform-modules-commonjs': [ '7.29.7' ],
3469 silly audit   '@babel/plugin-transform-named-capturing-groups-regex': [ '7.29.7' ],
3469 silly audit   '@babel/plugin-transform-nullish-coalescing-operator': [ '7.29.7' ],
3469 silly audit   '@babel/plugin-transform-optional-catch-binding': [ '7.29.7' ],
3469 silly audit   '@babel/plugin-transform-optional-chaining': [ '7.29.7' ],
3469 silly audit   '@babel/plugin-transform-private-methods': [ '7.29.7' ],
3469 silly audit   '@babel/plugin-transform-private-property-in-object': [ '7.29.7' ],
3469 silly audit   '@babel/plugin-transform-react-display-name': [ '7.29.7' ],
3469 silly audit   '@babel/plugin-transform-react-jsx': [ '7.29.7' ],
3469 silly audit   '@babel/plugin-transform-react-jsx-self': [ '7.29.7' ],
3469 silly audit   '@babel/plugin-transform-react-jsx-source': [ '7.29.7' ],
3469 silly audit   '@babel/plugin-transform-regenerator': [ '7.29.7' ],
3469 silly audit   '@babel/plugin-transform-runtime': [ '7.29.7' ],
3469 silly audit   '@babel/plugin-transform-typescript': [ '7.29.7' ],
3469 silly audit   '@babel/plugin-transform-unicode-regex': [ '7.29.7' ],
3469 silly audit   '@react-native/babel-plugin-codegen': [ '0.86.0' ],
3469 silly audit   'babel-plugin-syntax-hermes-parser': [ '0.36.0' ],
3469 silly audit   'babel-plugin-transform-flow-enums': [ '0.0.2' ],
3469 silly audit   'react-refresh': [ '0.14.2' ],
3469 silly audit   '@babel/code-frame': [ '7.29.7' ],
3469 silly audit   '@babel/generator': [ '7.29.7' ],
3469 silly audit   '@babel/helper-compilation-targets': [ '7.29.7' ],
3469 silly audit   '@babel/helper-module-transforms': [ '7.29.7' ],
3469 silly audit   '@babel/helpers': [ '7.29.7' ],
3469 silly audit   '@babel/parser': [ '7.29.7' ],
3469 silly audit   '@babel/template': [ '7.29.7' ],
3469 silly audit   '@babel/traverse': [ '7.29.7' ],
3469 silly audit   '@babel/types': [ '7.29.7' ],
3469 silly audit   '@jridgewell/remapping': [ '2.3.5' ],
3469 silly audit   debug: [ '4.4.3', '2.6.9', '3.2.7' ],
3469 silly audit   '@babel/helper-validator-identifier': [ '7.29.7' ],
3469 silly audit   'js-tokens': [ '4.0.0' ],
3469 silly audit   picocolors: [ '1.1.1' ],
3469 silly audit   '@jridgewell/gen-mapping': [ '0.3.13' ],
3469 silly audit   '@jridgewell/trace-mapping': [ '0.3.31' ],
3469 silly audit   jsesc: [ '3.1.0' ],
3469 silly audit   '@babel/compat-data': [ '7.29.7' ],
3469 silly audit   '@babel/helper-validator-option': [ '7.29.7' ],
3469 silly audit   browserslist: [ '4.28.4' ],
3469 silly audit   'lru-cache': [ '5.1.1', '11.5.1', '10.4.3' ],
3469 silly audit   '@babel/helper-module-imports': [ '7.29.7' ],
3469 silly audit   '@babel/helper-plugin-utils': [ '7.29.7' ],
3469 silly audit   '@babel/helper-remap-async-to-generator': [ '7.29.7' ],
3469 silly audit   '@babel/helper-annotate-as-pure': [ '7.29.7' ],
3469 silly audit   '@babel/helper-wrap-function': [ '7.29.7' ],
3469 silly audit   '@babel/helper-create-class-features-plugin': [ '7.29.7' ],
3469 silly audit   '@babel/helper-member-expression-to-functions': [ '7.29.7' ],
3469 silly audit   '@babel/helper-optimise-call-expression': [ '7.29.7' ],
3469 silly audit   '@babel/helper-replace-supers': [ '7.29.7' ],
3469 silly audit   '@babel/helper-skip-transparent-expression-wrappers': [ '7.29.7' ],
3469 silly audit   '@babel/helper-globals': [ '7.29.7' ],
3469 silly audit   '@babel/plugin-syntax-flow': [ '7.29.7' ],
3469 silly audit   '@babel/helper-create-regexp-features-plugin': [ '7.29.7' ],
3469 silly audit   'regexpu-core': [ '6.4.0' ],
3469 silly audit   '@babel/plugin-syntax-jsx': [ '7.29.7' ],
3469 silly audit   'babel-plugin-polyfill-corejs2': [ '0.4.17' ],
3469 silly audit   'babel-plugin-polyfill-corejs3': [ '0.13.0' ],
3469 silly audit   'babel-plugin-polyfill-regenerator': [ '0.6.8' ],
3469 silly audit   '@babel/plugin-syntax-typescript': [ '7.29.7' ],
3469 silly audit   '@babel/helper-string-parser': [ '7.29.7' ],
3469 silly audit   '@jridgewell/sourcemap-codec': [ '1.5.5' ],
3469 silly audit   '@jridgewell/resolve-uri': [ '3.1.2' ],
3469 silly audit   '@react-native/codegen': [ '0.86.0' ],
3469 silly audit   invariant: [ '2.2.4' ],
3469 silly audit   tinyglobby: [ '0.2.17' ],
3469 silly audit   yargs: [ '17.7.3' ],
3469 silly audit   csstype: [ '3.2.3' ],
3469 silly audit   '@babel/helper-define-polyfill-provider': [ '0.6.8' ],
3469 silly audit   'lodash.debounce': [ '4.0.8' ],
3469 silly audit   resolve: [ '1.22.12' ],
3469 silly audit   'core-js-compat': [ '3.49.0' ],
3469 silly audit   'baseline-browser-mapping': [ '2.10.41' ],
3469 silly audit   'caniuse-lite': [ '1.0.30001800' ],
3469 silly audit   'electron-to-chromium': [ '1.5.385' ],
3469 silly audit   'node-releases': [ '2.0.50' ],
3469 silly audit   'update-browserslist-db': [ '1.2.3' ],
3469 silly audit   ms: [ '2.1.3', '2.0.0' ],
3469 silly audit   '@babel/runtime': [ '7.29.7' ],
3469 silly audit   '@expo/cli': [ '57.0.4' ],
3469 silly audit   '@expo/config': [ '57.0.2' ],
3469 silly audit   '@expo/config-plugins': [ '57.0.2' ],
3469 silly audit   '@expo/devtools': [ '57.0.0' ],
3469 silly audit   '@expo/dom-webview': [ '57.0.0' ],
3469 silly audit   '@expo/fingerprint': [ '0.20.2' ],
3469 silly audit   '@expo/local-build-cache-provider': [ '57.0.2' ],
3469 silly audit   '@expo/log-box': [ '57.0.0' ],
3469 silly audit   '@expo/metro': [ '56.0.0' ],
3469 silly audit   '@expo/metro-config': [ '57.0.3' ],
3469 silly audit   '@ungap/structured-clone': [ '1.3.2' ],
3469 silly audit   'babel-preset-expo': [ '57.0.1' ],
3469 silly audit   'expo-asset': [ '57.0.3' ],
3469 silly audit   'expo-file-system': [ '57.0.0' ],
3469 silly audit   'expo-keep-awake': [ '57.0.0' ],
3469 silly audit   'expo-modules-autolinking': [ '57.0.4' ],
3469 silly audit   'expo-modules-core': [ '57.0.2' ],
3469 silly audit   'pretty-format': [ '29.7.0', '27.5.1' ],
3469 silly audit   'whatwg-url-minimum': [ '0.1.2' ],
3469 silly audit   '@expo/config-types': [ '57.0.1' ],
3469 silly audit   '@expo/json-file': [ '11.0.0' ],
3469 silly audit   '@expo/require-utils': [ '57.0.1' ],
3469 silly audit   deepmerge: [ '4.3.1' ],
3469 silly audit   getenv: [ '2.0.0' ],
3469 silly audit   glob: [ '13.0.6' ],
3469 silly audit   'resolve-workspace-root': [ '2.0.1' ],
3469 silly audit   slugify: [ '1.6.9' ],
3469 silly audit   '@expo/plist': [ '0.8.0' ],
3469 silly audit   '@expo/sdk-runtime-versions': [ '1.0.0' ],
3469 silly audit   chalk: [ '4.1.2', '2.4.2' ],
3469 silly audit   xcode: [ '3.0.1' ],
3469 silly audit   xml2js: [ '0.6.0' ],
3469 silly audit   '@expo/env': [ '2.4.1' ],
3469 silly audit   '@expo/spawn-async': [ '1.8.0' ],
3469 silly audit   arg: [ '5.0.2' ],
3469 silly audit   ignore: [ '5.3.2' ],
3469 silly audit   minimatch: [ '10.2.5' ],
3469 silly audit   'resolve-from': [ '5.0.0' ],
3469 silly audit   anser: [ '1.4.10' ],
3469 silly audit   'stacktrace-parser': [ '0.1.11' ],
3469 silly audit   metro: [ '0.84.4' ],
3469 silly audit   'metro-babel-transformer': [ '0.84.4' ],
3469 silly audit   'metro-cache': [ '0.84.4' ],
3469 silly audit   'metro-cache-key': [ '0.84.4' ],
3469 silly audit   'metro-core': [ '0.84.4' ],
3469 silly audit   'metro-file-map': [ '0.84.4' ],
3469 silly audit   'metro-minify-terser': [ '0.84.4' ],
3469 silly audit   'metro-resolver': [ '0.84.4' ],
3469 silly audit   'metro-source-map': [ '0.84.4' ],
3469 silly audit   'metro-symbolicate': [ '0.84.4' ],
3469 silly audit   'metro-transform-plugins': [ '0.84.4' ],
3469 silly audit   'metro-transform-worker': [ '0.84.4' ],
3469 silly audit   'jsc-safe-url': [ '0.2.4' ],
3469 silly audit   lightningcss: [ '1.32.0' ],
3469 silly audit   picomatch: [ '4.0.5', '2.3.2' ],
3469 silly audit   postcss: [ '8.5.16' ],
3469 silly audit   '@xmldom/xmldom': [ '0.8.13', '0.9.10' ],
3469 silly audit   'base64-js': [ '1.5.1' ],
3469 silly audit   xmlbuilder: [ '15.1.1', '11.0.1' ],
3469 silly audit   'cross-spawn': [ '7.0.6' ],
3469 silly audit   '@babel/plugin-proposal-decorators': [ '7.29.7' ],
3469 silly audit   '@babel/plugin-transform-class-static-block': [ '7.29.7' ],
3469 silly audit   '@babel/plugin-transform-export-namespace-from': [ '7.29.7' ],
3469 silly audit   '@babel/plugin-transform-logical-assignment-operators': [ '7.29.7' ],
3469 silly audit   '@babel/plugin-transform-object-rest-spread': [ '7.29.7' ],
3469 silly audit   '@babel/plugin-transform-parameters': [ '7.29.7' ],
3469 silly audit   '@babel/plugin-transform-react-jsx-development': [ '7.29.7' ],
3469 silly audit   '@babel/plugin-transform-react-pure-annotations': [ '7.29.7' ],
3469 silly audit   '@babel/preset-typescript': [ '7.29.7' ],
3469 silly audit   'babel-plugin-react-compiler': [ '1.0.0' ],
3469 silly audit   'babel-plugin-react-native-web': [ '0.21.2' ],
3469 silly audit   '@babel/plugin-syntax-decorators': [ '7.29.7' ],
3469 silly audit   'ansi-styles': [ '4.3.0', '5.2.0', '3.2.1' ],
3469 silly audit   'supports-color': [ '7.2.0', '8.1.1', '5.5.0' ],
3469 silly audit   'color-convert': [ '2.0.1', '1.9.3' ],
3469 silly audit   'color-name': [ '1.1.4', '1.1.3' ],
3469 silly audit   'path-key': [ '3.1.1' ],
3469 silly audit   'shebang-command': [ '2.0.0' ],
3469 silly audit   which: [ '2.0.2' ],
3469 silly audit   '@expo/image-utils': [ '0.11.1' ],
3469 silly audit   'jimp-compact': [ '0.16.1' ],
3469 silly audit   'parse-png': [ '2.1.0' ],
3469 silly audit   'ua-parser-js': [ '0.7.41', '1.0.41' ],
3469 silly audit   fontfaceobserver: [ '2.3.0' ],
3469 silly audit   commander: [ '7.2.0', '12.1.0', '2.20.3' ],
3469 silly audit   '@expo/expo-modules-macros-plugin': [ '0.3.0' ],
3469 silly audit   'expo-modules-jsi': [ '57.0.0' ],
3469 silly audit   '@expo/metro-runtime': [ '57.0.3' ],
3469 silly audit   '@expo/schema-utils': [ '57.0.1' ],
3469 silly audit   '@radix-ui/react-slot': [ '1.3.0' ],
3469 silly audit   '@radix-ui/react-tabs': [ '1.1.16' ],
3469 silly audit   '@react-native-masked-view/masked-view': [ '0.3.2' ],
3469 silly audit   '@testing-library/jest-dom': [ '6.9.1' ],
3469 silly audit   '@testing-library/user-event': [ '14.6.1' ],
3469 silly audit   '@testing-library/dom': [ '10.4.1' ],
3469 silly audit   'client-only': [ '0.0.1' ],
3469 silly audit   color: [ '4.2.3' ],
3469 silly audit   'escape-string-regexp': [ '4.0.0', '1.0.5' ],
3469 silly audit   'expo-server': [ '57.0.0' ],
3469 silly audit   'fast-deep-equal': [ '3.1.3' ],
3469 silly audit   nanoid: [ '3.3.15' ],
3469 silly audit   'query-string': [ '7.1.3' ],
3469 silly audit   'react-fast-compare': [ '3.2.2' ],
3469 silly audit   'react-is': [ '19.2.7', '18.3.1', '16.13.1', '17.0.2' ],
3469 silly audit   'react-native-drawer-layout': [ '4.2.5' ],
3469 silly audit   'server-only': [ '0.0.1' ],
3469 silly audit   shallowequal: [ '1.1.0' ],
3469 silly audit   'standard-navigation': [ '0.0.5' ],
3469 silly audit   'whatwg-fetch': [ '3.6.20' ],
3469 silly audit   '@radix-ui/react-compose-refs': [ '1.1.3' ],
3469 silly audit   '@radix-ui/primitive': [ '1.1.4' ],
3469 silly audit   '@radix-ui/react-context': [ '1.1.4' ],
3469 silly audit   '@radix-ui/react-direction': [ '1.1.2' ],
3469 silly audit   '@radix-ui/react-id': [ '1.1.2' ],
3469 silly audit   '@radix-ui/react-presence': [ '1.1.6' ],
3469 silly audit   '@radix-ui/react-primitive': [ '2.1.7' ],
3469 silly audit   '@radix-ui/react-roving-focus': [ '1.1.14' ],
3469 silly audit   '@radix-ui/react-use-controllable-state': [ '1.2.3' ],
3469 silly audit   '@radix-ui/react-use-layout-effect': [ '1.1.2' ],
3469 silly audit   '@radix-ui/react-collection': [ '1.1.11' ],
3469 silly audit   '@radix-ui/react-use-callback-ref': [ '1.1.2' ],
3469 silly audit   '@radix-ui/react-use-effect-event': [ '0.0.3' ],
3469 silly audit   '@types/aria-query': [ '5.0.4' ],
3469 silly audit   'aria-query': [ '5.3.0' ],
3469 silly audit   'dom-accessibility-api': [ '0.5.16', '0.6.3' ],
3469 silly audit   'lz-string': [ '1.5.0' ],
3469 silly audit   '@adobe/css-tools': [ '4.5.0' ],
3469 silly audit   'css.escape': [ '1.5.1' ],
3469 silly audit   redent: [ '3.0.0' ],
3469 silly audit   dequal: [ '2.0.3' ],
3469 silly audit   'color-string': [ '1.9.1' ],
3469 silly audit   'simple-swizzle': [ '0.2.4' ],
3469 silly audit   '@expo-google-fonts/material-symbols': [ '0.4.38' ],
3469 silly audit   '@react-native/normalize-colors': [ '0.86.0', '0.74.89' ],
3469 silly audit   minipass: [ '7.1.3' ],
3469 silly audit   'path-scurry': [ '2.0.2' ],
3469 silly audit   'hermes-estree': [ '0.36.0', '0.35.0' ],
3469 silly audit   'loose-envify': [ '1.4.0' ],
3469 silly audit   'detect-libc': [ '2.1.2' ],
3469 silly audit   'lightningcss-android-arm64': [ '1.32.0' ],
3469 silly audit   'lightningcss-darwin-arm64': [ '1.32.0' ],
3469 silly audit   'lightningcss-darwin-x64': [ '1.32.0' ],
3469 silly audit   'lightningcss-freebsd-x64': [ '1.32.0' ],
3469 silly audit   'lightningcss-linux-arm-gnueabihf': [ '1.32.0' ],
3469 silly audit   'lightningcss-linux-arm64-gnu': [ '1.32.0' ],
3469 silly audit   'lightningcss-linux-arm64-musl': [ '1.32.0' ],
3469 silly audit   'lightningcss-linux-x64-gnu': [ '1.32.0' ],
3469 silly audit   'lightningcss-linux-x64-musl': [ '1.32.0' ],
3469 silly audit   'lightningcss-win32-arm64-msvc': [ '1.32.0' ],
3469 silly audit   'lightningcss-win32-x64-msvc': [ '1.32.0' ],
3469 silly audit   yallist: [ '3.1.1' ],
3469 silly audit   accepts: [ '2.0.0', '1.3.8' ],
3469 silly audit   'ci-info': [ '2.0.0', '3.9.0' ],
3469 silly audit   connect: [ '3.7.0' ],
3469 silly audit   'error-stack-parser': [ '2.1.4' ],
3469 silly audit   'flow-enums-runtime': [ '0.0.6' ],
3469 silly audit   'graceful-fs': [ '4.2.11' ],
3469 silly audit   'image-size': [ '1.2.1' ],
3469 silly audit   'jest-worker': [ '29.7.0' ],
3469 silly audit   'lodash.throttle': [ '4.1.1' ],
3469 silly audit   'mime-types': [ '3.0.2', '2.1.35' ],
3469 silly audit   'serialize-error': [ '2.1.0' ],
3469 silly audit   'source-map': [ '0.5.7', '0.6.1' ],
3469 silly audit   throat: [ '5.0.0' ],
3469 silly audit   ws: [ '7.5.11', '8.21.0' ],
3469 silly audit   negotiator: [ '1.0.0', '0.6.4', '0.6.3' ],
3469 silly audit   finalhandler: [ '1.1.2' ],
3469 silly audit   parseurl: [ '1.3.3' ],
3469 silly audit   'utils-merge': [ '1.0.1' ],
3469 silly audit   stackframe: [ '1.3.4' ],
3469 silly audit   encodeurl: [ '1.0.2', '2.0.0' ],
3469 silly audit   'escape-html': [ '1.0.3' ],
3469 silly audit   'on-finished': [ '2.3.0', '2.4.1' ],
3469 silly audit   statuses: [ '1.5.0', '2.0.2' ],
3469 silly audit   unpipe: [ '1.0.0' ],
3469 silly audit   queue: [ '6.0.2' ],
3469 silly audit   '@types/node': [ '26.1.0' ],
3469 silly audit   'jest-util': [ '29.7.0' ],
3469 silly audit   'merge-stream': [ '2.0.0' ],
3469 silly audit   'undici-types': [ '8.3.0' ],
3469 silly audit   '@jest/types': [ '29.6.3' ],
3469 silly audit   '@jest/schemas': [ '29.6.3' ],
3469 silly audit   '@types/istanbul-lib-coverage': [ '2.0.6' ],
3469 silly audit   '@types/istanbul-reports': [ '3.0.4' ],
3469 silly audit   '@types/yargs': [ '17.0.35' ],
3469 silly audit   '@sinclair/typebox': [ '0.27.10' ],
3469 silly audit   '@types/istanbul-lib-report': [ '3.0.3' ],
3469 silly audit   '@types/yargs-parser': [ '21.0.3' ],
3469 silly audit   'exponential-backoff': [ '3.1.3' ],
3469 silly audit   'https-proxy-agent': [ '7.0.6' ],
3469 silly audit   'agent-base': [ '7.1.4' ],
3469 silly audit   'jest-validate': [ '29.7.0' ],
3469 silly audit   yaml: [ '2.9.0' ],
3469 silly audit   camelcase: [ '6.3.0' ],
3469 silly audit   'jest-get-type': [ '29.6.3' ],
3469 silly audit   leven: [ '3.1.0' ],
3469 silly audit   'fb-watchman': [ '2.0.2' ],
3469 silly audit   micromatch: [ '4.0.8' ],
3469 silly audit   walker: [ '1.0.8' ],
3469 silly audit   bser: [ '2.1.1' ],
3469 silly audit   'node-int64': [ '0.4.0' ],
3469 silly audit   terser: [ '5.48.0' ],
3469 silly audit   ob1: [ '0.84.4' ],
3469 silly audit   vlq: [ '1.0.1' ],
3469 silly audit   braces: [ '3.0.3' ],
3469 silly audit   'fill-range': [ '7.1.1' ],
3469 silly audit   'to-regex-range': [ '5.0.1' ],
3469 silly audit   'mime-db': [ '1.54.0', '1.52.0' ],
3469 silly audit   'brace-expansion': [ '5.0.7' ],
3469 silly audit   'balanced-match': [ '4.0.4' ],
3469 silly audit   'ee-first': [ '1.1.1' ],
3469 silly audit   pngjs: [ '3.4.0' ],
3469 silly audit   'source-map-js': [ '1.2.1' ],
3469 silly audit   'decode-uri-component': [ '0.2.2' ],
3469 silly audit   'filter-obj': [ '1.1.0' ],
3469 silly audit   'split-on-first': [ '1.1.0' ],
3469 silly audit   'strict-uri-encode': [ '2.0.0' ],
3469 silly audit   inherits: [ '2.0.4' ],
3469 silly audit   scheduler: [ '0.27.0' ],
3469 silly audit   '@react-native/assets-registry': [ '0.86.0' ],
3469 silly audit   '@react-native/community-cli-plugin': [ '0.86.0' ],
3469 silly audit   '@react-native/gradle-plugin': [ '0.86.0' ],
3469 silly audit   '@react-native/virtualized-lists': [ '0.86.0' ],
3469 silly audit   'abort-controller': [ '3.0.0' ],
3469 silly audit   'ansi-regex': [ '5.0.1', '4.1.1' ],
3469 silly audit   'hermes-compiler': [ '250829098.0.14' ],
3469 silly audit   'memoize-one': [ '5.2.1', '6.0.0' ],
3469 silly audit   promise: [ '8.3.0', '7.3.1' ],
3469 silly audit   'react-devtools-core': [ '6.1.5' ],
3469 silly audit   'regenerator-runtime': [ '0.13.11' ],
3469 silly audit   '@react-native/dev-middleware': [ '0.86.0' ],
3469 silly audit   '@isaacs/ttlcache': [ '1.4.1' ],
3469 silly audit   '@react-native/debugger-frontend': [ '0.86.0' ],
3469 silly audit   '@react-native/debugger-shell': [ '0.86.0' ],
3469 silly audit   'chrome-launcher': [ '0.15.2' ],
3469 silly audit   'chromium-edge-launcher': [ '0.3.0' ],
3469 silly audit   open: [ '7.4.2' ],
3469 silly audit   'serve-static': [ '1.16.3' ],
3469 silly audit   'fb-dotslash': [ '0.5.8' ],
3469 silly audit   'event-target-shim': [ '5.0.1' ],
3469 silly audit   'is-wsl': [ '2.2.0' ],
3469 silly audit   'lighthouse-logger': [ '1.4.2' ],
3469 silly audit   mkdirp: [ '1.0.4' ],
3469 silly audit   'is-docker': [ '2.2.1' ],
3469 silly audit   marky: [ '1.3.0' ],
3469 silly audit   asap: [ '2.0.6' ],
3469 silly audit   'shell-quote': [ '1.9.0' ],
3469 silly audit   'use-latest-callback': [ '0.2.6' ],
3469 silly audit   '@egjs/hammerjs': [ '2.0.17' ],
3469 silly audit   '@types/react-test-renderer': [ '19.1.0' ],
3469 silly audit   'hoist-non-react-statics': [ '3.3.2' ],
3469 silly audit   '@types/hammerjs': [ '2.0.46' ],
3469 silly audit   'react-native-is-edge-to-edge': [ '1.3.1' ],
3469 silly audit   'react-freeze': [ '1.0.4' ],
3469 silly audit   'warn-once': [ '0.1.1' ],
3469 silly audit   fbjs: [ '3.0.5' ],
3469 silly audit   'inline-style-prefixer': [ '7.0.1' ],
3469 silly audit   'postcss-value-parser': [ '4.2.0' ],
3469 silly audit   styleq: [ '0.1.3' ],
3469 silly audit   'cross-fetch': [ '3.2.0' ],
3469 silly audit   'fbjs-css-vars': [ '1.0.2' ],
3469 silly audit   'object-assign': [ '4.1.1' ],
3469 silly audit   setimmediate: [ '1.0.5' ],
3469 silly audit   'node-fetch': [ '2.7.0' ],
3469 silly audit   'css-in-js-utils': [ '3.1.0' ],
3469 silly audit   'hyphenate-style-name': [ '1.1.0' ],
3469 silly audit   'whatwg-url': [ '5.0.0' ],
3469 silly audit   '@babel/plugin-transform-arrow-functions': [ '7.29.7' ],
3469 silly audit   '@babel/plugin-transform-shorthand-properties': [ '7.29.7' ],
3469 silly audit   '@babel/plugin-transform-template-literals': [ '7.29.7' ],
3469 silly audit   'indent-string': [ '4.0.0' ],
3469 silly audit   'strip-indent': [ '3.0.0' ],
3469 silly audit   regenerate: [ '1.4.2' ],
3469 silly audit   'regenerate-unicode-properties': [ '10.2.2' ],
3469 silly audit   regjsgen: [ '0.8.0' ],
3469 silly audit   regjsparser: [ '0.13.2' ],
3469 silly audit   'unicode-match-property-ecmascript': [ '2.0.0' ],
3469 silly audit   'unicode-match-property-value-ecmascript': [ '2.2.1' ],
3469 silly audit   'es-errors': [ '1.3.0' ],
3469 silly audit   'is-core-module': [ '2.16.2' ],
3469 silly audit   'path-parse': [ '1.0.7' ],
3469 silly audit   'supports-preserve-symlinks-flag': [ '1.0.0' ],
3469 silly audit   hasown: [ '2.0.4' ],
3469 silly audit   'function-bind': [ '1.1.2' ],
3469 silly audit   send: [ '0.19.2' ],
3469 silly audit   depd: [ '2.0.0' ],
3469 silly audit   destroy: [ '1.2.0' ],
3469 silly audit   etag: [ '1.8.1' ],
3469 silly audit   fresh: [ '0.5.2' ],
3469 silly audit   'http-errors': [ '2.0.1' ],
3469 silly audit   mime: [ '1.6.0' ],
3469 silly audit   'range-parser': [ '1.2.1' ],
3469 silly audit   setprototypeof: [ '1.2.0' ],
3469 silly audit   toidentifier: [ '1.0.1' ],
3469 silly audit   'shebang-regex': [ '3.0.0' ],
3469 silly audit   'is-arrayish': [ '0.3.4' ],
3469 silly audit   'type-fest': [ '0.7.1', '0.21.3' ],
3469 silly audit   'min-indent': [ '1.0.1' ],
3469 silly audit   'has-flag': [ '4.0.0', '3.0.0' ],
3469 silly audit   '@jridgewell/source-map': [ '0.3.11' ],
3469 silly audit   acorn: [ '8.17.0' ],
3469 silly audit   'source-map-support': [ '0.5.21' ],
3469 silly audit   'buffer-from': [ '1.1.2' ],
3469 silly audit   fdir: [ '6.5.0' ],
3469 silly audit   'is-number': [ '7.0.0' ],
3469 silly audit   'unicode-canonical-property-names-ecmascript': [ '2.0.1' ],
3469 silly audit   'unicode-property-aliases-ecmascript': [ '2.2.0' ],
3469 silly audit   escalade: [ '3.2.0' ],
3469 silly audit   '@radix-ui/react-dialog': [ '1.1.18' ],
3469 silly audit   '@radix-ui/react-dismissable-layer': [ '1.1.14' ],
3469 silly audit   '@radix-ui/react-focus-guards': [ '1.1.4' ],
3469 silly audit   '@radix-ui/react-focus-scope': [ '1.1.11' ],
3469 silly audit   '@radix-ui/react-portal': [ '1.1.13' ],
3469 silly audit   'aria-hidden': [ '1.2.6' ],
3469 silly audit   'react-remove-scroll': [ '2.7.2' ],
3469 silly audit   tslib: [ '2.8.1' ],
3469 silly audit   'react-remove-scroll-bar': [ '2.3.8' ],
3469 silly audit   'react-style-singleton': [ '2.2.3' ],
3469 silly audit   'use-callback-ref': [ '1.3.3' ],
3469 silly audit   'use-sidecar': [ '1.1.3' ],
3469 silly audit   'get-nonce': [ '1.0.1' ],
3469 silly audit   'detect-node-es': [ '1.1.0' ],
3469 silly audit   makeerror: [ '1.0.12' ],
3469 silly audit   tmpl: [ '1.0.5' ],
3469 silly audit   tr46: [ '0.0.3' ],
3469 silly audit   'webidl-conversions': [ '3.0.1' ],
3469 silly audit   isexe: [ '2.0.0' ],
3469 silly audit   'simple-plist': [ '1.3.1' ],
3469 silly audit   uuid: [ '7.0.3' ],
3469 silly audit   'bplist-creator': [ '0.1.0' ],
3469 silly audit   'bplist-parser': [ '0.3.1' ],
3469 silly audit   plist: [ '3.1.1' ],
3469 silly audit   'stream-buffers': [ '2.2.0' ],
3469 silly audit   'big-integer': [ '1.6.52' ],
3469 silly audit   sax: [ '1.6.0' ],
3469 silly audit   cliui: [ '8.0.1' ],
3469 silly audit   'get-caller-file': [ '2.0.5' ],
3469 silly audit   'require-directory': [ '2.1.1' ],
3469 silly audit   'string-width': [ '4.2.3' ],
3469 silly audit   y18n: [ '5.0.8' ],
3469 silly audit   'yargs-parser': [ '21.1.1' ],
3469 silly audit   'strip-ansi': [ '6.0.1', '5.2.0' ],
3469 silly audit   'wrap-ansi': [ '7.0.0' ],
3469 silly audit   'emoji-regex': [ '8.0.0' ],
3469 silly audit   'is-fullwidth-code-point': [ '3.0.0' ],
3469 silly audit   '@expo/code-signing-certificates': [ '0.0.6' ],
3469 silly audit   '@expo/devcert': [ '1.2.1' ],
3469 silly audit   '@expo/inline-modules': [ '0.1.1' ],
3469 silly audit   '@expo/metro-file-map': [ '57.0.0' ],
3469 silly audit   '@expo/osascript': [ '2.7.0' ],
3469 silly audit   '@expo/package-manager': [ '1.13.0' ],
3469 silly audit   '@expo/prebuild-config': [ '57.0.4' ],
3469 silly audit   '@expo/router-server': [ '57.0.1' ],
3469 silly audit   '@expo/ws-tunnel': [ '2.0.0' ],
3469 silly audit   '@expo/xcpretty': [ '4.4.4' ],
3469 silly audit   'agent-cli-detector': [ '0.1.2' ],
3469 silly audit   compression: [ '1.8.1' ],
3469 silly audit   'dnssd-advertise': [ '1.1.6' ],
3469 silly audit   'fetch-nodeshim': [ '0.4.10' ],
3469 silly audit   'lan-network': [ '0.2.1' ],
3469 silly audit   multitars: [ '1.0.0' ],
3469 silly audit   'node-forge': [ '1.4.0' ],
3469 silly audit   'npm-package-arg': [ '11.0.3' ],
3469 silly audit   ora: [ '3.4.0' ],
3469 silly audit   progress: [ '2.0.3' ],
3469 silly audit   prompts: [ '2.4.2' ],
3469 silly audit   'structured-headers': [ '0.4.1' ],
3469 silly audit   'terminal-link': [ '2.1.1' ],
3469 silly audit   toqr: [ '0.1.1' ],
3469 silly audit   zod: [ '3.25.76' ],
3469 silly audit   '@expo/sudo-prompt': [ '9.3.2' ],
3469 silly audit   'js-yaml': [ '4.3.0' ],
3469 silly audit   bytes: [ '3.1.2' ],
3469 silly audit   compressible: [ '2.0.18' ],
3469 silly audit   'on-headers': [ '1.1.0' ],
3469 silly audit   'safe-buffer': [ '5.2.1' ],
3469 silly audit   vary: [ '1.1.2' ],
3469 silly audit   argparse: [ '2.0.1' ],
3469 silly audit   'hosted-git-info': [ '7.0.2' ],
3469 silly audit   'proc-log': [ '4.2.0' ],
3469 silly audit   'validate-npm-package-name': [ '5.0.1' ],
3469 silly audit   'cli-cursor': [ '2.1.0' ],
3469 silly audit   'cli-spinners': [ '2.9.2' ],
3469 silly audit   'log-symbols': [ '2.2.0' ],
3469 silly audit   wcwidth: [ '1.0.1' ],
3469 silly audit   'restore-cursor': [ '2.0.0' ],
3469 silly audit   kleur: [ '3.0.3' ],
3469 silly audit   sisteransi: [ '1.0.5' ],
3469 silly audit   onetime: [ '2.0.1' ],
3469 silly audit   'signal-exit': [ '3.0.7' ],
3469 silly audit   'mimic-fn': [ '1.2.0' ],
3469 silly audit   'ansi-escapes': [ '4.3.2' ],
3469 silly audit   'supports-hyperlinks': [ '2.3.0' ],
3469 silly audit   defaults: [ '1.0.4' ],
3469 silly audit   clone: [ '1.0.4' ]
3469 silly audit }
3470 http cache ansi-escapes@https://registry.npmjs.org/ansi-escapes/-/ansi-escapes-4.3.2.tgz 0ms (cache hit)
3471 http cache clone@https://registry.npmjs.org/clone/-/clone-1.0.4.tgz 0ms (cache hit)
3472 http cache supports-hyperlinks@https://registry.npmjs.org/supports-hyperlinks/-/supports-hyperlinks-2.3.0.tgz 0ms (cache hit)
3473 http cache defaults@https://registry.npmjs.org/defaults/-/defaults-1.0.4.tgz 0ms (cache hit)
3474 http cache onetime@https://registry.npmjs.org/onetime/-/onetime-2.0.1.tgz 0ms (cache hit)
3475 http cache mimic-fn@https://registry.npmjs.org/mimic-fn/-/mimic-fn-1.2.0.tgz 0ms (cache hit)
3476 http cache sisteransi@https://registry.npmjs.org/sisteransi/-/sisteransi-1.0.5.tgz 0ms (cache hit)
3477 http cache kleur@https://registry.npmjs.org/kleur/-/kleur-3.0.3.tgz 0ms (cache hit)
3478 http cache signal-exit@https://registry.npmjs.org/signal-exit/-/signal-exit-3.0.7.tgz 0ms (cache hit)
3479 http cache restore-cursor@https://registry.npmjs.org/restore-cursor/-/restore-cursor-2.0.0.tgz 0ms (cache hit)
3480 http cache wcwidth@https://registry.npmjs.org/wcwidth/-/wcwidth-1.0.1.tgz 0ms (cache hit)
3481 http cache cli-spinners@https://registry.npmjs.org/cli-spinners/-/cli-spinners-2.9.2.tgz 0ms (cache hit)
3482 http cache argparse@https://registry.npmjs.org/argparse/-/argparse-2.0.1.tgz 0ms (cache hit)
3483 http cache validate-npm-package-name@https://registry.npmjs.org/validate-npm-package-name/-/validate-npm-package-name-5.0.1.tgz 0ms (cache hit)
3484 http cache proc-log@https://registry.npmjs.org/proc-log/-/proc-log-4.2.0.tgz 0ms (cache hit)
3485 http cache cli-cursor@https://registry.npmjs.org/cli-cursor/-/cli-cursor-2.1.0.tgz 0ms (cache hit)
3486 http cache safe-buffer@https://registry.npmjs.org/safe-buffer/-/safe-buffer-5.2.1.tgz 0ms (cache hit)
3487 http cache hosted-git-info@https://registry.npmjs.org/hosted-git-info/-/hosted-git-info-7.0.2.tgz 0ms (cache hit)
3488 http cache log-symbols@https://registry.npmjs.org/log-symbols/-/log-symbols-2.2.0.tgz 0ms (cache hit)
3489 http cache @expo/sudo-prompt@https://registry.npmjs.org/@expo/sudo-prompt/-/sudo-prompt-9.3.2.tgz 0ms (cache hit)
3490 http cache bytes@https://registry.npmjs.org/bytes/-/bytes-3.1.2.tgz 0ms (cache hit)
3491 http cache js-yaml@https://registry.npmjs.org/js-yaml/-/js-yaml-4.3.0.tgz 0ms (cache hit)
3492 http cache compressible@https://registry.npmjs.org/compressible/-/compressible-2.0.18.tgz 0ms (cache hit)
3493 http cache zod@https://registry.npmjs.org/zod/-/zod-3.25.76.tgz 0ms (cache hit)
3494 http cache toqr@https://registry.npmjs.org/toqr/-/toqr-0.1.1.tgz 0ms (cache hit)
3495 http cache on-headers@https://registry.npmjs.org/on-headers/-/on-headers-1.1.0.tgz 0ms (cache hit)
3496 http cache vary@https://registry.npmjs.org/vary/-/vary-1.1.2.tgz 0ms (cache hit)
3497 http cache structured-headers@https://registry.npmjs.org/structured-headers/-/structured-headers-0.4.1.tgz 0ms (cache hit)
3498 http cache terminal-link@https://registry.npmjs.org/terminal-link/-/terminal-link-2.1.1.tgz 0ms (cache hit)
3499 http cache prompts@https://registry.npmjs.org/prompts/-/prompts-2.4.2.tgz 0ms (cache hit)
3500 http cache multitars@https://registry.npmjs.org/multitars/-/multitars-1.0.0.tgz 0ms (cache hit)
3501 http cache npm-package-arg@https://registry.npmjs.org/npm-package-arg/-/npm-package-arg-11.0.3.tgz 0ms (cache hit)
3502 http cache node-forge@https://registry.npmjs.org/node-forge/-/node-forge-1.4.0.tgz 0ms (cache hit)
3503 http cache ora@https://registry.npmjs.org/ora/-/ora-3.4.0.tgz 0ms (cache hit)
3504 http cache compression@https://registry.npmjs.org/compression/-/compression-1.8.1.tgz 0ms (cache hit)
3505 http cache @expo/xcpretty@https://registry.npmjs.org/@expo/xcpretty/-/xcpretty-4.4.4.tgz 0ms (cache hit)
3506 http cache dnssd-advertise@https://registry.npmjs.org/dnssd-advertise/-/dnssd-advertise-1.1.6.tgz 0ms (cache hit)
3507 http cache lan-network@https://registry.npmjs.org/lan-network/-/lan-network-0.2.1.tgz 0ms (cache hit)
3508 http cache fetch-nodeshim@https://registry.npmjs.org/fetch-nodeshim/-/fetch-nodeshim-0.4.10.tgz 0ms (cache hit)
3509 http cache progress@https://registry.npmjs.org/progress/-/progress-2.0.3.tgz 0ms (cache hit)
3510 http cache @expo/package-manager@https://registry.npmjs.org/@expo/package-manager/-/package-manager-1.13.0.tgz 0ms (cache hit)
3511 http cache agent-cli-detector@https://registry.npmjs.org/agent-cli-detector/-/agent-cli-detector-0.1.2.tgz 0ms (cache hit)
3512 http cache @expo/prebuild-config@https://registry.npmjs.org/@expo/prebuild-config/-/prebuild-config-57.0.4.tgz 0ms (cache hit)
3513 http cache @expo/metro-file-map@https://registry.npmjs.org/@expo/metro-file-map/-/metro-file-map-57.0.0.tgz 0ms (cache hit)
3514 http cache @expo/osascript@https://registry.npmjs.org/@expo/osascript/-/osascript-2.7.0.tgz 0ms (cache hit)
3515 http cache is-fullwidth-code-point@https://registry.npmjs.org/is-fullwidth-code-point/-/is-fullwidth-code-point-3.0.0.tgz 0ms (cache hit)
3516 http cache @expo/inline-modules@https://registry.npmjs.org/@expo/inline-modules/-/inline-modules-0.1.1.tgz 0ms (cache hit)
3517 http cache @expo/devcert@https://registry.npmjs.org/@expo/devcert/-/devcert-1.2.1.tgz 0ms (cache hit)
3518 http cache @expo/code-signing-certificates@https://registry.npmjs.org/@expo/code-signing-certificates/-/code-signing-certificates-0.0.6.tgz 0ms (cache hit)
3519 http cache emoji-regex@https://registry.npmjs.org/emoji-regex/-/emoji-regex-8.0.0.tgz 0ms (cache hit)
3520 http cache wrap-ansi@https://registry.npmjs.org/wrap-ansi/-/wrap-ansi-7.0.0.tgz 0ms (cache hit)
3521 http cache yargs-parser@https://registry.npmjs.org/yargs-parser/-/yargs-parser-21.1.1.tgz 0ms (cache hit)
3522 http cache y18n@https://registry.npmjs.org/y18n/-/y18n-5.0.8.tgz 0ms (cache hit)
3523 http cache string-width@https://registry.npmjs.org/string-width/-/string-width-4.2.3.tgz 0ms (cache hit)
3524 http cache require-directory@https://registry.npmjs.org/require-directory/-/require-directory-2.1.1.tgz 0ms (cache hit)
3525 http cache strip-ansi@https://registry.npmjs.org/strip-ansi/-/strip-ansi-6.0.1.tgz 0ms (cache hit)
3526 http cache cliui@https://registry.npmjs.org/cliui/-/cliui-8.0.1.tgz 0ms (cache hit)
3527 http cache big-integer@https://registry.npmjs.org/big-integer/-/big-integer-1.6.52.tgz 0ms (cache hit)
3528 http cache sax@https://registry.npmjs.org/sax/-/sax-1.6.0.tgz 0ms (cache hit)
3529 http cache get-caller-file@https://registry.npmjs.org/get-caller-file/-/get-caller-file-2.0.5.tgz 0ms (cache hit)
3530 http cache stream-buffers@https://registry.npmjs.org/stream-buffers/-/stream-buffers-2.2.0.tgz 0ms (cache hit)
3531 http cache plist@https://registry.npmjs.org/plist/-/plist-3.1.1.tgz 0ms (cache hit)
3532 http cache bplist-parser@https://registry.npmjs.org/bplist-parser/-/bplist-parser-0.3.1.tgz 0ms (cache hit)
3533 http cache uuid@https://registry.npmjs.org/uuid/-/uuid-7.0.3.tgz 0ms (cache hit)
3534 http cache simple-plist@https://registry.npmjs.org/simple-plist/-/simple-plist-1.3.1.tgz 0ms (cache hit)
3535 http cache isexe@https://registry.npmjs.org/isexe/-/isexe-2.0.0.tgz 0ms (cache hit)
3536 http cache bplist-creator@https://registry.npmjs.org/bplist-creator/-/bplist-creator-0.1.0.tgz 0ms (cache hit)
3537 http cache webidl-conversions@https://registry.npmjs.org/webidl-conversions/-/webidl-conversions-3.0.1.tgz 0ms (cache hit)
3538 http cache tr46@https://registry.npmjs.org/tr46/-/tr46-0.0.3.tgz 0ms (cache hit)
3539 http cache makeerror@https://registry.npmjs.org/makeerror/-/makeerror-1.0.12.tgz 0ms (cache hit)
3540 http cache detect-node-es@https://registry.npmjs.org/detect-node-es/-/detect-node-es-1.1.0.tgz 0ms (cache hit)
3541 http cache get-nonce@https://registry.npmjs.org/get-nonce/-/get-nonce-1.0.1.tgz 0ms (cache hit)
3542 http cache use-sidecar@https://registry.npmjs.org/use-sidecar/-/use-sidecar-1.1.3.tgz 0ms (cache hit)
3543 http cache tmpl@https://registry.npmjs.org/tmpl/-/tmpl-1.0.5.tgz 0ms (cache hit)
3544 http cache react-style-singleton@https://registry.npmjs.org/react-style-singleton/-/react-style-singleton-2.2.3.tgz 0ms (cache hit)
3545 http cache react-remove-scroll-bar@https://registry.npmjs.org/react-remove-scroll-bar/-/react-remove-scroll-bar-2.3.8.tgz 0ms (cache hit)
3546 http cache use-callback-ref@https://registry.npmjs.org/use-callback-ref/-/use-callback-ref-1.3.3.tgz 0ms (cache hit)
3547 http cache @radix-ui/react-portal@https://registry.npmjs.org/@radix-ui/react-portal/-/react-portal-1.1.13.tgz 0ms (cache hit)
3548 http cache @radix-ui/react-focus-scope@https://registry.npmjs.org/@radix-ui/react-focus-scope/-/react-focus-scope-1.1.11.tgz 0ms (cache hit)
3549 http cache aria-hidden@https://registry.npmjs.org/aria-hidden/-/aria-hidden-1.2.6.tgz 0ms (cache hit)
3550 http cache tslib@https://registry.npmjs.org/tslib/-/tslib-2.8.1.tgz 0ms (cache hit)
3551 http cache react-remove-scroll@https://registry.npmjs.org/react-remove-scroll/-/react-remove-scroll-2.7.2.tgz 0ms (cache hit)
3552 http cache escalade@https://registry.npmjs.org/escalade/-/escalade-3.2.0.tgz 0ms (cache hit)
3553 http cache unicode-property-aliases-ecmascript@https://registry.npmjs.org/unicode-property-aliases-ecmascript/-/unicode-property-aliases-ecmascript-2.2.0.tgz 0ms (cache hit)
3554 http cache unicode-canonical-property-names-ecmascript@https://registry.npmjs.org/unicode-canonical-property-names-ecmascript/-/unicode-canonical-property-names-ecmascript-2.0.1.tgz 0ms (cache hit)
3555 http cache @radix-ui/react-focus-guards@https://registry.npmjs.org/@radix-ui/react-focus-guards/-/react-focus-guards-1.1.4.tgz 0ms (cache hit)
3556 http cache @radix-ui/react-dialog@https://registry.npmjs.org/@radix-ui/react-dialog/-/react-dialog-1.1.18.tgz 0ms (cache hit)
3557 http cache @jridgewell/source-map@https://registry.npmjs.org/@jridgewell/source-map/-/source-map-0.3.11.tgz 0ms (cache hit)
3558 http cache is-number@https://registry.npmjs.org/is-number/-/is-number-7.0.0.tgz 0ms (cache hit)
3559 http cache @radix-ui/react-dismissable-layer@https://registry.npmjs.org/@radix-ui/react-dismissable-layer/-/react-dismissable-layer-1.1.14.tgz 0ms (cache hit)
3560 http cache source-map-support@https://registry.npmjs.org/source-map-support/-/source-map-support-0.5.21.tgz 0ms (cache hit)
3561 http cache fdir@https://registry.npmjs.org/fdir/-/fdir-6.5.0.tgz 0ms (cache hit)
3562 http cache acorn@https://registry.npmjs.org/acorn/-/acorn-8.17.0.tgz 0ms (cache hit)
3563 http cache min-indent@https://registry.npmjs.org/min-indent/-/min-indent-1.0.1.tgz 0ms (cache hit)
3564 http cache type-fest@https://registry.npmjs.org/type-fest/-/type-fest-0.7.1.tgz 0ms (cache hit)
3565 http cache has-flag@https://registry.npmjs.org/has-flag/-/has-flag-4.0.0.tgz 0ms (cache hit)
3566 http cache buffer-from@https://registry.npmjs.org/buffer-from/-/buffer-from-1.1.2.tgz 0ms (cache hit)
3567 http cache is-arrayish@https://registry.npmjs.org/is-arrayish/-/is-arrayish-0.3.4.tgz 0ms (cache hit)
3568 http cache shebang-regex@https://registry.npmjs.org/shebang-regex/-/shebang-regex-3.0.0.tgz 0ms (cache hit)
3569 http cache toidentifier@https://registry.npmjs.org/toidentifier/-/toidentifier-1.0.1.tgz 0ms (cache hit)
3570 http cache setprototypeof@https://registry.npmjs.org/setprototypeof/-/setprototypeof-1.2.0.tgz 0ms (cache hit)
3571 http cache range-parser@https://registry.npmjs.org/range-parser/-/range-parser-1.2.1.tgz 0ms (cache hit)
3572 http cache mime@https://registry.npmjs.org/mime/-/mime-1.6.0.tgz 0ms (cache hit)
3573 http cache http-errors@https://registry.npmjs.org/http-errors/-/http-errors-2.0.1.tgz 0ms (cache hit)
3574 http cache etag@https://registry.npmjs.org/etag/-/etag-1.8.1.tgz 0ms (cache hit)
3575 http cache fresh@https://registry.npmjs.org/fresh/-/fresh-0.5.2.tgz 0ms (cache hit)
3576 http cache destroy@https://registry.npmjs.org/destroy/-/destroy-1.2.0.tgz 0ms (cache hit)
3577 http cache depd@https://registry.npmjs.org/depd/-/depd-2.0.0.tgz 0ms (cache hit)
3578 http cache send@https://registry.npmjs.org/send/-/send-0.19.2.tgz 0ms (cache hit)
3579 http cache function-bind@https://registry.npmjs.org/function-bind/-/function-bind-1.1.2.tgz 0ms (cache hit)
3580 http cache hasown@https://registry.npmjs.org/hasown/-/hasown-2.0.4.tgz 0ms (cache hit)
3581 http cache supports-preserve-symlinks-flag@https://registry.npmjs.org/supports-preserve-symlinks-flag/-/supports-preserve-symlinks-flag-1.0.0.tgz 0ms (cache hit)
3582 http cache is-core-module@https://registry.npmjs.org/is-core-module/-/is-core-module-2.16.2.tgz 0ms (cache hit)
3583 http cache path-parse@https://registry.npmjs.org/path-parse/-/path-parse-1.0.7.tgz 0ms (cache hit)
3584 http cache es-errors@https://registry.npmjs.org/es-errors/-/es-errors-1.3.0.tgz 0ms (cache hit)
3585 http cache @babel/plugin-transform-template-literals@https://registry.npmjs.org/@babel/plugin-transform-template-literals/-/plugin-transform-template-literals-7.29.7.tgz 0ms (cache hit)
3586 http cache regjsparser@https://registry.npmjs.org/regjsparser/-/regjsparser-0.13.2.tgz 0ms (cache hit)
3587 http cache unicode-match-property-value-ecmascript@https://registry.npmjs.org/unicode-match-property-value-ecmascript/-/unicode-match-property-value-ecmascript-2.2.1.tgz 0ms (cache hit)
3588 http cache unicode-match-property-ecmascript@https://registry.npmjs.org/unicode-match-property-ecmascript/-/unicode-match-property-ecmascript-2.0.0.tgz 0ms (cache hit)
3589 http cache @babel/plugin-transform-shorthand-properties@https://registry.npmjs.org/@babel/plugin-transform-shorthand-properties/-/plugin-transform-shorthand-properties-7.29.7.tgz 0ms (cache hit)
3590 http cache regjsgen@https://registry.npmjs.org/regjsgen/-/regjsgen-0.8.0.tgz 0ms (cache hit)
3591 http cache regenerate-unicode-properties@https://registry.npmjs.org/regenerate-unicode-properties/-/regenerate-unicode-properties-10.2.2.tgz 0ms (cache hit)
3592 http cache strip-indent@https://registry.npmjs.org/strip-indent/-/strip-indent-3.0.0.tgz 0ms (cache hit)
3593 http cache @babel/plugin-transform-arrow-functions@https://registry.npmjs.org/@babel/plugin-transform-arrow-functions/-/plugin-transform-arrow-functions-7.29.7.tgz 0ms (cache hit)
3594 http cache indent-string@https://registry.npmjs.org/indent-string/-/indent-string-4.0.0.tgz 0ms (cache hit)
3595 http cache regenerate@https://registry.npmjs.org/regenerate/-/regenerate-1.4.2.tgz 0ms (cache hit)
3596 http cache css-in-js-utils@https://registry.npmjs.org/css-in-js-utils/-/css-in-js-utils-3.1.0.tgz 0ms (cache hit)
3597 http cache whatwg-url@https://registry.npmjs.org/whatwg-url/-/whatwg-url-5.0.0.tgz 0ms (cache hit)
3598 http cache hyphenate-style-name@https://registry.npmjs.org/hyphenate-style-name/-/hyphenate-style-name-1.1.0.tgz 0ms (cache hit)
3599 http cache node-fetch@https://registry.npmjs.org/node-fetch/-/node-fetch-2.7.0.tgz 0ms (cache hit)
3600 http cache setimmediate@https://registry.npmjs.org/setimmediate/-/setimmediate-1.0.5.tgz 0ms (cache hit)
3601 http cache fbjs-css-vars@https://registry.npmjs.org/fbjs-css-vars/-/fbjs-css-vars-1.0.2.tgz 0ms (cache hit)
3602 http cache object-assign@https://registry.npmjs.org/object-assign/-/object-assign-4.1.1.tgz 0ms (cache hit)
3603 http cache cross-fetch@https://registry.npmjs.org/cross-fetch/-/cross-fetch-3.2.0.tgz 0ms (cache hit)
3604 http cache styleq@https://registry.npmjs.org/styleq/-/styleq-0.1.3.tgz 0ms (cache hit)
3605 http cache postcss-value-parser@https://registry.npmjs.org/postcss-value-parser/-/postcss-value-parser-4.2.0.tgz 0ms (cache hit)
3606 http cache fbjs@https://registry.npmjs.org/fbjs/-/fbjs-3.0.5.tgz 0ms (cache hit)
3607 http cache warn-once@https://registry.npmjs.org/warn-once/-/warn-once-0.1.1.tgz 0ms (cache hit)
3608 http cache @egjs/hammerjs@https://registry.npmjs.org/@egjs/hammerjs/-/hammerjs-2.0.17.tgz 0ms (cache hit)
3609 http cache inline-style-prefixer@https://registry.npmjs.org/inline-style-prefixer/-/inline-style-prefixer-7.0.1.tgz 0ms (cache hit)
3610 http cache react-freeze@https://registry.npmjs.org/react-freeze/-/react-freeze-1.0.4.tgz 0ms (cache hit)
3611 http cache react-native-is-edge-to-edge@https://registry.npmjs.org/react-native-is-edge-to-edge/-/react-native-is-edge-to-edge-1.3.1.tgz 0ms (cache hit)
3612 http cache hoist-non-react-statics@https://registry.npmjs.org/hoist-non-react-statics/-/hoist-non-react-statics-3.3.2.tgz 0ms (cache hit)
3613 http cache @types/hammerjs@https://registry.npmjs.org/@types/hammerjs/-/hammerjs-2.0.46.tgz 0ms (cache hit)
3614 http cache @types/react-test-renderer@https://registry.npmjs.org/@types/react-test-renderer/-/react-test-renderer-19.1.0.tgz 0ms (cache hit)
3615 http cache use-latest-callback@https://registry.npmjs.org/use-latest-callback/-/use-latest-callback-0.2.6.tgz 0ms (cache hit)
3616 http cache marky@https://registry.npmjs.org/marky/-/marky-1.3.0.tgz 0ms (cache hit)
3617 http cache asap@https://registry.npmjs.org/asap/-/asap-2.0.6.tgz 0ms (cache hit)
3618 http cache is-docker@https://registry.npmjs.org/is-docker/-/is-docker-2.2.1.tgz 0ms (cache hit)
3619 http cache shell-quote@https://registry.npmjs.org/shell-quote/-/shell-quote-1.9.0.tgz 0ms (cache hit)
3620 http cache mkdirp@https://registry.npmjs.org/mkdirp/-/mkdirp-1.0.4.tgz 0ms (cache hit)
3621 http cache is-wsl@https://registry.npmjs.org/is-wsl/-/is-wsl-2.2.0.tgz 0ms (cache hit)
3622 http cache fb-dotslash@https://registry.npmjs.org/fb-dotslash/-/fb-dotslash-0.5.8.tgz 0ms (cache hit)
3623 http cache event-target-shim@https://registry.npmjs.org/event-target-shim/-/event-target-shim-5.0.1.tgz 0ms (cache hit)
3624 http cache lighthouse-logger@https://registry.npmjs.org/lighthouse-logger/-/lighthouse-logger-1.4.2.tgz 0ms (cache hit)
3625 http cache open@https://registry.npmjs.org/open/-/open-7.4.2.tgz 0ms (cache hit)
3626 http cache chrome-launcher@https://registry.npmjs.org/chrome-launcher/-/chrome-launcher-0.15.2.tgz 0ms (cache hit)
3627 http cache serve-static@https://registry.npmjs.org/serve-static/-/serve-static-1.16.3.tgz 0ms (cache hit)
3628 http cache chromium-edge-launcher@https://registry.npmjs.org/chromium-edge-launcher/-/chromium-edge-launcher-0.3.0.tgz 0ms (cache hit)
3629 http cache @isaacs/ttlcache@https://registry.npmjs.org/@isaacs/ttlcache/-/ttlcache-1.4.1.tgz 0ms (cache hit)
3630 http cache regenerator-runtime@https://registry.npmjs.org/regenerator-runtime/-/regenerator-runtime-0.13.11.tgz 0ms (cache hit)
3631 http cache @react-native/debugger-shell@https://registry.npmjs.org/@react-native/debugger-shell/-/debugger-shell-0.86.0.tgz 0ms (cache hit)
3632 http cache @react-native/debugger-frontend@https://registry.npmjs.org/@react-native/debugger-frontend/-/debugger-frontend-0.86.0.tgz 0ms (cache hit)
3633 http cache @react-native/dev-middleware@https://registry.npmjs.org/@react-native/dev-middleware/-/dev-middleware-0.86.0.tgz 0ms (cache hit)
3634 http cache react-devtools-core@https://registry.npmjs.org/react-devtools-core/-/react-devtools-core-6.1.5.tgz 0ms (cache hit)
3635 http cache hermes-compiler@https://registry.npmjs.org/hermes-compiler/-/hermes-compiler-250829098.0.14.tgz 0ms (cache hit)
3636 http cache memoize-one@https://registry.npmjs.org/memoize-one/-/memoize-one-5.2.1.tgz 0ms (cache hit)
3637 http cache @react-native/virtualized-lists@https://registry.npmjs.org/@react-native/virtualized-lists/-/virtualized-lists-0.86.0.tgz 0ms (cache hit)
3638 http cache ansi-regex@https://registry.npmjs.org/ansi-regex/-/ansi-regex-5.0.1.tgz 0ms (cache hit)
3639 http cache scheduler@https://registry.npmjs.org/scheduler/-/scheduler-0.27.0.tgz 0ms (cache hit)
3640 http cache @react-native/gradle-plugin@https://registry.npmjs.org/@react-native/gradle-plugin/-/gradle-plugin-0.86.0.tgz 0ms (cache hit)
3641 http cache @react-native/assets-registry@https://registry.npmjs.org/@react-native/assets-registry/-/assets-registry-0.86.0.tgz 0ms (cache hit)
3642 http cache strict-uri-encode@https://registry.npmjs.org/strict-uri-encode/-/strict-uri-encode-2.0.0.tgz 0ms (cache hit)
3643 http cache inherits@https://registry.npmjs.org/inherits/-/inherits-2.0.4.tgz 0ms (cache hit)
3644 http cache split-on-first@https://registry.npmjs.org/split-on-first/-/split-on-first-1.1.0.tgz 0ms (cache hit)
3645 http cache filter-obj@https://registry.npmjs.org/filter-obj/-/filter-obj-1.1.0.tgz 0ms (cache hit)
3646 http cache pngjs@https://registry.npmjs.org/pngjs/-/pngjs-3.4.0.tgz 0ms (cache hit)
3647 http cache decode-uri-component@https://registry.npmjs.org/decode-uri-component/-/decode-uri-component-0.2.2.tgz 0ms (cache hit)
3648 http cache source-map-js@https://registry.npmjs.org/source-map-js/-/source-map-js-1.2.1.tgz 0ms (cache hit)
3649 http cache ee-first@https://registry.npmjs.org/ee-first/-/ee-first-1.1.1.tgz 0ms (cache hit)
3650 http cache balanced-match@https://registry.npmjs.org/balanced-match/-/balanced-match-4.0.4.tgz 0ms (cache hit)
3651 http cache brace-expansion@https://registry.npmjs.org/brace-expansion/-/brace-expansion-5.0.7.tgz 0ms (cache hit)
3652 http cache mime-db@https://registry.npmjs.org/mime-db/-/mime-db-1.54.0.tgz 0ms (cache hit)
3653 http cache to-regex-range@https://registry.npmjs.org/to-regex-range/-/to-regex-range-5.0.1.tgz 0ms (cache hit)
3654 http cache fill-range@https://registry.npmjs.org/fill-range/-/fill-range-7.1.1.tgz 0ms (cache hit)
3655 http cache braces@https://registry.npmjs.org/braces/-/braces-3.0.3.tgz 0ms (cache hit)
3656 http cache vlq@https://registry.npmjs.org/vlq/-/vlq-1.0.1.tgz 0ms (cache hit)
3657 http cache ob1@https://registry.npmjs.org/ob1/-/ob1-0.84.4.tgz 0ms (cache hit)
3658 http cache walker@https://registry.npmjs.org/walker/-/walker-1.0.8.tgz 0ms (cache hit)
3659 http cache node-int64@https://registry.npmjs.org/node-int64/-/node-int64-0.4.0.tgz 0ms (cache hit)
3660 http cache bser@https://registry.npmjs.org/bser/-/bser-2.1.1.tgz 0ms (cache hit)
3661 http cache micromatch@https://registry.npmjs.org/micromatch/-/micromatch-4.0.8.tgz 0ms (cache hit)
3662 http cache fb-watchman@https://registry.npmjs.org/fb-watchman/-/fb-watchman-2.0.2.tgz 0ms (cache hit)
3663 http cache leven@https://registry.npmjs.org/leven/-/leven-3.1.0.tgz 0ms (cache hit)
3664 http cache terser@https://registry.npmjs.org/terser/-/terser-5.48.0.tgz 0ms (cache hit)
3665 http cache jest-get-type@https://registry.npmjs.org/jest-get-type/-/jest-get-type-29.6.3.tgz 0ms (cache hit)
3666 http cache camelcase@https://registry.npmjs.org/camelcase/-/camelcase-6.3.0.tgz 0ms (cache hit)
3667 http cache yaml@https://registry.npmjs.org/yaml/-/yaml-2.9.0.tgz 0ms (cache hit)
3668 http cache jest-validate@https://registry.npmjs.org/jest-validate/-/jest-validate-29.7.0.tgz 0ms (cache hit)
3669 http cache agent-base@https://registry.npmjs.org/agent-base/-/agent-base-7.1.4.tgz 0ms (cache hit)
3670 http cache @types/yargs-parser@https://registry.npmjs.org/@types/yargs-parser/-/yargs-parser-21.0.3.tgz 0ms (cache hit)
3671 http cache @sinclair/typebox@https://registry.npmjs.org/@sinclair/typebox/-/typebox-0.27.10.tgz 0ms (cache hit)
3672 http cache @types/istanbul-lib-report@https://registry.npmjs.org/@types/istanbul-lib-report/-/istanbul-lib-report-3.0.3.tgz 0ms (cache hit)
3673 http cache exponential-backoff@https://registry.npmjs.org/exponential-backoff/-/exponential-backoff-3.1.3.tgz 0ms (cache hit)
3674 http cache https-proxy-agent@https://registry.npmjs.org/https-proxy-agent/-/https-proxy-agent-7.0.6.tgz 0ms (cache hit)
3675 http cache @react-native/community-cli-plugin@https://registry.npmjs.org/@react-native/community-cli-plugin/-/community-cli-plugin-0.86.0.tgz 0ms (cache hit)
3676 http cache @types/yargs@https://registry.npmjs.org/@types/yargs/-/yargs-17.0.35.tgz 0ms (cache hit)
3677 http cache @types/istanbul-reports@https://registry.npmjs.org/@types/istanbul-reports/-/istanbul-reports-3.0.4.tgz 0ms (cache hit)
3678 http cache @types/istanbul-lib-coverage@https://registry.npmjs.org/@types/istanbul-lib-coverage/-/istanbul-lib-coverage-2.0.6.tgz 0ms (cache hit)
3679 http cache @jest/types@https://registry.npmjs.org/@jest/types/-/types-29.6.3.tgz 0ms (cache hit)
3680 http cache @types/node@https://registry.npmjs.org/@types/node/-/node-26.1.0.tgz 0ms (cache hit)
3681 http cache undici-types@https://registry.npmjs.org/undici-types/-/undici-types-8.3.0.tgz 0ms (cache hit)
3682 http cache abort-controller@https://registry.npmjs.org/abort-controller/-/abort-controller-3.0.0.tgz 0ms (cache hit)
3683 http cache @jest/schemas@https://registry.npmjs.org/@jest/schemas/-/schemas-29.6.3.tgz 0ms (cache hit)
3684 http cache merge-stream@https://registry.npmjs.org/merge-stream/-/merge-stream-2.0.0.tgz 0ms (cache hit)
3685 http cache jest-util@https://registry.npmjs.org/jest-util/-/jest-util-29.7.0.tgz 0ms (cache hit)
3686 http cache queue@https://registry.npmjs.org/queue/-/queue-6.0.2.tgz 0ms (cache hit)
3687 http cache unpipe@https://registry.npmjs.org/unpipe/-/unpipe-1.0.0.tgz 0ms (cache hit)
3688 http cache escape-html@https://registry.npmjs.org/escape-html/-/escape-html-1.0.3.tgz 0ms (cache hit)
3689 http cache statuses@https://registry.npmjs.org/statuses/-/statuses-1.5.0.tgz 0ms (cache hit)
3690 http cache on-finished@https://registry.npmjs.org/on-finished/-/on-finished-2.3.0.tgz 0ms (cache hit)
3691 http cache stackframe@https://registry.npmjs.org/stackframe/-/stackframe-1.3.4.tgz 0ms (cache hit)
3692 http cache utils-merge@https://registry.npmjs.org/utils-merge/-/utils-merge-1.0.1.tgz 0ms (cache hit)
3693 http cache encodeurl@https://registry.npmjs.org/encodeurl/-/encodeurl-1.0.2.tgz 0ms (cache hit)
3694 http cache parseurl@https://registry.npmjs.org/parseurl/-/parseurl-1.3.3.tgz 0ms (cache hit)
3695 http cache finalhandler@https://registry.npmjs.org/finalhandler/-/finalhandler-1.1.2.tgz 0ms (cache hit)
3696 http cache negotiator@https://registry.npmjs.org/negotiator/-/negotiator-1.0.0.tgz 0ms (cache hit)
3697 http cache throat@https://registry.npmjs.org/throat/-/throat-5.0.0.tgz 0ms (cache hit)
3698 http cache source-map@https://registry.npmjs.org/source-map/-/source-map-0.5.7.tgz 0ms (cache hit)
3699 http cache ws@https://registry.npmjs.org/ws/-/ws-7.5.11.tgz 0ms (cache hit)
3700 http cache serialize-error@https://registry.npmjs.org/serialize-error/-/serialize-error-2.1.0.tgz 0ms (cache hit)
3701 http cache mime-types@https://registry.npmjs.org/mime-types/-/mime-types-3.0.2.tgz 0ms (cache hit)
3702 http cache image-size@https://registry.npmjs.org/image-size/-/image-size-1.2.1.tgz 0ms (cache hit)
3703 http cache jest-worker@https://registry.npmjs.org/jest-worker/-/jest-worker-29.7.0.tgz 0ms (cache hit)
3704 http cache lodash.throttle@https://registry.npmjs.org/lodash.throttle/-/lodash.throttle-4.1.1.tgz 0ms (cache hit)
3705 http cache flow-enums-runtime@https://registry.npmjs.org/flow-enums-runtime/-/flow-enums-runtime-0.0.6.tgz 0ms (cache hit)
3706 http cache graceful-fs@https://registry.npmjs.org/graceful-fs/-/graceful-fs-4.2.11.tgz 0ms (cache hit)
3707 http cache error-stack-parser@https://registry.npmjs.org/error-stack-parser/-/error-stack-parser-2.1.4.tgz 0ms (cache hit)
3708 http cache connect@https://registry.npmjs.org/connect/-/connect-3.7.0.tgz 0ms (cache hit)
3709 http cache promise@https://registry.npmjs.org/promise/-/promise-8.3.0.tgz 0ms (cache hit)
3710 http cache ci-info@https://registry.npmjs.org/ci-info/-/ci-info-2.0.0.tgz 0ms (cache hit)
3711 http cache accepts@https://registry.npmjs.org/accepts/-/accepts-2.0.0.tgz 0ms (cache hit)
3712 http cache yallist@https://registry.npmjs.org/yallist/-/yallist-3.1.1.tgz 0ms (cache hit)
3713 http cache loose-envify@https://registry.npmjs.org/loose-envify/-/loose-envify-1.4.0.tgz 0ms (cache hit)
3714 http cache path-scurry@https://registry.npmjs.org/path-scurry/-/path-scurry-2.0.2.tgz 0ms (cache hit)
3715 http cache @react-native/normalize-colors@https://registry.npmjs.org/@react-native/normalize-colors/-/normalize-colors-0.86.0.tgz 0ms (cache hit)
3716 http cache @expo-google-fonts/material-symbols@https://registry.npmjs.org/@expo-google-fonts/material-symbols/-/material-symbols-0.4.38.tgz 0ms (cache hit)
3717 http cache hermes-estree@https://registry.npmjs.org/hermes-estree/-/hermes-estree-0.36.0.tgz 0ms (cache hit)
3718 http cache detect-libc@https://registry.npmjs.org/detect-libc/-/detect-libc-2.1.2.tgz 0ms (cache hit)
3719 http cache lightningcss-win32-x64-msvc@https://registry.npmjs.org/lightningcss-win32-x64-msvc/-/lightningcss-win32-x64-msvc-1.32.0.tgz 0ms (cache hit)
3720 http cache color-string@https://registry.npmjs.org/color-string/-/color-string-1.9.1.tgz 0ms (cache hit)
3721 http cache simple-swizzle@https://registry.npmjs.org/simple-swizzle/-/simple-swizzle-0.2.4.tgz 0ms (cache hit)
3722 http cache @adobe/css-tools@https://registry.npmjs.org/@adobe/css-tools/-/css-tools-4.5.0.tgz 0ms (cache hit)
3723 http cache minipass@https://registry.npmjs.org/minipass/-/minipass-7.1.3.tgz 0ms (cache hit)
3724 http cache dequal@https://registry.npmjs.org/dequal/-/dequal-2.0.3.tgz 0ms (cache hit)
3725 http cache redent@https://registry.npmjs.org/redent/-/redent-3.0.0.tgz 0ms (cache hit)
3726 http cache @radix-ui/react-use-effect-event@https://registry.npmjs.org/@radix-ui/react-use-effect-event/-/react-use-effect-event-0.0.3.tgz 0ms (cache hit)
3727 http cache lz-string@https://registry.npmjs.org/lz-string/-/lz-string-1.5.0.tgz 0ms (cache hit)
3728 http cache @types/aria-query@https://registry.npmjs.org/@types/aria-query/-/aria-query-5.0.4.tgz 0ms (cache hit)
3729 http cache dom-accessibility-api@https://registry.npmjs.org/dom-accessibility-api/-/dom-accessibility-api-0.5.16.tgz 0ms (cache hit)
3730 http cache css.escape@https://registry.npmjs.org/css.escape/-/css.escape-1.5.1.tgz 0ms (cache hit)
3731 http cache @radix-ui/react-collection@https://registry.npmjs.org/@radix-ui/react-collection/-/react-collection-1.1.11.tgz 0ms (cache hit)
3732 http cache aria-query@https://registry.npmjs.org/aria-query/-/aria-query-5.3.0.tgz 0ms (cache hit)
3733 http cache @radix-ui/react-use-callback-ref@https://registry.npmjs.org/@radix-ui/react-use-callback-ref/-/react-use-callback-ref-1.1.2.tgz 0ms (cache hit)
3734 http cache @radix-ui/react-use-layout-effect@https://registry.npmjs.org/@radix-ui/react-use-layout-effect/-/react-use-layout-effect-1.1.2.tgz 0ms (cache hit)
3735 http cache @radix-ui/react-use-controllable-state@https://registry.npmjs.org/@radix-ui/react-use-controllable-state/-/react-use-controllable-state-1.2.3.tgz 0ms (cache hit)
3736 http cache @radix-ui/react-id@https://registry.npmjs.org/@radix-ui/react-id/-/react-id-1.1.2.tgz 0ms (cache hit)
3737 http cache @radix-ui/react-roving-focus@https://registry.npmjs.org/@radix-ui/react-roving-focus/-/react-roving-focus-1.1.14.tgz 0ms (cache hit)
3738 http cache whatwg-fetch@https://registry.npmjs.org/whatwg-fetch/-/whatwg-fetch-3.6.20.tgz 0ms (cache hit)
3739 http cache @radix-ui/react-presence@https://registry.npmjs.org/@radix-ui/react-presence/-/react-presence-1.1.6.tgz 0ms (cache hit)
3740 http cache @radix-ui/react-direction@https://registry.npmjs.org/@radix-ui/react-direction/-/react-direction-1.1.2.tgz 0ms (cache hit)
3741 http cache @radix-ui/react-context@https://registry.npmjs.org/@radix-ui/react-context/-/react-context-1.1.4.tgz 0ms (cache hit)
3742 http cache standard-navigation@https://registry.npmjs.org/standard-navigation/-/standard-navigation-0.0.5.tgz 0ms (cache hit)
3743 http cache @radix-ui/react-primitive@https://registry.npmjs.org/@radix-ui/react-primitive/-/react-primitive-2.1.7.tgz 0ms (cache hit)
3744 http cache @radix-ui/react-compose-refs@https://registry.npmjs.org/@radix-ui/react-compose-refs/-/react-compose-refs-1.1.3.tgz 0ms (cache hit)
3745 http cache @radix-ui/primitive@https://registry.npmjs.org/@radix-ui/primitive/-/primitive-1.1.4.tgz 0ms (cache hit)
3746 http cache shallowequal@https://registry.npmjs.org/shallowequal/-/shallowequal-1.1.0.tgz 0ms (cache hit)
3747 http cache react-native-drawer-layout@https://registry.npmjs.org/react-native-drawer-layout/-/react-native-drawer-layout-4.2.5.tgz 0ms (cache hit)
3748 http cache server-only@https://registry.npmjs.org/server-only/-/server-only-0.0.1.tgz 0ms (cache hit)
3749 http cache react-is@https://registry.npmjs.org/react-is/-/react-is-19.2.7.tgz 0ms (cache hit)
3750 http cache react-fast-compare@https://registry.npmjs.org/react-fast-compare/-/react-fast-compare-3.2.2.tgz 0ms (cache hit)
3751 http cache query-string@https://registry.npmjs.org/query-string/-/query-string-7.1.3.tgz 0ms (cache hit)
3752 http cache fast-deep-equal@https://registry.npmjs.org/fast-deep-equal/-/fast-deep-equal-3.1.3.tgz 0ms (cache hit)
3753 http cache nanoid@https://registry.npmjs.org/nanoid/-/nanoid-3.3.15.tgz 0ms (cache hit)
3754 http cache @testing-library/dom@https://registry.npmjs.org/@testing-library/dom/-/dom-10.4.1.tgz 0ms (cache hit)
3755 http cache @testing-library/user-event@https://registry.npmjs.org/@testing-library/user-event/-/user-event-14.6.1.tgz 0ms (cache hit)
3756 http cache color@https://registry.npmjs.org/color/-/color-4.2.3.tgz 0ms (cache hit)
3757 http cache escape-string-regexp@https://registry.npmjs.org/escape-string-regexp/-/escape-string-regexp-4.0.0.tgz 0ms (cache hit)
3758 http cache @react-native-masked-view/masked-view@https://registry.npmjs.org/@react-native-masked-view/masked-view/-/masked-view-0.3.2.tgz 0ms (cache hit)
3759 http cache client-only@https://registry.npmjs.org/client-only/-/client-only-0.0.1.tgz 0ms (cache hit)
3760 http cache @radix-ui/react-tabs@https://registry.npmjs.org/@radix-ui/react-tabs/-/react-tabs-1.1.16.tgz 0ms (cache hit)
3761 http cache @expo/schema-utils@https://registry.npmjs.org/@expo/schema-utils/-/schema-utils-57.0.1.tgz 0ms (cache hit)
3762 http cache @radix-ui/react-slot@https://registry.npmjs.org/@radix-ui/react-slot/-/react-slot-1.3.0.tgz 0ms (cache hit)
3763 http cache expo-modules-jsi@https://registry.npmjs.org/expo-modules-jsi/-/expo-modules-jsi-57.0.0.tgz 0ms (cache hit)
3764 http cache @expo/expo-modules-macros-plugin@https://registry.npmjs.org/@expo/expo-modules-macros-plugin/-/expo-modules-macros-plugin-0.3.0.tgz 0ms (cache hit)
3765 http cache @expo/metro-runtime@https://registry.npmjs.org/@expo/metro-runtime/-/metro-runtime-57.0.3.tgz 0ms (cache hit)
3766 http cache expo-server@https://registry.npmjs.org/expo-server/-/expo-server-57.0.0.tgz 0ms (cache hit)
3767 http cache @testing-library/jest-dom@https://registry.npmjs.org/@testing-library/jest-dom/-/jest-dom-6.9.1.tgz 0ms (cache hit)
3768 http cache commander@https://registry.npmjs.org/commander/-/commander-7.2.0.tgz 0ms (cache hit)
3769 http cache @expo/image-utils@https://registry.npmjs.org/@expo/image-utils/-/image-utils-0.11.1.tgz 0ms (cache hit)
3770 http cache fontfaceobserver@https://registry.npmjs.org/fontfaceobserver/-/fontfaceobserver-2.3.0.tgz 0ms (cache hit)
3771 http cache parse-png@https://registry.npmjs.org/parse-png/-/parse-png-2.1.0.tgz 0ms (cache hit)
3772 http cache jimp-compact@https://registry.npmjs.org/jimp-compact/-/jimp-compact-0.16.1.tgz 0ms (cache hit)
3773 http cache shebang-command@https://registry.npmjs.org/shebang-command/-/shebang-command-2.0.0.tgz 0ms (cache hit)
3774 http cache which@https://registry.npmjs.org/which/-/which-2.0.2.tgz 0ms (cache hit)
3775 http cache path-key@https://registry.npmjs.org/path-key/-/path-key-3.1.1.tgz 0ms (cache hit)
3776 http cache ua-parser-js@https://registry.npmjs.org/ua-parser-js/-/ua-parser-js-0.7.41.tgz 0ms (cache hit)
3777 http cache color-name@https://registry.npmjs.org/color-name/-/color-name-1.1.4.tgz 0ms (cache hit)
3778 http cache @babel/plugin-syntax-decorators@https://registry.npmjs.org/@babel/plugin-syntax-decorators/-/plugin-syntax-decorators-7.29.7.tgz 0ms (cache hit)
3779 http cache color-convert@https://registry.npmjs.org/color-convert/-/color-convert-2.0.1.tgz 0ms (cache hit)
3780 http cache ansi-styles@https://registry.npmjs.org/ansi-styles/-/ansi-styles-4.3.0.tgz 0ms (cache hit)
3781 http cache supports-color@https://registry.npmjs.org/supports-color/-/supports-color-7.2.0.tgz 0ms (cache hit)
3782 http cache babel-plugin-react-compiler@https://registry.npmjs.org/babel-plugin-react-compiler/-/babel-plugin-react-compiler-1.0.0.tgz 0ms (cache hit)
3783 http cache babel-plugin-react-native-web@https://registry.npmjs.org/babel-plugin-react-native-web/-/babel-plugin-react-native-web-0.21.2.tgz 0ms (cache hit)
3784 http cache @babel/preset-typescript@https://registry.npmjs.org/@babel/preset-typescript/-/preset-typescript-7.29.7.tgz 0ms (cache hit)
3785 http cache @babel/plugin-transform-react-pure-annotations@https://registry.npmjs.org/@babel/plugin-transform-react-pure-annotations/-/plugin-transform-react-pure-annotations-7.29.7.tgz 0ms (cache hit)
3786 http cache @babel/plugin-transform-parameters@https://registry.npmjs.org/@babel/plugin-transform-parameters/-/plugin-transform-parameters-7.29.7.tgz 0ms (cache hit)
3787 http cache @babel/plugin-transform-class-static-block@https://registry.npmjs.org/@babel/plugin-transform-class-static-block/-/plugin-transform-class-static-block-7.29.7.tgz 0ms (cache hit)
3788 http cache @babel/plugin-transform-logical-assignment-operators@https://registry.npmjs.org/@babel/plugin-transform-logical-assignment-operators/-/plugin-transform-logical-assignment-operators-7.29.7.tgz 0ms (cache hit)
3789 http cache @xmldom/xmldom@https://registry.npmjs.org/@xmldom/xmldom/-/xmldom-0.8.13.tgz 0ms (cache hit)
3790 http cache @babel/plugin-transform-export-namespace-from@https://registry.npmjs.org/@babel/plugin-transform-export-namespace-from/-/plugin-transform-export-namespace-from-7.29.7.tgz 0ms (cache hit)
3791 http cache @babel/plugin-transform-react-jsx-development@https://registry.npmjs.org/@babel/plugin-transform-react-jsx-development/-/plugin-transform-react-jsx-development-7.29.7.tgz 0ms (cache hit)
3792 http cache @babel/plugin-proposal-decorators@https://registry.npmjs.org/@babel/plugin-proposal-decorators/-/plugin-proposal-decorators-7.29.7.tgz 0ms (cache hit)
3793 http cache cross-spawn@https://registry.npmjs.org/cross-spawn/-/cross-spawn-7.0.6.tgz 0ms (cache hit)
3794 http cache xmlbuilder@https://registry.npmjs.org/xmlbuilder/-/xmlbuilder-15.1.1.tgz 1ms (cache hit)
3795 http cache picomatch@https://registry.npmjs.org/picomatch/-/picomatch-4.0.5.tgz 0ms (cache hit)
3796 http cache base64-js@https://registry.npmjs.org/base64-js/-/base64-js-1.5.1.tgz 0ms (cache hit)
3797 http cache postcss@https://registry.npmjs.org/postcss/-/postcss-8.5.16.tgz 0ms (cache hit)
3798 http cache lightningcss@https://registry.npmjs.org/lightningcss/-/lightningcss-1.32.0.tgz 0ms (cache hit)
3799 http cache jsc-safe-url@https://registry.npmjs.org/jsc-safe-url/-/jsc-safe-url-0.2.4.tgz 0ms (cache hit)
3800 http cache metro-transform-plugins@https://registry.npmjs.org/metro-transform-plugins/-/metro-transform-plugins-0.84.4.tgz 0ms (cache hit)
3801 http cache metro-transform-worker@https://registry.npmjs.org/metro-transform-worker/-/metro-transform-worker-0.84.4.tgz 0ms (cache hit)
3802 http cache metro-minify-terser@https://registry.npmjs.org/metro-minify-terser/-/metro-minify-terser-0.84.4.tgz 0ms (cache hit)
3803 http cache metro-source-map@https://registry.npmjs.org/metro-source-map/-/metro-source-map-0.84.4.tgz 0ms (cache hit)
3804 http cache metro-symbolicate@https://registry.npmjs.org/metro-symbolicate/-/metro-symbolicate-0.84.4.tgz 0ms (cache hit)
3805 http cache metro-resolver@https://registry.npmjs.org/metro-resolver/-/metro-resolver-0.84.4.tgz 0ms (cache hit)
3806 http cache metro-core@https://registry.npmjs.org/metro-core/-/metro-core-0.84.4.tgz 0ms (cache hit)
3807 http cache metro-file-map@https://registry.npmjs.org/metro-file-map/-/metro-file-map-0.84.4.tgz 0ms (cache hit)
3808 http cache metro-cache@https://registry.npmjs.org/metro-cache/-/metro-cache-0.84.4.tgz 0ms (cache hit)
3809 http cache metro-cache-key@https://registry.npmjs.org/metro-cache-key/-/metro-cache-key-0.84.4.tgz 0ms (cache hit)
3810 http cache metro-babel-transformer@https://registry.npmjs.org/metro-babel-transformer/-/metro-babel-transformer-0.84.4.tgz 0ms (cache hit)
3811 http cache metro@https://registry.npmjs.org/metro/-/metro-0.84.4.tgz 0ms (cache hit)
3812 http cache resolve-from@https://registry.npmjs.org/resolve-from/-/resolve-from-5.0.0.tgz 0ms (cache hit)
3813 http cache stacktrace-parser@https://registry.npmjs.org/stacktrace-parser/-/stacktrace-parser-0.1.11.tgz 0ms (cache hit)
3814 http cache anser@https://registry.npmjs.org/anser/-/anser-1.4.10.tgz 0ms (cache hit)
3815 http cache @expo/spawn-async@https://registry.npmjs.org/@expo/spawn-async/-/spawn-async-1.8.0.tgz 0ms (cache hit)
3816 http cache @expo/env@https://registry.npmjs.org/@expo/env/-/env-2.4.1.tgz 0ms (cache hit)
3817 http cache @expo/sdk-runtime-versions@https://registry.npmjs.org/@expo/sdk-runtime-versions/-/sdk-runtime-versions-1.0.0.tgz 0ms (cache hit)
3818 http cache minimatch@https://registry.npmjs.org/minimatch/-/minimatch-10.2.5.tgz 0ms (cache hit)
3819 http cache @expo/plist@https://registry.npmjs.org/@expo/plist/-/plist-0.8.0.tgz 0ms (cache hit)
3820 http cache ignore@https://registry.npmjs.org/ignore/-/ignore-5.3.2.tgz 0ms (cache hit)
3821 http cache xml2js@https://registry.npmjs.org/xml2js/-/xml2js-0.6.0.tgz 0ms (cache hit)
3822 http cache arg@https://registry.npmjs.org/arg/-/arg-5.0.2.tgz 0ms (cache hit)
3823 http cache xcode@https://registry.npmjs.org/xcode/-/xcode-3.0.1.tgz 0ms (cache hit)
3824 http cache slugify@https://registry.npmjs.org/slugify/-/slugify-1.6.9.tgz 0ms (cache hit)
3825 http cache @expo/require-utils@https://registry.npmjs.org/@expo/require-utils/-/require-utils-57.0.1.tgz 0ms (cache hit)
3826 http cache chalk@https://registry.npmjs.org/chalk/-/chalk-4.1.2.tgz 0ms (cache hit)
3827 http cache @expo/json-file@https://registry.npmjs.org/@expo/json-file/-/json-file-11.0.0.tgz 0ms (cache hit)
3828 http cache resolve-workspace-root@https://registry.npmjs.org/resolve-workspace-root/-/resolve-workspace-root-2.0.1.tgz 0ms (cache hit)
3829 http cache glob@https://registry.npmjs.org/glob/-/glob-13.0.6.tgz 0ms (cache hit)
3830 http cache @babel/plugin-transform-object-rest-spread@https://registry.npmjs.org/@babel/plugin-transform-object-rest-spread/-/plugin-transform-object-rest-spread-7.29.7.tgz 0ms (cache hit)
3831 http cache @expo/config-types@https://registry.npmjs.org/@expo/config-types/-/config-types-57.0.1.tgz 0ms (cache hit)
3832 http cache getenv@https://registry.npmjs.org/getenv/-/getenv-2.0.0.tgz 0ms (cache hit)
3833 http cache deepmerge@https://registry.npmjs.org/deepmerge/-/deepmerge-4.3.1.tgz 0ms (cache hit)
3834 http cache whatwg-url-minimum@https://registry.npmjs.org/whatwg-url-minimum/-/whatwg-url-minimum-0.1.2.tgz 0ms (cache hit)
3835 http cache pretty-format@https://registry.npmjs.org/pretty-format/-/pretty-format-29.7.0.tgz 0ms (cache hit)
3836 http cache expo-modules-core@https://registry.npmjs.org/expo-modules-core/-/expo-modules-core-57.0.2.tgz 0ms (cache hit)
3837 http cache expo-modules-autolinking@https://registry.npmjs.org/expo-modules-autolinking/-/expo-modules-autolinking-57.0.4.tgz 0ms (cache hit)
3838 http cache @ungap/structured-clone@https://registry.npmjs.org/@ungap/structured-clone/-/structured-clone-1.3.2.tgz 0ms (cache hit)
3839 http cache expo-keep-awake@https://registry.npmjs.org/expo-keep-awake/-/expo-keep-awake-57.0.0.tgz 0ms (cache hit)
3840 http cache expo-file-system@https://registry.npmjs.org/expo-file-system/-/expo-file-system-57.0.0.tgz 0ms (cache hit)
3841 http cache @expo/metro-config@https://registry.npmjs.org/@expo/metro-config/-/metro-config-57.0.3.tgz 0ms (cache hit)
3842 http cache expo-asset@https://registry.npmjs.org/expo-asset/-/expo-asset-57.0.3.tgz 0ms (cache hit)
3843 http cache babel-preset-expo@https://registry.npmjs.org/babel-preset-expo/-/babel-preset-expo-57.0.1.tgz 0ms (cache hit)
3844 http cache @expo/local-build-cache-provider@https://registry.npmjs.org/@expo/local-build-cache-provider/-/local-build-cache-provider-57.0.2.tgz 0ms (cache hit)
3845 http cache @expo/fingerprint@https://registry.npmjs.org/@expo/fingerprint/-/fingerprint-0.20.2.tgz 0ms (cache hit)
3846 http cache @expo/metro@https://registry.npmjs.org/@expo/metro/-/metro-56.0.0.tgz 0ms (cache hit)
3847 http cache @expo/devtools@https://registry.npmjs.org/@expo/devtools/-/devtools-57.0.0.tgz 0ms (cache hit)
3848 http cache @babel/runtime@https://registry.npmjs.org/@babel/runtime/-/runtime-7.29.7.tgz 0ms (cache hit)
3849 http cache @expo/dom-webview@https://registry.npmjs.org/@expo/dom-webview/-/dom-webview-57.0.0.tgz 0ms (cache hit)
3850 http cache @expo/config-plugins@https://registry.npmjs.org/@expo/config-plugins/-/config-plugins-57.0.2.tgz 0ms (cache hit)
3851 http cache ms@https://registry.npmjs.org/ms/-/ms-2.1.3.tgz 0ms (cache hit)
3852 http cache @expo/config@https://registry.npmjs.org/@expo/config/-/config-57.0.2.tgz 0ms (cache hit)
3853 http cache update-browserslist-db@https://registry.npmjs.org/update-browserslist-db/-/update-browserslist-db-1.2.3.tgz 0ms (cache hit)
3854 http cache electron-to-chromium@https://registry.npmjs.org/electron-to-chromium/-/electron-to-chromium-1.5.385.tgz 0ms (cache hit)
3855 http cache node-releases@https://registry.npmjs.org/node-releases/-/node-releases-2.0.50.tgz 0ms (cache hit)
3856 http cache caniuse-lite@https://registry.npmjs.org/caniuse-lite/-/caniuse-lite-1.0.30001800.tgz 0ms (cache hit)
3857 http cache @babel/helper-define-polyfill-provider@https://registry.npmjs.org/@babel/helper-define-polyfill-provider/-/helper-define-polyfill-provider-0.6.8.tgz 0ms (cache hit)
3858 http cache baseline-browser-mapping@https://registry.npmjs.org/baseline-browser-mapping/-/baseline-browser-mapping-2.10.41.tgz 0ms (cache hit)
3859 http cache resolve@https://registry.npmjs.org/resolve/-/resolve-1.22.12.tgz 0ms (cache hit)
3860 http cache core-js-compat@https://registry.npmjs.org/core-js-compat/-/core-js-compat-3.49.0.tgz 0ms (cache hit)
3861 http cache lodash.debounce@https://registry.npmjs.org/lodash.debounce/-/lodash.debounce-4.0.8.tgz 0ms (cache hit)
3862 http cache @react-native/codegen@https://registry.npmjs.org/@react-native/codegen/-/codegen-0.86.0.tgz 0ms (cache hit)
3863 http cache csstype@https://registry.npmjs.org/csstype/-/csstype-3.2.3.tgz 0ms (cache hit)
3864 http cache tinyglobby@https://registry.npmjs.org/tinyglobby/-/tinyglobby-0.2.17.tgz 0ms (cache hit)
3865 http cache @jridgewell/sourcemap-codec@https://registry.npmjs.org/@jridgewell/sourcemap-codec/-/sourcemap-codec-1.5.5.tgz 0ms (cache hit)
3866 http cache @jridgewell/resolve-uri@https://registry.npmjs.org/@jridgewell/resolve-uri/-/resolve-uri-3.1.2.tgz 0ms (cache hit)
3867 http cache @expo/log-box@https://registry.npmjs.org/@expo/log-box/-/log-box-57.0.0.tgz 0ms (cache hit)
3868 http cache @babel/helper-string-parser@https://registry.npmjs.org/@babel/helper-string-parser/-/helper-string-parser-7.29.7.tgz 0ms (cache hit)
3869 http cache yargs@https://registry.npmjs.org/yargs/-/yargs-17.7.3.tgz 0ms (cache hit)
3870 http cache @babel/plugin-syntax-typescript@https://registry.npmjs.org/@babel/plugin-syntax-typescript/-/plugin-syntax-typescript-7.29.7.tgz 0ms (cache hit)
3871 http cache babel-plugin-polyfill-regenerator@https://registry.npmjs.org/babel-plugin-polyfill-regenerator/-/babel-plugin-polyfill-regenerator-0.6.8.tgz 0ms (cache hit)
3872 http cache @babel/plugin-syntax-jsx@https://registry.npmjs.org/@babel/plugin-syntax-jsx/-/plugin-syntax-jsx-7.29.7.tgz 0ms (cache hit)
3873 http cache @babel/helper-create-regexp-features-plugin@https://registry.npmjs.org/@babel/helper-create-regexp-features-plugin/-/helper-create-regexp-features-plugin-7.29.7.tgz 0ms (cache hit)
3874 http cache @babel/plugin-syntax-flow@https://registry.npmjs.org/@babel/plugin-syntax-flow/-/plugin-syntax-flow-7.29.7.tgz 0ms (cache hit)
3875 http cache invariant@https://registry.npmjs.org/invariant/-/invariant-2.2.4.tgz 0ms (cache hit)
3876 http cache babel-plugin-polyfill-corejs3@https://registry.npmjs.org/babel-plugin-polyfill-corejs3/-/babel-plugin-polyfill-corejs3-0.13.0.tgz 0ms (cache hit)
3877 http cache @babel/helper-globals@https://registry.npmjs.org/@babel/helper-globals/-/helper-globals-7.29.7.tgz 0ms (cache hit)
3878 http cache babel-plugin-polyfill-corejs2@https://registry.npmjs.org/babel-plugin-polyfill-corejs2/-/babel-plugin-polyfill-corejs2-0.4.17.tgz 0ms (cache hit)
3879 http cache regexpu-core@https://registry.npmjs.org/regexpu-core/-/regexpu-core-6.4.0.tgz 0ms (cache hit)
3880 http cache @babel/helper-skip-transparent-expression-wrappers@https://registry.npmjs.org/@babel/helper-skip-transparent-expression-wrappers/-/helper-skip-transparent-expression-wrappers-7.29.7.tgz 0ms (cache hit)
3881 http cache @babel/helper-replace-supers@https://registry.npmjs.org/@babel/helper-replace-supers/-/helper-replace-supers-7.29.7.tgz 0ms (cache hit)
3882 http cache @babel/helper-optimise-call-expression@https://registry.npmjs.org/@babel/helper-optimise-call-expression/-/helper-optimise-call-expression-7.29.7.tgz 0ms (cache hit)
3883 http cache @babel/helper-member-expression-to-functions@https://registry.npmjs.org/@babel/helper-member-expression-to-functions/-/helper-member-expression-to-functions-7.29.7.tgz 0ms (cache hit)
3884 http cache @babel/helper-wrap-function@https://registry.npmjs.org/@babel/helper-wrap-function/-/helper-wrap-function-7.29.7.tgz 0ms (cache hit)
3885 http cache @babel/helper-create-class-features-plugin@https://registry.npmjs.org/@babel/helper-create-class-features-plugin/-/helper-create-class-features-plugin-7.29.7.tgz 0ms (cache hit)
3886 http cache @babel/helper-annotate-as-pure@https://registry.npmjs.org/@babel/helper-annotate-as-pure/-/helper-annotate-as-pure-7.29.7.tgz 0ms (cache hit)
3887 http cache @babel/helper-remap-async-to-generator@https://registry.npmjs.org/@babel/helper-remap-async-to-generator/-/helper-remap-async-to-generator-7.29.7.tgz 0ms (cache hit)
3888 http cache @babel/helper-plugin-utils@https://registry.npmjs.org/@babel/helper-plugin-utils/-/helper-plugin-utils-7.29.7.tgz 0ms (cache hit)
3889 http cache @babel/helper-module-imports@https://registry.npmjs.org/@babel/helper-module-imports/-/helper-module-imports-7.29.7.tgz 0ms (cache hit)
3890 http cache lru-cache@https://registry.npmjs.org/lru-cache/-/lru-cache-5.1.1.tgz 0ms (cache hit)
3891 http cache browserslist@https://registry.npmjs.org/browserslist/-/browserslist-4.28.4.tgz 0ms (cache hit)
3892 http cache @babel/helper-validator-option@https://registry.npmjs.org/@babel/helper-validator-option/-/helper-validator-option-7.29.7.tgz 0ms (cache hit)
3893 http cache @babel/compat-data@https://registry.npmjs.org/@babel/compat-data/-/compat-data-7.29.7.tgz 0ms (cache hit)
3894 http cache @babel/helper-validator-identifier@https://registry.npmjs.org/@babel/helper-validator-identifier/-/helper-validator-identifier-7.29.7.tgz 0ms (cache hit)
3895 http cache @jridgewell/trace-mapping@https://registry.npmjs.org/@jridgewell/trace-mapping/-/trace-mapping-0.3.31.tgz 0ms (cache hit)
3896 http cache jsesc@https://registry.npmjs.org/jsesc/-/jsesc-3.1.0.tgz 0ms (cache hit)
3897 http cache @jridgewell/gen-mapping@https://registry.npmjs.org/@jridgewell/gen-mapping/-/gen-mapping-0.3.13.tgz 0ms (cache hit)
3898 http cache @babel/types@https://registry.npmjs.org/@babel/types/-/types-7.29.7.tgz 0ms (cache hit)
3899 http cache @jridgewell/remapping@https://registry.npmjs.org/@jridgewell/remapping/-/remapping-2.3.5.tgz 0ms (cache hit)
3900 http cache picocolors@https://registry.npmjs.org/picocolors/-/picocolors-1.1.1.tgz 0ms (cache hit)
3901 http cache @babel/traverse@https://registry.npmjs.org/@babel/traverse/-/traverse-7.29.7.tgz 0ms (cache hit)
3902 http cache debug@https://registry.npmjs.org/debug/-/debug-4.4.3.tgz 0ms (cache hit)
3903 http cache js-tokens@https://registry.npmjs.org/js-tokens/-/js-tokens-4.0.0.tgz 0ms (cache hit)
3904 http cache @babel/helpers@https://registry.npmjs.org/@babel/helpers/-/helpers-7.29.7.tgz 0ms (cache hit)
3905 http cache @babel/parser@https://registry.npmjs.org/@babel/parser/-/parser-7.29.7.tgz 0ms (cache hit)
3906 http cache @babel/helper-module-transforms@https://registry.npmjs.org/@babel/helper-module-transforms/-/helper-module-transforms-7.29.7.tgz 0ms (cache hit)
3907 http cache @babel/template@https://registry.npmjs.org/@babel/template/-/template-7.29.7.tgz 0ms (cache hit)
3908 http cache @babel/helper-compilation-targets@https://registry.npmjs.org/@babel/helper-compilation-targets/-/helper-compilation-targets-7.29.7.tgz 0ms (cache hit)
3909 http cache react-refresh@https://registry.npmjs.org/react-refresh/-/react-refresh-0.14.2.tgz 0ms (cache hit)
3910 http cache @babel/code-frame@https://registry.npmjs.org/@babel/code-frame/-/code-frame-7.29.7.tgz 0ms (cache hit)
3911 http cache @babel/generator@https://registry.npmjs.org/@babel/generator/-/generator-7.29.7.tgz 0ms (cache hit)
3912 http cache @babel/plugin-transform-unicode-regex@https://registry.npmjs.org/@babel/plugin-transform-unicode-regex/-/plugin-transform-unicode-regex-7.29.7.tgz 0ms (cache hit)
3913 http cache @react-native/babel-plugin-codegen@https://registry.npmjs.org/@react-native/babel-plugin-codegen/-/babel-plugin-codegen-0.86.0.tgz 0ms (cache hit)
3914 http cache babel-plugin-transform-flow-enums@https://registry.npmjs.org/babel-plugin-transform-flow-enums/-/babel-plugin-transform-flow-enums-0.0.2.tgz 0ms (cache hit)
3915 http cache @babel/plugin-transform-runtime@https://registry.npmjs.org/@babel/plugin-transform-runtime/-/plugin-transform-runtime-7.29.7.tgz 0ms (cache hit)
3916 http cache babel-plugin-syntax-hermes-parser@https://registry.npmjs.org/babel-plugin-syntax-hermes-parser/-/babel-plugin-syntax-hermes-parser-0.36.0.tgz 0ms (cache hit)
3917 http cache @babel/plugin-transform-typescript@https://registry.npmjs.org/@babel/plugin-transform-typescript/-/plugin-transform-typescript-7.29.7.tgz 0ms (cache hit)
3918 http cache @babel/plugin-transform-regenerator@https://registry.npmjs.org/@babel/plugin-transform-regenerator/-/plugin-transform-regenerator-7.29.7.tgz 0ms (cache hit)
3919 http cache @babel/plugin-transform-react-jsx-source@https://registry.npmjs.org/@babel/plugin-transform-react-jsx-source/-/plugin-transform-react-jsx-source-7.29.7.tgz 0ms (cache hit)
3920 http cache @babel/plugin-transform-react-jsx@https://registry.npmjs.org/@babel/plugin-transform-react-jsx/-/plugin-transform-react-jsx-7.29.7.tgz 0ms (cache hit)
3921 http cache @babel/plugin-transform-react-jsx-self@https://registry.npmjs.org/@babel/plugin-transform-react-jsx-self/-/plugin-transform-react-jsx-self-7.29.7.tgz 0ms (cache hit)
3922 http cache @babel/plugin-transform-react-display-name@https://registry.npmjs.org/@babel/plugin-transform-react-display-name/-/plugin-transform-react-display-name-7.29.7.tgz 0ms (cache hit)
3923 http cache @babel/plugin-transform-private-property-in-object@https://registry.npmjs.org/@babel/plugin-transform-private-property-in-object/-/plugin-transform-private-property-in-object-7.29.7.tgz 0ms (cache hit)
3924 http cache @babel/plugin-transform-private-methods@https://registry.npmjs.org/@babel/plugin-transform-private-methods/-/plugin-transform-private-methods-7.29.7.tgz 0ms (cache hit)
3925 http cache @babel/plugin-transform-optional-catch-binding@https://registry.npmjs.org/@babel/plugin-transform-optional-catch-binding/-/plugin-transform-optional-catch-binding-7.29.7.tgz 0ms (cache hit)
3926 http cache @babel/plugin-transform-optional-chaining@https://registry.npmjs.org/@babel/plugin-transform-optional-chaining/-/plugin-transform-optional-chaining-7.29.7.tgz 0ms (cache hit)
3927 http cache @babel/plugin-transform-modules-commonjs@https://registry.npmjs.org/@babel/plugin-transform-modules-commonjs/-/plugin-transform-modules-commonjs-7.29.7.tgz 0ms (cache hit)
3928 http cache @babel/plugin-transform-nullish-coalescing-operator@https://registry.npmjs.org/@babel/plugin-transform-nullish-coalescing-operator/-/plugin-transform-nullish-coalescing-operator-7.29.7.tgz 0ms (cache hit)
3929 http cache @babel/plugin-transform-named-capturing-groups-regex@https://registry.npmjs.org/@babel/plugin-transform-named-capturing-groups-regex/-/plugin-transform-named-capturing-groups-regex-7.29.7.tgz 0ms (cache hit)
3930 http cache @babel/plugin-transform-for-of@https://registry.npmjs.org/@babel/plugin-transform-for-of/-/plugin-transform-for-of-7.29.7.tgz 0ms (cache hit)
3931 http cache @babel/plugin-transform-flow-strip-types@https://registry.npmjs.org/@babel/plugin-transform-flow-strip-types/-/plugin-transform-flow-strip-types-7.29.7.tgz 0ms (cache hit)
3932 http cache @babel/plugin-transform-destructuring@https://registry.npmjs.org/@babel/plugin-transform-destructuring/-/plugin-transform-destructuring-7.29.7.tgz 0ms (cache hit)
3933 http cache @babel/plugin-transform-classes@https://registry.npmjs.org/@babel/plugin-transform-classes/-/plugin-transform-classes-7.29.7.tgz 0ms (cache hit)
3934 http cache @babel/plugin-transform-class-properties@https://registry.npmjs.org/@babel/plugin-transform-class-properties/-/plugin-transform-class-properties-7.29.7.tgz 0ms (cache hit)
3935 http cache @babel/plugin-transform-block-scoping@https://registry.npmjs.org/@babel/plugin-transform-block-scoping/-/plugin-transform-block-scoping-7.29.7.tgz 0ms (cache hit)
3936 http cache @babel/plugin-transform-async-to-generator@https://registry.npmjs.org/@babel/plugin-transform-async-to-generator/-/plugin-transform-async-to-generator-7.29.7.tgz 0ms (cache hit)
3937 http cache @babel/plugin-syntax-nullish-coalescing-operator@https://registry.npmjs.org/@babel/plugin-syntax-nullish-coalescing-operator/-/plugin-syntax-nullish-coalescing-operator-7.8.3.tgz 0ms (cache hit)
3938 http cache @babel/plugin-syntax-optional-chaining@https://registry.npmjs.org/@babel/plugin-syntax-optional-chaining/-/plugin-syntax-optional-chaining-7.8.3.tgz 0ms (cache hit)
3939 http cache @babel/core@https://registry.npmjs.org/@babel/core/-/core-7.29.7.tgz 0ms (cache hit)
3940 http cache @babel/plugin-transform-async-generator-functions@https://registry.npmjs.org/@babel/plugin-transform-async-generator-functions/-/plugin-transform-async-generator-functions-7.29.7.tgz 0ms (cache hit)
3941 http cache nullthrows@https://registry.npmjs.org/nullthrows/-/nullthrows-1.1.1.tgz 0ms (cache hit)
3942 http cache hermes-parser@https://registry.npmjs.org/hermes-parser/-/hermes-parser-0.36.0.tgz 0ms (cache hit)
3943 http cache @babel/plugin-proposal-export-default-from@https://registry.npmjs.org/@babel/plugin-proposal-export-default-from/-/plugin-proposal-export-default-from-7.29.7.tgz 0ms (cache hit)
3944 http cache @babel/plugin-syntax-dynamic-import@https://registry.npmjs.org/@babel/plugin-syntax-dynamic-import/-/plugin-syntax-dynamic-import-7.8.3.tgz 0ms (cache hit)
3945 http cache metro-config@https://registry.npmjs.org/metro-config/-/metro-config-0.84.4.tgz 0ms (cache hit)
3946 http cache @babel/plugin-syntax-export-default-from@https://registry.npmjs.org/@babel/plugin-syntax-export-default-from/-/plugin-syntax-export-default-from-7.29.7.tgz 0ms (cache hit)
3947 http cache metro-runtime@https://registry.npmjs.org/metro-runtime/-/metro-runtime-0.84.4.tgz 0ms (cache hit)
3948 http cache @react-native/babel-preset@https://registry.npmjs.org/@react-native/babel-preset/-/babel-preset-0.86.0.tgz 0ms (cache hit)
3949 http cache @react-native/metro-babel-transformer@https://registry.npmjs.org/@react-native/metro-babel-transformer/-/metro-babel-transformer-0.86.0.tgz 0ms (cache hit)
3950 http cache @react-native/js-polyfills@https://registry.npmjs.org/@react-native/js-polyfills/-/js-polyfills-0.86.0.tgz 0ms (cache hit)
3951 http cache vaul@https://registry.npmjs.org/vaul/-/vaul-1.1.2.tgz 0ms (cache hit)
3952 http cache sf-symbols-typescript@https://registry.npmjs.org/sf-symbols-typescript/-/sf-symbols-typescript-2.2.0.tgz 0ms (cache hit)
3953 http cache json5@https://registry.npmjs.org/json5/-/json5-2.2.3.tgz 0ms (cache hit)
3954 http cache semver@https://registry.npmjs.org/semver/-/semver-7.8.5.tgz 0ms (cache hit)
3955 http cache gensync@https://registry.npmjs.org/gensync/-/gensync-1.0.0-beta.2.tgz 0ms (cache hit)
3956 http cache @react-native/metro-config@https://registry.npmjs.org/@react-native/metro-config/-/metro-config-0.86.0.tgz 0ms (cache hit)
3957 http cache typescript@https://registry.npmjs.org/typescript/-/typescript-6.0.3.tgz 0ms (cache hit)
3958 http cache convert-source-map@https://registry.npmjs.org/convert-source-map/-/convert-source-map-2.0.0.tgz 0ms (cache hit)
3959 http cache react-native-web@https://registry.npmjs.org/react-native-web/-/react-native-web-0.21.2.tgz 0ms (cache hit)
3960 http cache react-native-screens@https://registry.npmjs.org/react-native-screens/-/react-native-screens-4.25.2.tgz 0ms (cache hit)
3961 http cache react-native-worklets@https://registry.npmjs.org/react-native-worklets/-/react-native-worklets-0.10.0.tgz 0ms (cache hit)
3962 http cache react-native-reanimated@https://registry.npmjs.org/react-native-reanimated/-/react-native-reanimated-4.5.0.tgz 0ms (cache hit)
3963 http cache react-dom@https://registry.npmjs.org/react-dom/-/react-dom-19.2.3.tgz 0ms (cache hit)
3964 http cache react-native-gesture-handler@https://registry.npmjs.org/react-native-gesture-handler/-/react-native-gesture-handler-2.32.0.tgz 0ms (cache hit)
3965 http cache expo-web-browser@https://registry.npmjs.org/expo-web-browser/-/expo-web-browser-57.0.0.tgz 0ms (cache hit)
3966 http cache expo-system-ui@https://registry.npmjs.org/expo-system-ui/-/expo-system-ui-57.0.0.tgz 0ms (cache hit)
3967 http cache expo-status-bar@https://registry.npmjs.org/expo-status-bar/-/expo-status-bar-57.0.0.tgz 0ms (cache hit)
3968 http cache react-native-safe-area-context@https://registry.npmjs.org/react-native-safe-area-context/-/react-native-safe-area-context-5.7.0.tgz 0ms (cache hit)
3969 http cache expo-splash-screen@https://registry.npmjs.org/expo-splash-screen/-/expo-splash-screen-57.0.2.tgz 0ms (cache hit)
3970 http cache expo-router@https://registry.npmjs.org/expo-router/-/expo-router-57.0.3.tgz 0ms (cache hit)
3971 http cache expo-image@https://registry.npmjs.org/expo-image/-/expo-image-57.0.0.tgz 0ms (cache hit)
3972 http cache expo-linking@https://registry.npmjs.org/expo-linking/-/expo-linking-57.0.1.tgz 0ms (cache hit)
3973 http cache expo-symbols@https://registry.npmjs.org/expo-symbols/-/expo-symbols-57.0.0.tgz 0ms (cache hit)
3974 http cache expo-glass-effect@https://registry.npmjs.org/expo-glass-effect/-/expo-glass-effect-57.0.0.tgz 0ms (cache hit)
3975 http cache expo-font@https://registry.npmjs.org/expo-font/-/expo-font-57.0.0.tgz 0ms (cache hit)
3976 http cache @types/react@https://registry.npmjs.org/@types/react/-/react-19.2.17.tgz 0ms (cache hit)
3977 http cache expo-constants@https://registry.npmjs.org/expo-constants/-/expo-constants-57.0.3.tgz 0ms (cache hit)
3978 http cache expo-device@https://registry.npmjs.org/expo-device/-/expo-device-57.0.0.tgz 0ms (cache hit)
3979 http cache @expo/ui@https://registry.npmjs.org/@expo/ui/-/ui-57.0.3.tgz 0ms (cache hit)
3980 http cache type-fest@https://registry.npmjs.org/type-fest/-/type-fest-0.21.3.tgz 0ms (cache hit)
3981 http cache react-native@https://registry.npmjs.org/react-native/-/react-native-0.86.0.tgz 0ms (cache hit)
3982 http cache react@https://registry.npmjs.org/react/-/react-19.2.3.tgz 0ms (cache hit)
3983 http cache expo@https://registry.npmjs.org/expo/-/expo-57.0.2.tgz 0ms (cache hit)
3984 http cache lru-cache@https://registry.npmjs.org/lru-cache/-/lru-cache-10.4.3.tgz 0ms (cache hit)
3985 http cache has-flag@https://registry.npmjs.org/has-flag/-/has-flag-3.0.0.tgz 0ms (cache hit)
3986 http cache color-convert@https://registry.npmjs.org/color-convert/-/color-convert-1.9.3.tgz 0ms (cache hit)
3987 http cache color-name@https://registry.npmjs.org/color-name/-/color-name-1.1.3.tgz 0ms (cache hit)
3988 http cache supports-color@https://registry.npmjs.org/supports-color/-/supports-color-5.5.0.tgz 0ms (cache hit)
3989 http cache ansi-styles@https://registry.npmjs.org/ansi-styles/-/ansi-styles-3.2.1.tgz 0ms (cache hit)
3990 http cache has-flag@https://registry.npmjs.org/has-flag/-/has-flag-3.0.0.tgz 0ms (cache hit)
3991 http cache chalk@https://registry.npmjs.org/chalk/-/chalk-2.4.2.tgz 0ms (cache hit)
3992 http cache escape-string-regexp@https://registry.npmjs.org/escape-string-regexp/-/escape-string-regexp-1.0.5.tgz 0ms (cache hit)
3993 http cache ansi-regex@https://registry.npmjs.org/ansi-regex/-/ansi-regex-4.1.1.tgz 0ms (cache hit)
3994 http cache color-convert@https://registry.npmjs.org/color-convert/-/color-convert-1.9.3.tgz 0ms (cache hit)
3995 http cache color-name@https://registry.npmjs.org/color-name/-/color-name-1.1.3.tgz 0ms (cache hit)
3996 http cache escape-string-regexp@https://registry.npmjs.org/escape-string-regexp/-/escape-string-regexp-1.0.5.tgz 0ms (cache hit)
3997 http cache ms@https://registry.npmjs.org/ms/-/ms-2.0.0.tgz 0ms (cache hit)
3998 http cache supports-color@https://registry.npmjs.org/supports-color/-/supports-color-5.5.0.tgz 0ms (cache hit)
3999 http cache ansi-styles@https://registry.npmjs.org/ansi-styles/-/ansi-styles-3.2.1.tgz 0ms (cache hit)
4000 http cache debug@https://registry.npmjs.org/debug/-/debug-3.2.7.tgz 0ms (cache hit)
4001 http cache chalk@https://registry.npmjs.org/chalk/-/chalk-2.4.2.tgz 0ms (cache hit)
4002 http cache strip-ansi@https://registry.npmjs.org/strip-ansi/-/strip-ansi-5.2.0.tgz 0ms (cache hit)
4003 http cache debug@https://registry.npmjs.org/debug/-/debug-2.6.9.tgz 0ms (cache hit)
4004 http cache negotiator@https://registry.npmjs.org/negotiator/-/negotiator-0.6.4.tgz 0ms (cache hit)
4005 http cache source-map@https://registry.npmjs.org/source-map/-/source-map-0.6.1.tgz 0ms (cache hit)
4006 http cache @xmldom/xmldom@https://registry.npmjs.org/@xmldom/xmldom/-/xmldom-0.9.10.tgz 0ms (cache hit)
4007 http cache statuses@https://registry.npmjs.org/statuses/-/statuses-2.0.2.tgz 0ms (cache hit)
4008 http cache statuses@https://registry.npmjs.org/statuses/-/statuses-2.0.2.tgz 0ms (cache hit)
4009 http cache debug@https://registry.npmjs.org/debug/-/debug-2.6.9.tgz 0ms (cache hit)
4010 http cache encodeurl@https://registry.npmjs.org/encodeurl/-/encodeurl-2.0.0.tgz 0ms (cache hit)
4011 http cache on-finished@https://registry.npmjs.org/on-finished/-/on-finished-2.4.1.tgz 0ms (cache hit)
4012 http cache ua-parser-js@https://registry.npmjs.org/ua-parser-js/-/ua-parser-js-1.0.41.tgz 0ms (cache hit)
4013 http cache encodeurl@https://registry.npmjs.org/encodeurl/-/encodeurl-2.0.0.tgz 0ms (cache hit)
4014 http cache react-is@https://registry.npmjs.org/react-is/-/react-is-16.13.1.tgz 0ms (cache hit)
4015 http cache promise@https://registry.npmjs.org/promise/-/promise-7.3.1.tgz 0ms (cache hit)
4016 http cache ms@https://registry.npmjs.org/ms/-/ms-2.0.0.tgz 0ms (cache hit)
4017 http cache commander@https://registry.npmjs.org/commander/-/commander-2.20.3.tgz 0ms (cache hit)
4018 http cache picomatch@https://registry.npmjs.org/picomatch/-/picomatch-2.3.2.tgz 0ms (cache hit)
4019 http cache picomatch@https://registry.npmjs.org/picomatch/-/picomatch-2.3.2.tgz 0ms (cache hit)
4020 http cache debug@https://registry.npmjs.org/debug/-/debug-2.6.9.tgz 0ms (cache hit)
4021 http cache ci-info@https://registry.npmjs.org/ci-info/-/ci-info-3.9.0.tgz 0ms (cache hit)
4022 http cache ms@https://registry.npmjs.org/ms/-/ms-2.0.0.tgz 0ms (cache hit)
4023 http cache supports-color@https://registry.npmjs.org/supports-color/-/supports-color-8.1.1.tgz 0ms (cache hit)
4024 http cache ms@https://registry.npmjs.org/ms/-/ms-2.0.0.tgz 0ms (cache hit)
4025 http cache debug@https://registry.npmjs.org/debug/-/debug-2.6.9.tgz 0ms (cache hit)
4026 http cache ms@https://registry.npmjs.org/ms/-/ms-2.0.0.tgz 0ms (cache hit)
4027 http cache debug@https://registry.npmjs.org/debug/-/debug-2.6.9.tgz 0ms (cache hit)
4028 http cache lru-cache@https://registry.npmjs.org/lru-cache/-/lru-cache-11.5.1.tgz 0ms (cache hit)
4029 http cache dom-accessibility-api@https://registry.npmjs.org/dom-accessibility-api/-/dom-accessibility-api-0.6.3.tgz 0ms (cache hit)
4030 http cache ansi-styles@https://registry.npmjs.org/ansi-styles/-/ansi-styles-5.2.0.tgz 0ms (cache hit)
4031 http cache pretty-format@https://registry.npmjs.org/pretty-format/-/pretty-format-27.5.1.tgz 0ms (cache hit)
4032 http cache react-is@https://registry.npmjs.org/react-is/-/react-is-17.0.2.tgz 0ms (cache hit)
4033 http cache hermes-estree@https://registry.npmjs.org/hermes-estree/-/hermes-estree-0.35.0.tgz 0ms (cache hit)
4034 http cache hermes-parser@https://registry.npmjs.org/hermes-parser/-/hermes-parser-0.35.0.tgz 0ms (cache hit)
4035 http cache semver@https://registry.npmjs.org/semver/-/semver-6.3.1.tgz 0ms (cache hit)
4036 http cache hermes-estree@https://registry.npmjs.org/hermes-estree/-/hermes-estree-0.35.0.tgz 0ms (cache hit)
4037 http cache xmlbuilder@https://registry.npmjs.org/xmlbuilder/-/xmlbuilder-11.0.1.tgz 1ms (cache hit)
4038 http cache hermes-parser@https://registry.npmjs.org/hermes-parser/-/hermes-parser-0.35.0.tgz 0ms (cache hit)
4039 http cache semver@https://registry.npmjs.org/semver/-/semver-6.3.1.tgz 0ms (cache hit)
4040 http cache ansi-styles@https://registry.npmjs.org/ansi-styles/-/ansi-styles-5.2.0.tgz 0ms (cache hit)
4041 http cache react-is@https://registry.npmjs.org/react-is/-/react-is-18.3.1.tgz 0ms (cache hit)
4042 http cache semver@https://registry.npmjs.org/semver/-/semver-6.3.1.tgz 0ms (cache hit)
4043 http cache semver@https://registry.npmjs.org/semver/-/semver-6.3.1.tgz 0ms (cache hit)
4044 http cache memoize-one@https://registry.npmjs.org/memoize-one/-/memoize-one-6.0.0.tgz 0ms (cache hit)
4045 http cache @react-native/normalize-colors@https://registry.npmjs.org/@react-native/normalize-colors/-/normalize-colors-0.74.89.tgz 0ms (cache hit)
4046 http cache semver@https://registry.npmjs.org/semver/-/semver-6.3.1.tgz 0ms (cache hit)
4047 http cache semver@https://registry.npmjs.org/semver/-/semver-6.3.1.tgz 0ms (cache hit)
4048 http cache mime-db@https://registry.npmjs.org/mime-db/-/mime-db-1.52.0.tgz 0ms (cache hit)
4049 http cache commander@https://registry.npmjs.org/commander/-/commander-12.1.0.tgz 0ms (cache hit)
4050 http cache negotiator@https://registry.npmjs.org/negotiator/-/negotiator-0.6.3.tgz 0ms (cache hit)
4051 http cache ci-info@https://registry.npmjs.org/ci-info/-/ci-info-3.9.0.tgz 0ms (cache hit)
4052 http cache @expo/ws-tunnel@https://registry.npmjs.org/@expo/ws-tunnel/-/ws-tunnel-2.0.0.tgz 0ms (cache hit)
4053 http cache mime-types@https://registry.npmjs.org/mime-types/-/mime-types-2.1.35.tgz 0ms (cache hit)
4054 http cache ws@https://registry.npmjs.org/ws/-/ws-8.21.0.tgz 0ms (cache hit)
4055 http cache @expo/cli@https://registry.npmjs.org/@expo/cli/-/cli-57.0.4.tgz 0ms (cache hit)
4056 http cache accepts@https://registry.npmjs.org/accepts/-/accepts-1.3.8.tgz 0ms (cache hit)
4057 http cache @expo/router-server@https://registry.npmjs.org/@expo/router-server/-/router-server-57.0.1.tgz 0ms (cache hit)
4058 silly tarball no local data for argparse@https://registry.npmjs.org/argparse/-/argparse-2.0.1.tgz. Extracting by manifest.
4059 silly tarball no local data for @expo/sudo-prompt@https://registry.npmjs.org/@expo/sudo-prompt/-/sudo-prompt-9.3.2.tgz. Extracting by manifest.
4060 silly tarball no local data for bytes@https://registry.npmjs.org/bytes/-/bytes-3.1.2.tgz. Extracting by manifest.
4061 silly tarball no local data for js-yaml@https://registry.npmjs.org/js-yaml/-/js-yaml-4.3.0.tgz. Extracting by manifest.
4062 silly tarball no local data for compressible@https://registry.npmjs.org/compressible/-/compressible-2.0.18.tgz. Extracting by manifest.
4063 silly tarball no local data for zod@https://registry.npmjs.org/zod/-/zod-3.25.76.tgz. Extracting by manifest.
4064 silly tarball no local data for toqr@https://registry.npmjs.org/toqr/-/toqr-0.1.1.tgz. Extracting by manifest.
4065 silly tarball no local data for on-headers@https://registry.npmjs.org/on-headers/-/on-headers-1.1.0.tgz. Extracting by manifest.
4066 silly tarball no local data for vary@https://registry.npmjs.org/vary/-/vary-1.1.2.tgz. Extracting by manifest.
4067 silly tarball no local data for structured-headers@https://registry.npmjs.org/structured-headers/-/structured-headers-0.4.1.tgz. Extracting by manifest.
4068 silly tarball no local data for multitars@https://registry.npmjs.org/multitars/-/multitars-1.0.0.tgz. Extracting by manifest.
4069 silly tarball no local data for node-forge@https://registry.npmjs.org/node-forge/-/node-forge-1.4.0.tgz. Extracting by manifest.
4070 silly tarball no local data for compression@https://registry.npmjs.org/compression/-/compression-1.8.1.tgz. Extracting by manifest.
4071 silly tarball no local data for @expo/xcpretty@https://registry.npmjs.org/@expo/xcpretty/-/xcpretty-4.4.4.tgz. Extracting by manifest.
4072 silly tarball no local data for dnssd-advertise@https://registry.npmjs.org/dnssd-advertise/-/dnssd-advertise-1.1.6.tgz. Extracting by manifest.
4073 silly tarball no local data for lan-network@https://registry.npmjs.org/lan-network/-/lan-network-0.2.1.tgz. Extracting by manifest.
4074 silly tarball no local data for fetch-nodeshim@https://registry.npmjs.org/fetch-nodeshim/-/fetch-nodeshim-0.4.10.tgz. Extracting by manifest.
4075 silly tarball no local data for progress@https://registry.npmjs.org/progress/-/progress-2.0.3.tgz. Extracting by manifest.
4076 silly tarball no local data for @expo/package-manager@https://registry.npmjs.org/@expo/package-manager/-/package-manager-1.13.0.tgz. Extracting by manifest.
4077 silly tarball no local data for agent-cli-detector@https://registry.npmjs.org/agent-cli-detector/-/agent-cli-detector-0.1.2.tgz. Extracting by manifest.
4078 silly tarball no local data for @expo/prebuild-config@https://registry.npmjs.org/@expo/prebuild-config/-/prebuild-config-57.0.4.tgz. Extracting by manifest.
4079 silly tarball no local data for @expo/metro-file-map@https://registry.npmjs.org/@expo/metro-file-map/-/metro-file-map-57.0.0.tgz. Extracting by manifest.
4080 silly tarball no local data for @expo/osascript@https://registry.npmjs.org/@expo/osascript/-/osascript-2.7.0.tgz. Extracting by manifest.
4081 silly tarball no local data for @expo/inline-modules@https://registry.npmjs.org/@expo/inline-modules/-/inline-modules-0.1.1.tgz. Extracting by manifest.
4082 silly tarball no local data for @expo/devcert@https://registry.npmjs.org/@expo/devcert/-/devcert-1.2.1.tgz. Extracting by manifest.
4083 silly tarball no local data for @expo/code-signing-certificates@https://registry.npmjs.org/@expo/code-signing-certificates/-/code-signing-certificates-0.0.6.tgz. Extracting by manifest.
4084 silly tarball no local data for yargs-parser@https://registry.npmjs.org/yargs-parser/-/yargs-parser-21.1.1.tgz. Extracting by manifest.
4085 silly tarball no local data for y18n@https://registry.npmjs.org/y18n/-/y18n-5.0.8.tgz. Extracting by manifest.
4086 silly tarball no local data for require-directory@https://registry.npmjs.org/require-directory/-/require-directory-2.1.1.tgz. Extracting by manifest.
4087 silly tarball no local data for cliui@https://registry.npmjs.org/cliui/-/cliui-8.0.1.tgz. Extracting by manifest.
4088 silly tarball no local data for get-caller-file@https://registry.npmjs.org/get-caller-file/-/get-caller-file-2.0.5.tgz. Extracting by manifest.
4089 silly tarball no local data for makeerror@https://registry.npmjs.org/makeerror/-/makeerror-1.0.12.tgz. Extracting by manifest.
4090 silly tarball no local data for detect-node-es@https://registry.npmjs.org/detect-node-es/-/detect-node-es-1.1.0.tgz. Extracting by manifest.
4091 silly tarball no local data for get-nonce@https://registry.npmjs.org/get-nonce/-/get-nonce-1.0.1.tgz. Extracting by manifest.
4092 silly tarball no local data for use-sidecar@https://registry.npmjs.org/use-sidecar/-/use-sidecar-1.1.3.tgz. Extracting by manifest.
4093 silly tarball no local data for tmpl@https://registry.npmjs.org/tmpl/-/tmpl-1.0.5.tgz. Extracting by manifest.
4094 silly tarball no local data for react-style-singleton@https://registry.npmjs.org/react-style-singleton/-/react-style-singleton-2.2.3.tgz. Extracting by manifest.
4095 silly tarball no local data for react-remove-scroll-bar@https://registry.npmjs.org/react-remove-scroll-bar/-/react-remove-scroll-bar-2.3.8.tgz. Extracting by manifest.
4096 silly tarball no local data for use-callback-ref@https://registry.npmjs.org/use-callback-ref/-/use-callback-ref-1.3.3.tgz. Extracting by manifest.
4097 silly tarball no local data for @radix-ui/react-portal@https://registry.npmjs.org/@radix-ui/react-portal/-/react-portal-1.1.13.tgz. Extracting by manifest.
4098 silly tarball no local data for @radix-ui/react-focus-scope@https://registry.npmjs.org/@radix-ui/react-focus-scope/-/react-focus-scope-1.1.11.tgz. Extracting by manifest.
4099 silly tarball no local data for aria-hidden@https://registry.npmjs.org/aria-hidden/-/aria-hidden-1.2.6.tgz. Extracting by manifest.
4100 silly tarball no local data for tslib@https://registry.npmjs.org/tslib/-/tslib-2.8.1.tgz. Extracting by manifest.
4101 silly tarball no local data for react-remove-scroll@https://registry.npmjs.org/react-remove-scroll/-/react-remove-scroll-2.7.2.tgz. Extracting by manifest.
4102 silly tarball no local data for unicode-property-aliases-ecmascript@https://registry.npmjs.org/unicode-property-aliases-ecmascript/-/unicode-property-aliases-ecmascript-2.2.0.tgz. Extracting by manifest.
4103 silly tarball no local data for unicode-canonical-property-names-ecmascript@https://registry.npmjs.org/unicode-canonical-property-names-ecmascript/-/unicode-canonical-property-names-ecmascript-2.0.1.tgz. Extracting by manifest.
4104 silly tarball no local data for @radix-ui/react-focus-guards@https://registry.npmjs.org/@radix-ui/react-focus-guards/-/react-focus-guards-1.1.4.tgz. Extracting by manifest.
4105 silly tarball no local data for @radix-ui/react-dialog@https://registry.npmjs.org/@radix-ui/react-dialog/-/react-dialog-1.1.18.tgz. Extracting by manifest.
4106 silly tarball no local data for @jridgewell/source-map@https://registry.npmjs.org/@jridgewell/source-map/-/source-map-0.3.11.tgz. Extracting by manifest.
4107 silly tarball no local data for @radix-ui/react-dismissable-layer@https://registry.npmjs.org/@radix-ui/react-dismissable-layer/-/react-dismissable-layer-1.1.14.tgz. Extracting by manifest.
4108 silly tarball no local data for source-map-support@https://registry.npmjs.org/source-map-support/-/source-map-support-0.5.21.tgz. Extracting by manifest.
4109 silly tarball no local data for min-indent@https://registry.npmjs.org/min-indent/-/min-indent-1.0.1.tgz. Extracting by manifest.
4110 silly tarball no local data for type-fest@https://registry.npmjs.org/type-fest/-/type-fest-0.7.1.tgz. Extracting by manifest.
4111 silly tarball no local data for buffer-from@https://registry.npmjs.org/buffer-from/-/buffer-from-1.1.2.tgz. Extracting by manifest.
4112 silly tarball no local data for is-arrayish@https://registry.npmjs.org/is-arrayish/-/is-arrayish-0.3.4.tgz. Extracting by manifest.
4113 silly tarball no local data for toidentifier@https://registry.npmjs.org/toidentifier/-/toidentifier-1.0.1.tgz. Extracting by manifest.
4114 silly tarball no local data for setprototypeof@https://registry.npmjs.org/setprototypeof/-/setprototypeof-1.2.0.tgz. Extracting by manifest.
4115 silly tarball no local data for range-parser@https://registry.npmjs.org/range-parser/-/range-parser-1.2.1.tgz. Extracting by manifest.
4116 silly tarball no local data for mime@https://registry.npmjs.org/mime/-/mime-1.6.0.tgz. Extracting by manifest.
4117 silly tarball no local data for http-errors@https://registry.npmjs.org/http-errors/-/http-errors-2.0.1.tgz. Extracting by manifest.
4118 silly tarball no local data for etag@https://registry.npmjs.org/etag/-/etag-1.8.1.tgz. Extracting by manifest.
4119 silly tarball no local data for fresh@https://registry.npmjs.org/fresh/-/fresh-0.5.2.tgz. Extracting by manifest.
4120 silly tarball no local data for destroy@https://registry.npmjs.org/destroy/-/destroy-1.2.0.tgz. Extracting by manifest.
4121 silly tarball no local data for depd@https://registry.npmjs.org/depd/-/depd-2.0.0.tgz. Extracting by manifest.
4122 silly tarball no local data for send@https://registry.npmjs.org/send/-/send-0.19.2.tgz. Extracting by manifest.
4123 silly tarball no local data for supports-preserve-symlinks-flag@https://registry.npmjs.org/supports-preserve-symlinks-flag/-/supports-preserve-symlinks-flag-1.0.0.tgz. Extracting by manifest.
4124 silly tarball no local data for is-core-module@https://registry.npmjs.org/is-core-module/-/is-core-module-2.16.2.tgz. Extracting by manifest.
4125 silly tarball no local data for path-parse@https://registry.npmjs.org/path-parse/-/path-parse-1.0.7.tgz. Extracting by manifest.
4126 silly tarball no local data for @babel/plugin-transform-template-literals@https://registry.npmjs.org/@babel/plugin-transform-template-literals/-/plugin-transform-template-literals-7.29.7.tgz. Extracting by manifest.
4127 silly tarball no local data for regjsparser@https://registry.npmjs.org/regjsparser/-/regjsparser-0.13.2.tgz. Extracting by manifest.
4128 silly tarball no local data for unicode-match-property-value-ecmascript@https://registry.npmjs.org/unicode-match-property-value-ecmascript/-/unicode-match-property-value-ecmascript-2.2.1.tgz. Extracting by manifest.
4129 silly tarball no local data for unicode-match-property-ecmascript@https://registry.npmjs.org/unicode-match-property-ecmascript/-/unicode-match-property-ecmascript-2.0.0.tgz. Extracting by manifest.
4130 silly tarball no local data for @babel/plugin-transform-shorthand-properties@https://registry.npmjs.org/@babel/plugin-transform-shorthand-properties/-/plugin-transform-shorthand-properties-7.29.7.tgz. Extracting by manifest.
4131 silly tarball no local data for regjsgen@https://registry.npmjs.org/regjsgen/-/regjsgen-0.8.0.tgz. Extracting by manifest.
4132 silly tarball no local data for regenerate-unicode-properties@https://registry.npmjs.org/regenerate-unicode-properties/-/regenerate-unicode-properties-10.2.2.tgz. Extracting by manifest.
4133 silly tarball no local data for strip-indent@https://registry.npmjs.org/strip-indent/-/strip-indent-3.0.0.tgz. Extracting by manifest.
4134 silly tarball no local data for @babel/plugin-transform-arrow-functions@https://registry.npmjs.org/@babel/plugin-transform-arrow-functions/-/plugin-transform-arrow-functions-7.29.7.tgz. Extracting by manifest.
4135 silly tarball no local data for regenerate@https://registry.npmjs.org/regenerate/-/regenerate-1.4.2.tgz. Extracting by manifest.
4136 silly tarball no local data for css-in-js-utils@https://registry.npmjs.org/css-in-js-utils/-/css-in-js-utils-3.1.0.tgz. Extracting by manifest.
4137 silly tarball no local data for hyphenate-style-name@https://registry.npmjs.org/hyphenate-style-name/-/hyphenate-style-name-1.1.0.tgz. Extracting by manifest.
4138 silly tarball no local data for node-fetch@https://registry.npmjs.org/node-fetch/-/node-fetch-2.7.0.tgz. Extracting by manifest.
4139 silly tarball no local data for setimmediate@https://registry.npmjs.org/setimmediate/-/setimmediate-1.0.5.tgz. Extracting by manifest.
4140 silly tarball no local data for fbjs-css-vars@https://registry.npmjs.org/fbjs-css-vars/-/fbjs-css-vars-1.0.2.tgz. Extracting by manifest.
4141 silly tarball no local data for cross-fetch@https://registry.npmjs.org/cross-fetch/-/cross-fetch-3.2.0.tgz. Extracting by manifest.
4142 silly tarball no local data for styleq@https://registry.npmjs.org/styleq/-/styleq-0.1.3.tgz. Extracting by manifest.
4143 silly tarball no local data for postcss-value-parser@https://registry.npmjs.org/postcss-value-parser/-/postcss-value-parser-4.2.0.tgz. Extracting by manifest.
4144 silly tarball no local data for fbjs@https://registry.npmjs.org/fbjs/-/fbjs-3.0.5.tgz. Extracting by manifest.
4145 silly tarball no local data for warn-once@https://registry.npmjs.org/warn-once/-/warn-once-0.1.1.tgz. Extracting by manifest.
4146 silly tarball no local data for @egjs/hammerjs@https://registry.npmjs.org/@egjs/hammerjs/-/hammerjs-2.0.17.tgz. Extracting by manifest.
4147 silly tarball no local data for inline-style-prefixer@https://registry.npmjs.org/inline-style-prefixer/-/inline-style-prefixer-7.0.1.tgz. Extracting by manifest.
4148 silly tarball no local data for react-freeze@https://registry.npmjs.org/react-freeze/-/react-freeze-1.0.4.tgz. Extracting by manifest.
4149 silly tarball no local data for react-native-is-edge-to-edge@https://registry.npmjs.org/react-native-is-edge-to-edge/-/react-native-is-edge-to-edge-1.3.1.tgz. Extracting by manifest.
4150 silly tarball no local data for hoist-non-react-statics@https://registry.npmjs.org/hoist-non-react-statics/-/hoist-non-react-statics-3.3.2.tgz. Extracting by manifest.
4151 silly tarball no local data for @types/hammerjs@https://registry.npmjs.org/@types/hammerjs/-/hammerjs-2.0.46.tgz. Extracting by manifest.
4152 silly tarball no local data for @types/react-test-renderer@https://registry.npmjs.org/@types/react-test-renderer/-/react-test-renderer-19.1.0.tgz. Extracting by manifest.
4153 silly tarball no local data for use-latest-callback@https://registry.npmjs.org/use-latest-callback/-/use-latest-callback-0.2.6.tgz. Extracting by manifest.
4154 silly tarball no local data for marky@https://registry.npmjs.org/marky/-/marky-1.3.0.tgz. Extracting by manifest.
4155 silly tarball no local data for asap@https://registry.npmjs.org/asap/-/asap-2.0.6.tgz. Extracting by manifest.
4156 silly tarball no local data for shell-quote@https://registry.npmjs.org/shell-quote/-/shell-quote-1.9.0.tgz. Extracting by manifest.
4157 silly tarball no local data for mkdirp@https://registry.npmjs.org/mkdirp/-/mkdirp-1.0.4.tgz. Extracting by manifest.
4158 silly tarball no local data for fb-dotslash@https://registry.npmjs.org/fb-dotslash/-/fb-dotslash-0.5.8.tgz. Extracting by manifest.
4159 silly tarball no local data for event-target-shim@https://registry.npmjs.org/event-target-shim/-/event-target-shim-5.0.1.tgz. Extracting by manifest.
4160 silly tarball no local data for lighthouse-logger@https://registry.npmjs.org/lighthouse-logger/-/lighthouse-logger-1.4.2.tgz. Extracting by manifest.
4161 silly tarball no local data for open@https://registry.npmjs.org/open/-/open-7.4.2.tgz. Extracting by manifest.
4162 silly tarball no local data for chrome-launcher@https://registry.npmjs.org/chrome-launcher/-/chrome-launcher-0.15.2.tgz. Extracting by manifest.
4163 silly tarball no local data for serve-static@https://registry.npmjs.org/serve-static/-/serve-static-1.16.3.tgz. Extracting by manifest.
4164 silly tarball no local data for chromium-edge-launcher@https://registry.npmjs.org/chromium-edge-launcher/-/chromium-edge-launcher-0.3.0.tgz. Extracting by manifest.
4165 silly tarball no local data for @isaacs/ttlcache@https://registry.npmjs.org/@isaacs/ttlcache/-/ttlcache-1.4.1.tgz. Extracting by manifest.
4166 silly tarball no local data for regenerator-runtime@https://registry.npmjs.org/regenerator-runtime/-/regenerator-runtime-0.13.11.tgz. Extracting by manifest.
4167 silly tarball no local data for @react-native/debugger-shell@https://registry.npmjs.org/@react-native/debugger-shell/-/debugger-shell-0.86.0.tgz. Extracting by manifest.
4168 silly tarball no local data for @react-native/debugger-frontend@https://registry.npmjs.org/@react-native/debugger-frontend/-/debugger-frontend-0.86.0.tgz. Extracting by manifest.
4169 silly tarball no local data for @react-native/dev-middleware@https://registry.npmjs.org/@react-native/dev-middleware/-/dev-middleware-0.86.0.tgz. Extracting by manifest.
4170 silly tarball no local data for react-devtools-core@https://registry.npmjs.org/react-devtools-core/-/react-devtools-core-6.1.5.tgz. Extracting by manifest.
4171 silly tarball no local data for hermes-compiler@https://registry.npmjs.org/hermes-compiler/-/hermes-compiler-250829098.0.14.tgz. Extracting by manifest.
4172 silly tarball no local data for memoize-one@https://registry.npmjs.org/memoize-one/-/memoize-one-5.2.1.tgz. Extracting by manifest.
4173 silly tarball no local data for @react-native/virtualized-lists@https://registry.npmjs.org/@react-native/virtualized-lists/-/virtualized-lists-0.86.0.tgz. Extracting by manifest.
4174 silly tarball no local data for scheduler@https://registry.npmjs.org/scheduler/-/scheduler-0.27.0.tgz. Extracting by manifest.
4175 silly tarball no local data for @react-native/gradle-plugin@https://registry.npmjs.org/@react-native/gradle-plugin/-/gradle-plugin-0.86.0.tgz. Extracting by manifest.
4176 silly tarball no local data for @react-native/assets-registry@https://registry.npmjs.org/@react-native/assets-registry/-/assets-registry-0.86.0.tgz. Extracting by manifest.
4177 silly tarball no local data for strict-uri-encode@https://registry.npmjs.org/strict-uri-encode/-/strict-uri-encode-2.0.0.tgz. Extracting by manifest.
4178 silly tarball no local data for split-on-first@https://registry.npmjs.org/split-on-first/-/split-on-first-1.1.0.tgz. Extracting by manifest.
4179 silly tarball no local data for filter-obj@https://registry.npmjs.org/filter-obj/-/filter-obj-1.1.0.tgz. Extracting by manifest.
4180 silly tarball no local data for decode-uri-component@https://registry.npmjs.org/decode-uri-component/-/decode-uri-component-0.2.2.tgz. Extracting by manifest.
4181 silly tarball no local data for source-map-js@https://registry.npmjs.org/source-map-js/-/source-map-js-1.2.1.tgz. Extracting by manifest.
4182 silly tarball no local data for ee-first@https://registry.npmjs.org/ee-first/-/ee-first-1.1.1.tgz. Extracting by manifest.
4183 http fetch POST 200 https://registry.npmjs.org/-/npm/v1/security/advisories/bulk 1018ms
4184 silly audit report {
4184 silly audit report   uuid: [
4184 silly audit report     {
4184 silly audit report       id: 1119441,
4184 silly audit report       url: 'https://github.com/advisories/GHSA-w5hq-g745-h8pq',
4184 silly audit report       title: 'uuid: Missing buffer bounds check in v3/v5/v6 when buf is provided',
4184 silly audit report       severity: 'moderate',
4184 silly audit report       vulnerable_versions: '<11.1.1',
4184 silly audit report       cwe: [Array],
4184 silly audit report       cvss: [Object]
4184 silly audit report     }
4184 silly audit report   ]
4184 silly audit report }
4185 silly packumentCache corgi:https://registry.npmjs.org/uuid cache-miss
4186 silly tarball no local data for mime-db@https://registry.npmjs.org/mime-db/-/mime-db-1.54.0.tgz. Extracting by manifest.
4187 silly tarball no local data for vlq@https://registry.npmjs.org/vlq/-/vlq-1.0.1.tgz. Extracting by manifest.
4188 silly tarball no local data for ob1@https://registry.npmjs.org/ob1/-/ob1-0.84.4.tgz. Extracting by manifest.
4189 silly tarball no local data for walker@https://registry.npmjs.org/walker/-/walker-1.0.8.tgz. Extracting by manifest.
4190 silly tarball no local data for bser@https://registry.npmjs.org/bser/-/bser-2.1.1.tgz. Extracting by manifest.
4191 silly tarball no local data for fb-watchman@https://registry.npmjs.org/fb-watchman/-/fb-watchman-2.0.2.tgz. Extracting by manifest.
4192 silly tarball no local data for leven@https://registry.npmjs.org/leven/-/leven-3.1.0.tgz. Extracting by manifest.
4193 silly tarball no local data for terser@https://registry.npmjs.org/terser/-/terser-5.48.0.tgz. Extracting by manifest.
4194 silly tarball no local data for jest-get-type@https://registry.npmjs.org/jest-get-type/-/jest-get-type-29.6.3.tgz. Extracting by manifest.
4195 silly tarball no local data for camelcase@https://registry.npmjs.org/camelcase/-/camelcase-6.3.0.tgz. Extracting by manifest.
4196 silly tarball no local data for yaml@https://registry.npmjs.org/yaml/-/yaml-2.9.0.tgz. Extracting by manifest.
4197 silly tarball no local data for jest-validate@https://registry.npmjs.org/jest-validate/-/jest-validate-29.7.0.tgz. Extracting by manifest.
4198 silly tarball no local data for agent-base@https://registry.npmjs.org/agent-base/-/agent-base-7.1.4.tgz. Extracting by manifest.
4199 silly tarball no local data for @types/yargs-parser@https://registry.npmjs.org/@types/yargs-parser/-/yargs-parser-21.0.3.tgz. Extracting by manifest.
4200 silly tarball no local data for @sinclair/typebox@https://registry.npmjs.org/@sinclair/typebox/-/typebox-0.27.10.tgz. Extracting by manifest.
4201 silly tarball no local data for @types/istanbul-lib-report@https://registry.npmjs.org/@types/istanbul-lib-report/-/istanbul-lib-report-3.0.3.tgz. Extracting by manifest.
4202 silly tarball no local data for exponential-backoff@https://registry.npmjs.org/exponential-backoff/-/exponential-backoff-3.1.3.tgz. Extracting by manifest.
4203 silly tarball no local data for https-proxy-agent@https://registry.npmjs.org/https-proxy-agent/-/https-proxy-agent-7.0.6.tgz. Extracting by manifest.
4204 silly tarball no local data for @react-native/community-cli-plugin@https://registry.npmjs.org/@react-native/community-cli-plugin/-/community-cli-plugin-0.86.0.tgz. Extracting by manifest.
4205 silly tarball no local data for @types/yargs@https://registry.npmjs.org/@types/yargs/-/yargs-17.0.35.tgz. Extracting by manifest.
4206 silly tarball no local data for @types/istanbul-reports@https://registry.npmjs.org/@types/istanbul-reports/-/istanbul-reports-3.0.4.tgz. Extracting by manifest.
4207 silly tarball no local data for @types/istanbul-lib-coverage@https://registry.npmjs.org/@types/istanbul-lib-coverage/-/istanbul-lib-coverage-2.0.6.tgz. Extracting by manifest.
4208 silly tarball no local data for @jest/types@https://registry.npmjs.org/@jest/types/-/types-29.6.3.tgz. Extracting by manifest.
4209 silly tarball no local data for abort-controller@https://registry.npmjs.org/abort-controller/-/abort-controller-3.0.0.tgz. Extracting by manifest.
4210 silly tarball no local data for @jest/schemas@https://registry.npmjs.org/@jest/schemas/-/schemas-29.6.3.tgz. Extracting by manifest.
4211 silly tarball no local data for merge-stream@https://registry.npmjs.org/merge-stream/-/merge-stream-2.0.0.tgz. Extracting by manifest.
4212 silly tarball no local data for jest-util@https://registry.npmjs.org/jest-util/-/jest-util-29.7.0.tgz. Extracting by manifest.
4213 silly tarball no local data for queue@https://registry.npmjs.org/queue/-/queue-6.0.2.tgz. Extracting by manifest.
4214 silly tarball no local data for unpipe@https://registry.npmjs.org/unpipe/-/unpipe-1.0.0.tgz. Extracting by manifest.
4215 silly tarball no local data for escape-html@https://registry.npmjs.org/escape-html/-/escape-html-1.0.3.tgz. Extracting by manifest.
4216 silly tarball no local data for statuses@https://registry.npmjs.org/statuses/-/statuses-1.5.0.tgz. Extracting by manifest.
4217 silly tarball no local data for on-finished@https://registry.npmjs.org/on-finished/-/on-finished-2.3.0.tgz. Extracting by manifest.
4218 silly tarball no local data for stackframe@https://registry.npmjs.org/stackframe/-/stackframe-1.3.4.tgz. Extracting by manifest.
4219 silly tarball no local data for utils-merge@https://registry.npmjs.org/utils-merge/-/utils-merge-1.0.1.tgz. Extracting by manifest.
4220 silly tarball no local data for encodeurl@https://registry.npmjs.org/encodeurl/-/encodeurl-1.0.2.tgz. Extracting by manifest.
4221 silly tarball no local data for parseurl@https://registry.npmjs.org/parseurl/-/parseurl-1.3.3.tgz. Extracting by manifest.
4222 silly tarball no local data for finalhandler@https://registry.npmjs.org/finalhandler/-/finalhandler-1.1.2.tgz. Extracting by manifest.
4223 silly tarball no local data for negotiator@https://registry.npmjs.org/negotiator/-/negotiator-1.0.0.tgz. Extracting by manifest.
4224 silly tarball no local data for throat@https://registry.npmjs.org/throat/-/throat-5.0.0.tgz. Extracting by manifest.
4225 silly tarball no local data for source-map@https://registry.npmjs.org/source-map/-/source-map-0.5.7.tgz. Extracting by manifest.
4226 silly tarball no local data for ws@https://registry.npmjs.org/ws/-/ws-7.5.11.tgz. Extracting by manifest.
4227 silly tarball no local data for serialize-error@https://registry.npmjs.org/serialize-error/-/serialize-error-2.1.0.tgz. Extracting by manifest.
4228 silly tarball no local data for mime-types@https://registry.npmjs.org/mime-types/-/mime-types-3.0.2.tgz. Extracting by manifest.
4229 silly tarball no local data for image-size@https://registry.npmjs.org/image-size/-/image-size-1.2.1.tgz. Extracting by manifest.
4230 silly tarball no local data for jest-worker@https://registry.npmjs.org/jest-worker/-/jest-worker-29.7.0.tgz. Extracting by manifest.
4231 silly tarball no local data for lodash.throttle@https://registry.npmjs.org/lodash.throttle/-/lodash.throttle-4.1.1.tgz. Extracting by manifest.
4232 silly tarball no local data for flow-enums-runtime@https://registry.npmjs.org/flow-enums-runtime/-/flow-enums-runtime-0.0.6.tgz. Extracting by manifest.
4233 silly tarball no local data for error-stack-parser@https://registry.npmjs.org/error-stack-parser/-/error-stack-parser-2.1.4.tgz. Extracting by manifest.
4234 silly tarball no local data for connect@https://registry.npmjs.org/connect/-/connect-3.7.0.tgz. Extracting by manifest.
4235 silly tarball no local data for promise@https://registry.npmjs.org/promise/-/promise-8.3.0.tgz. Extracting by manifest.
4236 silly tarball no local data for ci-info@https://registry.npmjs.org/ci-info/-/ci-info-2.0.0.tgz. Extracting by manifest.
4237 silly tarball no local data for accepts@https://registry.npmjs.org/accepts/-/accepts-2.0.0.tgz. Extracting by manifest.
4238 silly tarball no local data for @react-native/normalize-colors@https://registry.npmjs.org/@react-native/normalize-colors/-/normalize-colors-0.86.0.tgz. Extracting by manifest.
4239 silly tarball no local data for @expo-google-fonts/material-symbols@https://registry.npmjs.org/@expo-google-fonts/material-symbols/-/material-symbols-0.4.38.tgz. Extracting by manifest.
4240 silly tarball no local data for hermes-estree@https://registry.npmjs.org/hermes-estree/-/hermes-estree-0.36.0.tgz. Extracting by manifest.
4241 silly tarball no local data for detect-libc@https://registry.npmjs.org/detect-libc/-/detect-libc-2.1.2.tgz. Extracting by manifest.
4242 silly tarball no local data for lightningcss-win32-x64-msvc@https://registry.npmjs.org/lightningcss-win32-x64-msvc/-/lightningcss-win32-x64-msvc-1.32.0.tgz. Extracting by manifest.
4243 silly tarball no local data for color-string@https://registry.npmjs.org/color-string/-/color-string-1.9.1.tgz. Extracting by manifest.
4244 silly tarball no local data for simple-swizzle@https://registry.npmjs.org/simple-swizzle/-/simple-swizzle-0.2.4.tgz. Extracting by manifest.
4245 silly tarball no local data for @adobe/css-tools@https://registry.npmjs.org/@adobe/css-tools/-/css-tools-4.5.0.tgz. Extracting by manifest.
4246 silly tarball no local data for dequal@https://registry.npmjs.org/dequal/-/dequal-2.0.3.tgz. Extracting by manifest.
4247 silly tarball no local data for redent@https://registry.npmjs.org/redent/-/redent-3.0.0.tgz. Extracting by manifest.
4248 silly tarball no local data for @radix-ui/react-use-effect-event@https://registry.npmjs.org/@radix-ui/react-use-effect-event/-/react-use-effect-event-0.0.3.tgz. Extracting by manifest.
4249 silly tarball no local data for lz-string@https://registry.npmjs.org/lz-string/-/lz-string-1.5.0.tgz. Extracting by manifest.
4250 silly tarball no local data for @types/aria-query@https://registry.npmjs.org/@types/aria-query/-/aria-query-5.0.4.tgz. Extracting by manifest.
4251 silly tarball no local data for dom-accessibility-api@https://registry.npmjs.org/dom-accessibility-api/-/dom-accessibility-api-0.5.16.tgz. Extracting by manifest.
4252 silly tarball no local data for css.escape@https://registry.npmjs.org/css.escape/-/css.escape-1.5.1.tgz. Extracting by manifest.
4253 silly tarball no local data for @radix-ui/react-collection@https://registry.npmjs.org/@radix-ui/react-collection/-/react-collection-1.1.11.tgz. Extracting by manifest.
4254 silly tarball no local data for aria-query@https://registry.npmjs.org/aria-query/-/aria-query-5.3.0.tgz. Extracting by manifest.
4255 silly tarball no local data for @radix-ui/react-use-callback-ref@https://registry.npmjs.org/@radix-ui/react-use-callback-ref/-/react-use-callback-ref-1.1.2.tgz. Extracting by manifest.
4256 silly tarball no local data for @radix-ui/react-use-layout-effect@https://registry.npmjs.org/@radix-ui/react-use-layout-effect/-/react-use-layout-effect-1.1.2.tgz. Extracting by manifest.
4257 silly tarball no local data for @radix-ui/react-use-controllable-state@https://registry.npmjs.org/@radix-ui/react-use-controllable-state/-/react-use-controllable-state-1.2.3.tgz. Extracting by manifest.
4258 silly tarball no local data for @radix-ui/react-id@https://registry.npmjs.org/@radix-ui/react-id/-/react-id-1.1.2.tgz. Extracting by manifest.
4259 silly tarball no local data for @radix-ui/react-roving-focus@https://registry.npmjs.org/@radix-ui/react-roving-focus/-/react-roving-focus-1.1.14.tgz. Extracting by manifest.
4260 silly tarball no local data for whatwg-fetch@https://registry.npmjs.org/whatwg-fetch/-/whatwg-fetch-3.6.20.tgz. Extracting by manifest.
4261 silly tarball no local data for @radix-ui/react-presence@https://registry.npmjs.org/@radix-ui/react-presence/-/react-presence-1.1.6.tgz. Extracting by manifest.
4262 silly tarball no local data for @radix-ui/react-direction@https://registry.npmjs.org/@radix-ui/react-direction/-/react-direction-1.1.2.tgz. Extracting by manifest.
4263 silly tarball no local data for @radix-ui/react-context@https://registry.npmjs.org/@radix-ui/react-context/-/react-context-1.1.4.tgz. Extracting by manifest.
4264 silly tarball no local data for standard-navigation@https://registry.npmjs.org/standard-navigation/-/standard-navigation-0.0.5.tgz. Extracting by manifest.
4265 silly tarball no local data for @radix-ui/react-primitive@https://registry.npmjs.org/@radix-ui/react-primitive/-/react-primitive-2.1.7.tgz. Extracting by manifest.
4266 silly tarball no local data for @radix-ui/react-compose-refs@https://registry.npmjs.org/@radix-ui/react-compose-refs/-/react-compose-refs-1.1.3.tgz. Extracting by manifest.
4267 silly tarball no local data for @radix-ui/primitive@https://registry.npmjs.org/@radix-ui/primitive/-/primitive-1.1.4.tgz. Extracting by manifest.
4268 silly tarball no local data for shallowequal@https://registry.npmjs.org/shallowequal/-/shallowequal-1.1.0.tgz. Extracting by manifest.
4269 silly tarball no local data for react-native-drawer-layout@https://registry.npmjs.org/react-native-drawer-layout/-/react-native-drawer-layout-4.2.5.tgz. Extracting by manifest.
4270 silly tarball no local data for server-only@https://registry.npmjs.org/server-only/-/server-only-0.0.1.tgz. Extracting by manifest.
4271 silly tarball no local data for react-is@https://registry.npmjs.org/react-is/-/react-is-19.2.7.tgz. Extracting by manifest.
4272 silly tarball no local data for react-fast-compare@https://registry.npmjs.org/react-fast-compare/-/react-fast-compare-3.2.2.tgz. Extracting by manifest.
4273 silly tarball no local data for query-string@https://registry.npmjs.org/query-string/-/query-string-7.1.3.tgz. Extracting by manifest.
4274 silly tarball no local data for nanoid@https://registry.npmjs.org/nanoid/-/nanoid-3.3.15.tgz. Extracting by manifest.
4275 silly tarball no local data for @testing-library/dom@https://registry.npmjs.org/@testing-library/dom/-/dom-10.4.1.tgz. Extracting by manifest.
4276 silly tarball no local data for @testing-library/user-event@https://registry.npmjs.org/@testing-library/user-event/-/user-event-14.6.1.tgz. Extracting by manifest.
4277 silly tarball no local data for color@https://registry.npmjs.org/color/-/color-4.2.3.tgz. Extracting by manifest.
4278 silly tarball no local data for @react-native-masked-view/masked-view@https://registry.npmjs.org/@react-native-masked-view/masked-view/-/masked-view-0.3.2.tgz. Extracting by manifest.
4279 silly tarball no local data for client-only@https://registry.npmjs.org/client-only/-/client-only-0.0.1.tgz. Extracting by manifest.
4280 silly tarball no local data for @radix-ui/react-tabs@https://registry.npmjs.org/@radix-ui/react-tabs/-/react-tabs-1.1.16.tgz. Extracting by manifest.
4281 silly tarball no local data for @expo/schema-utils@https://registry.npmjs.org/@expo/schema-utils/-/schema-utils-57.0.1.tgz. Extracting by manifest.
4282 silly tarball no local data for @radix-ui/react-slot@https://registry.npmjs.org/@radix-ui/react-slot/-/react-slot-1.3.0.tgz. Extracting by manifest.
4283 silly tarball no local data for expo-modules-jsi@https://registry.npmjs.org/expo-modules-jsi/-/expo-modules-jsi-57.0.0.tgz. Extracting by manifest.
4284 silly tarball no local data for @expo/expo-modules-macros-plugin@https://registry.npmjs.org/@expo/expo-modules-macros-plugin/-/expo-modules-macros-plugin-0.3.0.tgz. Extracting by manifest.
4285 silly tarball no local data for @expo/metro-runtime@https://registry.npmjs.org/@expo/metro-runtime/-/metro-runtime-57.0.3.tgz. Extracting by manifest.
4286 silly tarball no local data for expo-server@https://registry.npmjs.org/expo-server/-/expo-server-57.0.0.tgz. Extracting by manifest.
4287 silly tarball no local data for @testing-library/jest-dom@https://registry.npmjs.org/@testing-library/jest-dom/-/jest-dom-6.9.1.tgz. Extracting by manifest.
4288 silly tarball no local data for commander@https://registry.npmjs.org/commander/-/commander-7.2.0.tgz. Extracting by manifest.
4289 silly tarball no local data for @expo/image-utils@https://registry.npmjs.org/@expo/image-utils/-/image-utils-0.11.1.tgz. Extracting by manifest.
4290 silly tarball no local data for fontfaceobserver@https://registry.npmjs.org/fontfaceobserver/-/fontfaceobserver-2.3.0.tgz. Extracting by manifest.
4291 silly tarball no local data for ua-parser-js@https://registry.npmjs.org/ua-parser-js/-/ua-parser-js-0.7.41.tgz. Extracting by manifest.
4292 silly tarball no local data for @babel/plugin-syntax-decorators@https://registry.npmjs.org/@babel/plugin-syntax-decorators/-/plugin-syntax-decorators-7.29.7.tgz. Extracting by manifest.
4293 silly tarball no local data for babel-plugin-react-compiler@https://registry.npmjs.org/babel-plugin-react-compiler/-/babel-plugin-react-compiler-1.0.0.tgz. Extracting by manifest.
4294 silly tarball no local data for babel-plugin-react-native-web@https://registry.npmjs.org/babel-plugin-react-native-web/-/babel-plugin-react-native-web-0.21.2.tgz. Extracting by manifest.
4295 silly tarball no local data for @babel/preset-typescript@https://registry.npmjs.org/@babel/preset-typescript/-/preset-typescript-7.29.7.tgz. Extracting by manifest.
4296 silly tarball no local data for @babel/plugin-transform-react-pure-annotations@https://registry.npmjs.org/@babel/plugin-transform-react-pure-annotations/-/plugin-transform-react-pure-annotations-7.29.7.tgz. Extracting by manifest.
4297 silly tarball no local data for @babel/plugin-transform-parameters@https://registry.npmjs.org/@babel/plugin-transform-parameters/-/plugin-transform-parameters-7.29.7.tgz. Extracting by manifest.
4298 silly tarball no local data for @babel/plugin-transform-class-static-block@https://registry.npmjs.org/@babel/plugin-transform-class-static-block/-/plugin-transform-class-static-block-7.29.7.tgz. Extracting by manifest.
4299 silly tarball no local data for @babel/plugin-transform-logical-assignment-operators@https://registry.npmjs.org/@babel/plugin-transform-logical-assignment-operators/-/plugin-transform-logical-assignment-operators-7.29.7.tgz. Extracting by manifest.
4300 silly tarball no local data for @babel/plugin-transform-export-namespace-from@https://registry.npmjs.org/@babel/plugin-transform-export-namespace-from/-/plugin-transform-export-namespace-from-7.29.7.tgz. Extracting by manifest.
4301 silly tarball no local data for @babel/plugin-transform-react-jsx-development@https://registry.npmjs.org/@babel/plugin-transform-react-jsx-development/-/plugin-transform-react-jsx-development-7.29.7.tgz. Extracting by manifest.
4302 silly tarball no local data for @babel/plugin-proposal-decorators@https://registry.npmjs.org/@babel/plugin-proposal-decorators/-/plugin-proposal-decorators-7.29.7.tgz. Extracting by manifest.
4303 silly tarball no local data for postcss@https://registry.npmjs.org/postcss/-/postcss-8.5.16.tgz. Extracting by manifest.
4304 silly tarball no local data for lightningcss@https://registry.npmjs.org/lightningcss/-/lightningcss-1.32.0.tgz. Extracting by manifest.
4305 silly tarball no local data for jsc-safe-url@https://registry.npmjs.org/jsc-safe-url/-/jsc-safe-url-0.2.4.tgz. Extracting by manifest.
4306 silly tarball no local data for metro-transform-plugins@https://registry.npmjs.org/metro-transform-plugins/-/metro-transform-plugins-0.84.4.tgz. Extracting by manifest.
4307 silly tarball no local data for metro-transform-worker@https://registry.npmjs.org/metro-transform-worker/-/metro-transform-worker-0.84.4.tgz. Extracting by manifest.
4308 silly tarball no local data for metro-minify-terser@https://registry.npmjs.org/metro-minify-terser/-/metro-minify-terser-0.84.4.tgz. Extracting by manifest.
4309 silly tarball no local data for metro-source-map@https://registry.npmjs.org/metro-source-map/-/metro-source-map-0.84.4.tgz. Extracting by manifest.
4310 silly tarball no local data for metro-symbolicate@https://registry.npmjs.org/metro-symbolicate/-/metro-symbolicate-0.84.4.tgz. Extracting by manifest.
4311 silly tarball no local data for metro-resolver@https://registry.npmjs.org/metro-resolver/-/metro-resolver-0.84.4.tgz. Extracting by manifest.
4312 silly tarball no local data for metro-core@https://registry.npmjs.org/metro-core/-/metro-core-0.84.4.tgz. Extracting by manifest.
4313 silly tarball no local data for metro-file-map@https://registry.npmjs.org/metro-file-map/-/metro-file-map-0.84.4.tgz. Extracting by manifest.
4314 silly tarball no local data for metro-cache@https://registry.npmjs.org/metro-cache/-/metro-cache-0.84.4.tgz. Extracting by manifest.
4315 silly tarball no local data for metro-cache-key@https://registry.npmjs.org/metro-cache-key/-/metro-cache-key-0.84.4.tgz. Extracting by manifest.
4316 silly tarball no local data for metro-babel-transformer@https://registry.npmjs.org/metro-babel-transformer/-/metro-babel-transformer-0.84.4.tgz. Extracting by manifest.
4317 silly tarball no local data for metro@https://registry.npmjs.org/metro/-/metro-0.84.4.tgz. Extracting by manifest.
4318 silly tarball no local data for stacktrace-parser@https://registry.npmjs.org/stacktrace-parser/-/stacktrace-parser-0.1.11.tgz. Extracting by manifest.
4319 silly tarball no local data for anser@https://registry.npmjs.org/anser/-/anser-1.4.10.tgz. Extracting by manifest.
4320 silly tarball no local data for @expo/spawn-async@https://registry.npmjs.org/@expo/spawn-async/-/spawn-async-1.8.0.tgz. Extracting by manifest.
4321 silly tarball no local data for @expo/env@https://registry.npmjs.org/@expo/env/-/env-2.4.1.tgz. Extracting by manifest.
4322 silly tarball no local data for @expo/plist@https://registry.npmjs.org/@expo/plist/-/plist-0.8.0.tgz. Extracting by manifest.
4323 silly tarball no local data for ignore@https://registry.npmjs.org/ignore/-/ignore-5.3.2.tgz. Extracting by manifest.
4324 silly tarball no local data for @expo/require-utils@https://registry.npmjs.org/@expo/require-utils/-/require-utils-57.0.1.tgz. Extracting by manifest.
4325 silly tarball no local data for @expo/json-file@https://registry.npmjs.org/@expo/json-file/-/json-file-11.0.0.tgz. Extracting by manifest.
4326 silly tarball no local data for @babel/plugin-transform-object-rest-spread@https://registry.npmjs.org/@babel/plugin-transform-object-rest-spread/-/plugin-transform-object-rest-spread-7.29.7.tgz. Extracting by manifest.
4327 silly tarball no local data for @expo/config-types@https://registry.npmjs.org/@expo/config-types/-/config-types-57.0.1.tgz. Extracting by manifest.
4328 silly tarball no local data for whatwg-url-minimum@https://registry.npmjs.org/whatwg-url-minimum/-/whatwg-url-minimum-0.1.2.tgz. Extracting by manifest.
4329 silly tarball no local data for pretty-format@https://registry.npmjs.org/pretty-format/-/pretty-format-29.7.0.tgz. Extracting by manifest.
4330 silly tarball no local data for expo-modules-core@https://registry.npmjs.org/expo-modules-core/-/expo-modules-core-57.0.2.tgz. Extracting by manifest.
4331 silly tarball no local data for expo-modules-autolinking@https://registry.npmjs.org/expo-modules-autolinking/-/expo-modules-autolinking-57.0.4.tgz. Extracting by manifest.
4332 silly tarball no local data for @ungap/structured-clone@https://registry.npmjs.org/@ungap/structured-clone/-/structured-clone-1.3.2.tgz. Extracting by manifest.
4333 silly tarball no local data for expo-keep-awake@https://registry.npmjs.org/expo-keep-awake/-/expo-keep-awake-57.0.0.tgz. Extracting by manifest.
4334 silly tarball no local data for expo-file-system@https://registry.npmjs.org/expo-file-system/-/expo-file-system-57.0.0.tgz. Extracting by manifest.
4335 silly tarball no local data for @expo/metro-config@https://registry.npmjs.org/@expo/metro-config/-/metro-config-57.0.3.tgz. Extracting by manifest.
4336 silly tarball no local data for expo-asset@https://registry.npmjs.org/expo-asset/-/expo-asset-57.0.3.tgz. Extracting by manifest.
4337 silly tarball no local data for babel-preset-expo@https://registry.npmjs.org/babel-preset-expo/-/babel-preset-expo-57.0.1.tgz. Extracting by manifest.
4338 silly tarball no local data for @expo/local-build-cache-provider@https://registry.npmjs.org/@expo/local-build-cache-provider/-/local-build-cache-provider-57.0.2.tgz. Extracting by manifest.
4339 silly tarball no local data for @expo/fingerprint@https://registry.npmjs.org/@expo/fingerprint/-/fingerprint-0.20.2.tgz. Extracting by manifest.
4340 silly tarball no local data for @expo/metro@https://registry.npmjs.org/@expo/metro/-/metro-56.0.0.tgz. Extracting by manifest.
4341 silly tarball no local data for @expo/devtools@https://registry.npmjs.org/@expo/devtools/-/devtools-57.0.0.tgz. Extracting by manifest.
4342 silly tarball no local data for @babel/runtime@https://registry.npmjs.org/@babel/runtime/-/runtime-7.29.7.tgz. Extracting by manifest.
4343 silly tarball no local data for @expo/dom-webview@https://registry.npmjs.org/@expo/dom-webview/-/dom-webview-57.0.0.tgz. Extracting by manifest.
4344 silly tarball no local data for @expo/config-plugins@https://registry.npmjs.org/@expo/config-plugins/-/config-plugins-57.0.2.tgz. Extracting by manifest.
4345 silly tarball no local data for @expo/config@https://registry.npmjs.org/@expo/config/-/config-57.0.2.tgz. Extracting by manifest.
4346 silly tarball no local data for @babel/helper-define-polyfill-provider@https://registry.npmjs.org/@babel/helper-define-polyfill-provider/-/helper-define-polyfill-provider-0.6.8.tgz. Extracting by manifest.
4347 silly tarball no local data for resolve@https://registry.npmjs.org/resolve/-/resolve-1.22.12.tgz. Extracting by manifest.
4348 silly tarball no local data for core-js-compat@https://registry.npmjs.org/core-js-compat/-/core-js-compat-3.49.0.tgz. Extracting by manifest.
4349 silly tarball no local data for lodash.debounce@https://registry.npmjs.org/lodash.debounce/-/lodash.debounce-4.0.8.tgz. Extracting by manifest.
4350 silly tarball no local data for @react-native/codegen@https://registry.npmjs.org/@react-native/codegen/-/codegen-0.86.0.tgz. Extracting by manifest.
4351 silly tarball no local data for csstype@https://registry.npmjs.org/csstype/-/csstype-3.2.3.tgz. Extracting by manifest.
4352 silly tarball no local data for @expo/log-box@https://registry.npmjs.org/@expo/log-box/-/log-box-57.0.0.tgz. Extracting by manifest.
4353 silly tarball no local data for yargs@https://registry.npmjs.org/yargs/-/yargs-17.7.3.tgz. Extracting by manifest.
4354 silly tarball no local data for @babel/plugin-syntax-typescript@https://registry.npmjs.org/@babel/plugin-syntax-typescript/-/plugin-syntax-typescript-7.29.7.tgz. Extracting by manifest.
4355 silly tarball no local data for babel-plugin-polyfill-regenerator@https://registry.npmjs.org/babel-plugin-polyfill-regenerator/-/babel-plugin-polyfill-regenerator-0.6.8.tgz. Extracting by manifest.
4356 silly tarball no local data for @babel/plugin-syntax-jsx@https://registry.npmjs.org/@babel/plugin-syntax-jsx/-/plugin-syntax-jsx-7.29.7.tgz. Extracting by manifest.
4357 silly tarball no local data for @babel/helper-create-regexp-features-plugin@https://registry.npmjs.org/@babel/helper-create-regexp-features-plugin/-/helper-create-regexp-features-plugin-7.29.7.tgz. Extracting by manifest.
4358 silly tarball no local data for @babel/plugin-syntax-flow@https://registry.npmjs.org/@babel/plugin-syntax-flow/-/plugin-syntax-flow-7.29.7.tgz. Extracting by manifest.
4359 silly tarball no local data for babel-plugin-polyfill-corejs3@https://registry.npmjs.org/babel-plugin-polyfill-corejs3/-/babel-plugin-polyfill-corejs3-0.13.0.tgz. Extracting by manifest.
4360 silly tarball no local data for babel-plugin-polyfill-corejs2@https://registry.npmjs.org/babel-plugin-polyfill-corejs2/-/babel-plugin-polyfill-corejs2-0.4.17.tgz. Extracting by manifest.
4361 silly tarball no local data for regexpu-core@https://registry.npmjs.org/regexpu-core/-/regexpu-core-6.4.0.tgz. Extracting by manifest.
4362 silly tarball no local data for @babel/helper-skip-transparent-expression-wrappers@https://registry.npmjs.org/@babel/helper-skip-transparent-expression-wrappers/-/helper-skip-transparent-expression-wrappers-7.29.7.tgz. Extracting by manifest.
4363 silly tarball no local data for @babel/helper-replace-supers@https://registry.npmjs.org/@babel/helper-replace-supers/-/helper-replace-supers-7.29.7.tgz. Extracting by manifest.
4364 silly tarball no local data for @babel/helper-optimise-call-expression@https://registry.npmjs.org/@babel/helper-optimise-call-expression/-/helper-optimise-call-expression-7.29.7.tgz. Extracting by manifest.
4365 silly tarball no local data for @babel/helper-member-expression-to-functions@https://registry.npmjs.org/@babel/helper-member-expression-to-functions/-/helper-member-expression-to-functions-7.29.7.tgz. Extracting by manifest.
4366 silly tarball no local data for @babel/helper-wrap-function@https://registry.npmjs.org/@babel/helper-wrap-function/-/helper-wrap-function-7.29.7.tgz. Extracting by manifest.
4367 silly tarball no local data for @babel/helper-create-class-features-plugin@https://registry.npmjs.org/@babel/helper-create-class-features-plugin/-/helper-create-class-features-plugin-7.29.7.tgz. Extracting by manifest.
4368 silly tarball no local data for @babel/helper-annotate-as-pure@https://registry.npmjs.org/@babel/helper-annotate-as-pure/-/helper-annotate-as-pure-7.29.7.tgz. Extracting by manifest.
4369 silly tarball no local data for @babel/helper-remap-async-to-generator@https://registry.npmjs.org/@babel/helper-remap-async-to-generator/-/helper-remap-async-to-generator-7.29.7.tgz. Extracting by manifest.
4370 silly tarball no local data for react-refresh@https://registry.npmjs.org/react-refresh/-/react-refresh-0.14.2.tgz. Extracting by manifest.
4371 silly tarball no local data for @babel/plugin-transform-unicode-regex@https://registry.npmjs.org/@babel/plugin-transform-unicode-regex/-/plugin-transform-unicode-regex-7.29.7.tgz. Extracting by manifest.
4372 silly tarball no local data for @react-native/babel-plugin-codegen@https://registry.npmjs.org/@react-native/babel-plugin-codegen/-/babel-plugin-codegen-0.86.0.tgz. Extracting by manifest.
4373 silly tarball no local data for babel-plugin-transform-flow-enums@https://registry.npmjs.org/babel-plugin-transform-flow-enums/-/babel-plugin-transform-flow-enums-0.0.2.tgz. Extracting by manifest.
4374 silly tarball no local data for @babel/plugin-transform-runtime@https://registry.npmjs.org/@babel/plugin-transform-runtime/-/plugin-transform-runtime-7.29.7.tgz. Extracting by manifest.
4375 silly tarball no local data for babel-plugin-syntax-hermes-parser@https://registry.npmjs.org/babel-plugin-syntax-hermes-parser/-/babel-plugin-syntax-hermes-parser-0.36.0.tgz. Extracting by manifest.
4376 silly tarball no local data for @babel/plugin-transform-typescript@https://registry.npmjs.org/@babel/plugin-transform-typescript/-/plugin-transform-typescript-7.29.7.tgz. Extracting by manifest.
4377 silly tarball no local data for @babel/plugin-transform-regenerator@https://registry.npmjs.org/@babel/plugin-transform-regenerator/-/plugin-transform-regenerator-7.29.7.tgz. Extracting by manifest.
4378 silly tarball no local data for @babel/plugin-transform-react-jsx-source@https://registry.npmjs.org/@babel/plugin-transform-react-jsx-source/-/plugin-transform-react-jsx-source-7.29.7.tgz. Extracting by manifest.
4379 silly tarball no local data for @babel/plugin-transform-react-jsx@https://registry.npmjs.org/@babel/plugin-transform-react-jsx/-/plugin-transform-react-jsx-7.29.7.tgz. Extracting by manifest.
4380 silly tarball no local data for @babel/plugin-transform-react-jsx-self@https://registry.npmjs.org/@babel/plugin-transform-react-jsx-self/-/plugin-transform-react-jsx-self-7.29.7.tgz. Extracting by manifest.
4381 silly tarball no local data for @babel/plugin-transform-react-display-name@https://registry.npmjs.org/@babel/plugin-transform-react-display-name/-/plugin-transform-react-display-name-7.29.7.tgz. Extracting by manifest.
4382 silly tarball no local data for @babel/plugin-transform-private-property-in-object@https://registry.npmjs.org/@babel/plugin-transform-private-property-in-object/-/plugin-transform-private-property-in-object-7.29.7.tgz. Extracting by manifest.
4383 silly tarball no local data for @babel/plugin-transform-private-methods@https://registry.npmjs.org/@babel/plugin-transform-private-methods/-/plugin-transform-private-methods-7.29.7.tgz. Extracting by manifest.
4384 silly tarball no local data for @babel/plugin-transform-optional-catch-binding@https://registry.npmjs.org/@babel/plugin-transform-optional-catch-binding/-/plugin-transform-optional-catch-binding-7.29.7.tgz. Extracting by manifest.
4385 silly tarball no local data for @babel/plugin-transform-optional-chaining@https://registry.npmjs.org/@babel/plugin-transform-optional-chaining/-/plugin-transform-optional-chaining-7.29.7.tgz. Extracting by manifest.
4386 silly tarball no local data for @babel/plugin-transform-nullish-coalescing-operator@https://registry.npmjs.org/@babel/plugin-transform-nullish-coalescing-operator/-/plugin-transform-nullish-coalescing-operator-7.29.7.tgz. Extracting by manifest.
4387 silly tarball no local data for @babel/plugin-transform-named-capturing-groups-regex@https://registry.npmjs.org/@babel/plugin-transform-named-capturing-groups-regex/-/plugin-transform-named-capturing-groups-regex-7.29.7.tgz. Extracting by manifest.
4388 silly tarball no local data for @babel/plugin-transform-for-of@https://registry.npmjs.org/@babel/plugin-transform-for-of/-/plugin-transform-for-of-7.29.7.tgz. Extracting by manifest.
4389 silly tarball no local data for @babel/plugin-transform-flow-strip-types@https://registry.npmjs.org/@babel/plugin-transform-flow-strip-types/-/plugin-transform-flow-strip-types-7.29.7.tgz. Extracting by manifest.
4390 silly tarball no local data for @babel/plugin-transform-destructuring@https://registry.npmjs.org/@babel/plugin-transform-destructuring/-/plugin-transform-destructuring-7.29.7.tgz. Extracting by manifest.
4391 silly tarball no local data for @babel/plugin-transform-classes@https://registry.npmjs.org/@babel/plugin-transform-classes/-/plugin-transform-classes-7.29.7.tgz. Extracting by manifest.
4392 silly tarball no local data for @babel/plugin-transform-class-properties@https://registry.npmjs.org/@babel/plugin-transform-class-properties/-/plugin-transform-class-properties-7.29.7.tgz. Extracting by manifest.
4393 silly tarball no local data for @babel/plugin-transform-block-scoping@https://registry.npmjs.org/@babel/plugin-transform-block-scoping/-/plugin-transform-block-scoping-7.29.7.tgz. Extracting by manifest.
4394 silly tarball no local data for @babel/plugin-transform-async-to-generator@https://registry.npmjs.org/@babel/plugin-transform-async-to-generator/-/plugin-transform-async-to-generator-7.29.7.tgz. Extracting by manifest.
4395 silly tarball no local data for @babel/plugin-syntax-nullish-coalescing-operator@https://registry.npmjs.org/@babel/plugin-syntax-nullish-coalescing-operator/-/plugin-syntax-nullish-coalescing-operator-7.8.3.tgz. Extracting by manifest.
4396 silly tarball no local data for @babel/plugin-syntax-optional-chaining@https://registry.npmjs.org/@babel/plugin-syntax-optional-chaining/-/plugin-syntax-optional-chaining-7.8.3.tgz. Extracting by manifest.
4397 silly tarball no local data for @babel/plugin-transform-async-generator-functions@https://registry.npmjs.org/@babel/plugin-transform-async-generator-functions/-/plugin-transform-async-generator-functions-7.29.7.tgz. Extracting by manifest.
4398 silly tarball no local data for hermes-parser@https://registry.npmjs.org/hermes-parser/-/hermes-parser-0.36.0.tgz. Extracting by manifest.
4399 silly tarball no local data for @babel/plugin-proposal-export-default-from@https://registry.npmjs.org/@babel/plugin-proposal-export-default-from/-/plugin-proposal-export-default-from-7.29.7.tgz. Extracting by manifest.
4400 silly tarball no local data for @babel/plugin-syntax-dynamic-import@https://registry.npmjs.org/@babel/plugin-syntax-dynamic-import/-/plugin-syntax-dynamic-import-7.8.3.tgz. Extracting by manifest.
4401 silly tarball no local data for metro-config@https://registry.npmjs.org/metro-config/-/metro-config-0.84.4.tgz. Extracting by manifest.
4402 silly tarball no local data for @babel/plugin-syntax-export-default-from@https://registry.npmjs.org/@babel/plugin-syntax-export-default-from/-/plugin-syntax-export-default-from-7.29.7.tgz. Extracting by manifest.
4403 silly tarball no local data for metro-runtime@https://registry.npmjs.org/metro-runtime/-/metro-runtime-0.84.4.tgz. Extracting by manifest.
4404 silly tarball no local data for @react-native/babel-preset@https://registry.npmjs.org/@react-native/babel-preset/-/babel-preset-0.86.0.tgz. Extracting by manifest.
4405 silly tarball no local data for @react-native/metro-babel-transformer@https://registry.npmjs.org/@react-native/metro-babel-transformer/-/metro-babel-transformer-0.86.0.tgz. Extracting by manifest.
4406 silly tarball no local data for @react-native/js-polyfills@https://registry.npmjs.org/@react-native/js-polyfills/-/js-polyfills-0.86.0.tgz. Extracting by manifest.
4407 silly tarball no local data for vaul@https://registry.npmjs.org/vaul/-/vaul-1.1.2.tgz. Extracting by manifest.
4408 silly tarball no local data for sf-symbols-typescript@https://registry.npmjs.org/sf-symbols-typescript/-/sf-symbols-typescript-2.2.0.tgz. Extracting by manifest.
4409 silly tarball no local data for @react-native/metro-config@https://registry.npmjs.org/@react-native/metro-config/-/metro-config-0.86.0.tgz. Extracting by manifest.
4410 silly tarball no local data for typescript@https://registry.npmjs.org/typescript/-/typescript-6.0.3.tgz. Extracting by manifest.
4411 silly tarball no local data for react-native-web@https://registry.npmjs.org/react-native-web/-/react-native-web-0.21.2.tgz. Extracting by manifest.
4412 silly tarball no local data for react-native-screens@https://registry.npmjs.org/react-native-screens/-/react-native-screens-4.25.2.tgz. Extracting by manifest.
4413 silly tarball no local data for react-native-worklets@https://registry.npmjs.org/react-native-worklets/-/react-native-worklets-0.10.0.tgz. Extracting by manifest.
4414 silly tarball no local data for react-native-reanimated@https://registry.npmjs.org/react-native-reanimated/-/react-native-reanimated-4.5.0.tgz. Extracting by manifest.
4415 silly tarball no local data for react-dom@https://registry.npmjs.org/react-dom/-/react-dom-19.2.3.tgz. Extracting by manifest.
4416 silly tarball no local data for react-native-gesture-handler@https://registry.npmjs.org/react-native-gesture-handler/-/react-native-gesture-handler-2.32.0.tgz. Extracting by manifest.
4417 silly tarball no local data for expo-web-browser@https://registry.npmjs.org/expo-web-browser/-/expo-web-browser-57.0.0.tgz. Extracting by manifest.
4418 silly tarball no local data for expo-system-ui@https://registry.npmjs.org/expo-system-ui/-/expo-system-ui-57.0.0.tgz. Extracting by manifest.
4419 silly tarball no local data for expo-status-bar@https://registry.npmjs.org/expo-status-bar/-/expo-status-bar-57.0.0.tgz. Extracting by manifest.
4420 silly tarball no local data for react-native-safe-area-context@https://registry.npmjs.org/react-native-safe-area-context/-/react-native-safe-area-context-5.7.0.tgz. Extracting by manifest.
4421 silly tarball no local data for expo-splash-screen@https://registry.npmjs.org/expo-splash-screen/-/expo-splash-screen-57.0.2.tgz. Extracting by manifest.
4422 silly tarball no local data for expo-router@https://registry.npmjs.org/expo-router/-/expo-router-57.0.3.tgz. Extracting by manifest.
4423 silly tarball no local data for expo-image@https://registry.npmjs.org/expo-image/-/expo-image-57.0.0.tgz. Extracting by manifest.
4424 silly tarball no local data for expo-linking@https://registry.npmjs.org/expo-linking/-/expo-linking-57.0.1.tgz. Extracting by manifest.
4425 silly tarball no local data for expo-symbols@https://registry.npmjs.org/expo-symbols/-/expo-symbols-57.0.0.tgz. Extracting by manifest.
4426 silly tarball no local data for expo-glass-effect@https://registry.npmjs.org/expo-glass-effect/-/expo-glass-effect-57.0.0.tgz. Extracting by manifest.
4427 silly tarball no local data for expo-font@https://registry.npmjs.org/expo-font/-/expo-font-57.0.0.tgz. Extracting by manifest.
4428 silly tarball no local data for @types/react@https://registry.npmjs.org/@types/react/-/react-19.2.17.tgz. Extracting by manifest.
4429 silly tarball no local data for expo-constants@https://registry.npmjs.org/expo-constants/-/expo-constants-57.0.3.tgz. Extracting by manifest.
4430 silly tarball no local data for expo-device@https://registry.npmjs.org/expo-device/-/expo-device-57.0.0.tgz. Extracting by manifest.
4431 silly tarball no local data for @expo/ui@https://registry.npmjs.org/@expo/ui/-/ui-57.0.3.tgz. Extracting by manifest.
4432 silly tarball no local data for react-native@https://registry.npmjs.org/react-native/-/react-native-0.86.0.tgz. Extracting by manifest.
4433 silly tarball no local data for react@https://registry.npmjs.org/react/-/react-19.2.3.tgz. Extracting by manifest.
4434 silly tarball no local data for expo@https://registry.npmjs.org/expo/-/expo-57.0.2.tgz. Extracting by manifest.
4435 silly tarball no local data for ms@https://registry.npmjs.org/ms/-/ms-2.0.0.tgz. Extracting by manifest.
4436 silly tarball no local data for debug@https://registry.npmjs.org/debug/-/debug-3.2.7.tgz. Extracting by manifest.
4437 silly tarball no local data for debug@https://registry.npmjs.org/debug/-/debug-2.6.9.tgz. Extracting by manifest.
4438 silly tarball no local data for negotiator@https://registry.npmjs.org/negotiator/-/negotiator-0.6.4.tgz. Extracting by manifest.
4439 silly tarball no local data for source-map@https://registry.npmjs.org/source-map/-/source-map-0.6.1.tgz. Extracting by manifest.
4440 silly tarball no local data for statuses@https://registry.npmjs.org/statuses/-/statuses-2.0.2.tgz. Extracting by manifest.
4441 silly tarball no local data for statuses@https://registry.npmjs.org/statuses/-/statuses-2.0.2.tgz. Extracting by manifest.
4442 silly tarball no local data for debug@https://registry.npmjs.org/debug/-/debug-2.6.9.tgz. Extracting by manifest.
4443 silly tarball no local data for encodeurl@https://registry.npmjs.org/encodeurl/-/encodeurl-2.0.0.tgz. Extracting by manifest.
4444 silly tarball no local data for on-finished@https://registry.npmjs.org/on-finished/-/on-finished-2.4.1.tgz. Extracting by manifest.
4445 silly tarball no local data for ua-parser-js@https://registry.npmjs.org/ua-parser-js/-/ua-parser-js-1.0.41.tgz. Extracting by manifest.
4446 silly tarball no local data for encodeurl@https://registry.npmjs.org/encodeurl/-/encodeurl-2.0.0.tgz. Extracting by manifest.
4447 silly tarball no local data for react-is@https://registry.npmjs.org/react-is/-/react-is-16.13.1.tgz. Extracting by manifest.
4448 silly tarball no local data for promise@https://registry.npmjs.org/promise/-/promise-7.3.1.tgz. Extracting by manifest.
4449 silly tarball no local data for ms@https://registry.npmjs.org/ms/-/ms-2.0.0.tgz. Extracting by manifest.
4450 silly tarball no local data for commander@https://registry.npmjs.org/commander/-/commander-2.20.3.tgz. Extracting by manifest.
4451 silly tarball no local data for debug@https://registry.npmjs.org/debug/-/debug-2.6.9.tgz. Extracting by manifest.
4452 silly tarball no local data for ci-info@https://registry.npmjs.org/ci-info/-/ci-info-3.9.0.tgz. Extracting by manifest.
4453 silly tarball no local data for ms@https://registry.npmjs.org/ms/-/ms-2.0.0.tgz. Extracting by manifest.
4454 silly tarball no local data for ms@https://registry.npmjs.org/ms/-/ms-2.0.0.tgz. Extracting by manifest.
4455 silly tarball no local data for debug@https://registry.npmjs.org/debug/-/debug-2.6.9.tgz. Extracting by manifest.
4456 silly tarball no local data for ms@https://registry.npmjs.org/ms/-/ms-2.0.0.tgz. Extracting by manifest.
4457 silly tarball no local data for debug@https://registry.npmjs.org/debug/-/debug-2.6.9.tgz. Extracting by manifest.
4458 silly tarball no local data for dom-accessibility-api@https://registry.npmjs.org/dom-accessibility-api/-/dom-accessibility-api-0.6.3.tgz. Extracting by manifest.
4459 silly tarball no local data for ansi-styles@https://registry.npmjs.org/ansi-styles/-/ansi-styles-5.2.0.tgz. Extracting by manifest.
4460 silly tarball no local data for pretty-format@https://registry.npmjs.org/pretty-format/-/pretty-format-27.5.1.tgz. Extracting by manifest.
4461 silly tarball no local data for react-is@https://registry.npmjs.org/react-is/-/react-is-17.0.2.tgz. Extracting by manifest.
4462 silly tarball no local data for hermes-estree@https://registry.npmjs.org/hermes-estree/-/hermes-estree-0.35.0.tgz. Extracting by manifest.
4463 silly tarball no local data for hermes-parser@https://registry.npmjs.org/hermes-parser/-/hermes-parser-0.35.0.tgz. Extracting by manifest.
4464 silly tarball no local data for hermes-estree@https://registry.npmjs.org/hermes-estree/-/hermes-estree-0.35.0.tgz. Extracting by manifest.
4465 silly tarball no local data for hermes-parser@https://registry.npmjs.org/hermes-parser/-/hermes-parser-0.35.0.tgz. Extracting by manifest.
4466 silly tarball no local data for ansi-styles@https://registry.npmjs.org/ansi-styles/-/ansi-styles-5.2.0.tgz. Extracting by manifest.
4467 silly tarball no local data for react-is@https://registry.npmjs.org/react-is/-/react-is-18.3.1.tgz. Extracting by manifest.
4468 silly tarball no local data for memoize-one@https://registry.npmjs.org/memoize-one/-/memoize-one-6.0.0.tgz. Extracting by manifest.
4469 silly tarball no local data for @react-native/normalize-colors@https://registry.npmjs.org/@react-native/normalize-colors/-/normalize-colors-0.74.89.tgz. Extracting by manifest.
4470 silly tarball no local data for commander@https://registry.npmjs.org/commander/-/commander-12.1.0.tgz. Extracting by manifest.
4471 silly tarball no local data for negotiator@https://registry.npmjs.org/negotiator/-/negotiator-0.6.3.tgz. Extracting by manifest.
4472 silly tarball no local data for ci-info@https://registry.npmjs.org/ci-info/-/ci-info-3.9.0.tgz. Extracting by manifest.
4473 silly tarball no local data for @expo/ws-tunnel@https://registry.npmjs.org/@expo/ws-tunnel/-/ws-tunnel-2.0.0.tgz. Extracting by manifest.
4474 silly tarball no local data for ws@https://registry.npmjs.org/ws/-/ws-8.21.0.tgz. Extracting by manifest.
4475 silly tarball no local data for @expo/cli@https://registry.npmjs.org/@expo/cli/-/cli-57.0.4.tgz. Extracting by manifest.
4476 silly tarball no local data for accepts@https://registry.npmjs.org/accepts/-/accepts-1.3.8.tgz. Extracting by manifest.
4477 silly tarball no local data for @expo/router-server@https://registry.npmjs.org/@expo/router-server/-/router-server-57.0.1.tgz. Extracting by manifest.
4478 http fetch GET 200 https://registry.npmjs.org/on-headers/-/on-headers-1.1.0.tgz 1291ms (cache miss)
4479 http fetch GET 200 https://registry.npmjs.org/vary/-/vary-1.1.2.tgz 1290ms (cache miss)
4480 http fetch GET 200 https://registry.npmjs.org/bytes/-/bytes-3.1.2.tgz 1297ms (cache miss)
4481 http fetch GET 200 https://registry.npmjs.org/compressible/-/compressible-2.0.18.tgz 1296ms (cache miss)
4482 http fetch GET 200 https://registry.npmjs.org/toqr/-/toqr-0.1.1.tgz 1294ms (cache miss)
4483 http fetch GET 200 https://registry.npmjs.org/lan-network/-/lan-network-0.2.1.tgz 1416ms (cache miss)
4484 http fetch GET 200 https://registry.npmjs.org/compression/-/compression-1.8.1.tgz 1425ms (cache miss)
4485 http fetch GET 200 https://registry.npmjs.org/progress/-/progress-2.0.3.tgz 1423ms (cache miss)
4486 http fetch GET 200 https://registry.npmjs.org/require-directory/-/require-directory-2.1.1.tgz 1446ms (cache miss)
4487 http fetch GET 200 https://registry.npmjs.org/y18n/-/y18n-5.0.8.tgz 1480ms (cache miss)
4488 http fetch GET 200 https://registry.npmjs.org/@expo/osascript/-/osascript-2.7.0.tgz 1501ms (cache miss)
4489 http fetch GET 200 https://registry.npmjs.org/@expo/code-signing-certificates/-/code-signing-certificates-0.0.6.tgz 1507ms (cache miss)
4490 http fetch GET 200 https://registry.npmjs.org/cliui/-/cliui-8.0.1.tgz 1503ms (cache miss)
4491 http fetch GET 200 https://registry.npmjs.org/@expo/inline-modules/-/inline-modules-0.1.1.tgz 1546ms (cache miss)
4492 http fetch GET 200 https://registry.npmjs.org/get-caller-file/-/get-caller-file-2.0.5.tgz 1550ms (cache miss)
4493 http fetch GET 200 https://registry.npmjs.org/@expo/sudo-prompt/-/sudo-prompt-9.3.2.tgz 1585ms (cache miss)
4494 http fetch GET 200 https://registry.npmjs.org/makeerror/-/makeerror-1.0.12.tgz 1563ms (cache miss)
4495 http fetch GET 200 https://registry.npmjs.org/detect-node-es/-/detect-node-es-1.1.0.tgz 1580ms (cache miss)
4496 http fetch GET 200 https://registry.npmjs.org/tmpl/-/tmpl-1.0.5.tgz 1580ms (cache miss)
4497 http fetch GET 200 https://registry.npmjs.org/get-nonce/-/get-nonce-1.0.1.tgz 1592ms (cache miss)
4498 http fetch GET 200 https://registry.npmjs.org/react-remove-scroll-bar/-/react-remove-scroll-bar-2.3.8.tgz 1594ms (cache miss)
4499 http fetch GET 200 https://registry.npmjs.org/use-sidecar/-/use-sidecar-1.1.3.tgz 1602ms (cache miss)
4500 http fetch GET 200 https://registry.npmjs.org/use-callback-ref/-/use-callback-ref-1.3.3.tgz 1618ms (cache miss)
4501 http fetch GET 200 https://registry.npmjs.org/react-style-singleton/-/react-style-singleton-2.2.3.tgz 1620ms (cache miss)
4502 http fetch GET 200 https://registry.npmjs.org/aria-hidden/-/aria-hidden-1.2.6.tgz 1644ms (cache miss)
4503 http fetch GET 200 https://registry.npmjs.org/@radix-ui/react-portal/-/react-portal-1.1.13.tgz 1654ms (cache miss)
4504 http fetch GET 200 https://registry.npmjs.org/@radix-ui/react-focus-scope/-/react-focus-scope-1.1.11.tgz 1717ms (cache miss)
4505 http fetch GET 200 https://registry.npmjs.org/unicode-canonical-property-names-ecmascript/-/unicode-canonical-property-names-ecmascript-2.0.1.tgz 1746ms (cache miss)
4506 http fetch GET 200 https://registry.npmjs.org/argparse/-/argparse-2.0.1.tgz 1820ms (cache miss)
4507 http fetch GET 200 https://registry.npmjs.org/@radix-ui/react-focus-guards/-/react-focus-guards-1.1.4.tgz 1793ms (cache miss)
4508 http fetch GET 200 https://registry.npmjs.org/unicode-property-aliases-ecmascript/-/unicode-property-aliases-ecmascript-2.2.0.tgz 1802ms (cache miss)
4509 http fetch GET 200 https://registry.npmjs.org/@jridgewell/source-map/-/source-map-0.3.11.tgz 1812ms (cache miss)
4510 http fetch GET 200 https://registry.npmjs.org/min-indent/-/min-indent-1.0.1.tgz 1826ms (cache miss)
4511 http fetch GET 200 https://registry.npmjs.org/@radix-ui/react-dialog/-/react-dialog-1.1.18.tgz 1851ms (cache miss)
4512 http fetch GET 200 https://registry.npmjs.org/buffer-from/-/buffer-from-1.1.2.tgz 1883ms (cache miss)
4513 http fetch GET 200 https://registry.npmjs.org/type-fest/-/type-fest-0.7.1.tgz 1887ms (cache miss)
4514 http fetch GET 200 https://registry.npmjs.org/is-arrayish/-/is-arrayish-0.3.4.tgz 1902ms (cache miss)
4515 http fetch GET 200 https://registry.npmjs.org/setprototypeof/-/setprototypeof-1.2.0.tgz 1917ms (cache miss)
4516 http fetch GET 200 https://registry.npmjs.org/http-errors/-/http-errors-2.0.1.tgz 1918ms (cache miss)
4517 http fetch GET 200 https://registry.npmjs.org/toidentifier/-/toidentifier-1.0.1.tgz 1928ms (cache miss)
4518 http fetch GET 200 https://registry.npmjs.org/range-parser/-/range-parser-1.2.1.tgz 1942ms (cache miss)
4519 http fetch GET 200 https://registry.npmjs.org/destroy/-/destroy-1.2.0.tgz 1945ms (cache miss)
4520 http fetch GET 200 https://registry.npmjs.org/etag/-/etag-1.8.1.tgz 1948ms (cache miss)
4521 http fetch GET 200 https://registry.npmjs.org/mime/-/mime-1.6.0.tgz 1951ms (cache miss)
4522 http fetch GET 200 https://registry.npmjs.org/depd/-/depd-2.0.0.tgz 1951ms (cache miss)
4523 http fetch GET 200 https://registry.npmjs.org/fresh/-/fresh-0.5.2.tgz 1964ms (cache miss)
4524 http fetch GET 200 https://registry.npmjs.org/send/-/send-0.19.2.tgz 1962ms (cache miss)
4525 http fetch GET 200 https://registry.npmjs.org/multitars/-/multitars-1.0.0.tgz 2014ms (cache miss)
4526 http fetch GET 200 https://registry.npmjs.org/path-parse/-/path-parse-1.0.7.tgz 2011ms (cache miss)
4527 http fetch GET 200 https://registry.npmjs.org/@babel/plugin-transform-template-literals/-/plugin-transform-template-literals-7.29.7.tgz 2023ms (cache miss)
4528 http fetch GET 200 https://registry.npmjs.org/unicode-match-property-ecmascript/-/unicode-match-property-ecmascript-2.0.0.tgz 2025ms (cache miss)
4529 http fetch GET 200 https://registry.npmjs.org/unicode-match-property-value-ecmascript/-/unicode-match-property-value-ecmascript-2.2.1.tgz 2034ms (cache miss)
4530 http fetch GET 200 https://registry.npmjs.org/fetch-nodeshim/-/fetch-nodeshim-0.4.10.tgz 2082ms (cache miss)
4531 http fetch GET 200 https://registry.npmjs.org/@babel/plugin-transform-shorthand-properties/-/plugin-transform-shorthand-properties-7.29.7.tgz 2042ms (cache miss)
4532 http fetch GET 200 https://registry.npmjs.org/source-map-support/-/source-map-support-0.5.21.tgz 2077ms (cache miss)
4533 http fetch GET 200 https://registry.npmjs.org/dnssd-advertise/-/dnssd-advertise-1.1.6.tgz 2138ms (cache miss)
4534 http fetch GET 200 https://registry.npmjs.org/regjsgen/-/regjsgen-0.8.0.tgz 2099ms (cache miss)
4535 http fetch GET 200 https://registry.npmjs.org/@babel/plugin-transform-arrow-functions/-/plugin-transform-arrow-functions-7.29.7.tgz 2116ms (cache miss)
4536 http fetch GET 200 https://registry.npmjs.org/regenerate/-/regenerate-1.4.2.tgz 2121ms (cache miss)
4537 http fetch GET 200 https://registry.npmjs.org/strip-indent/-/strip-indent-3.0.0.tgz 2135ms (cache miss)
4538 http fetch GET 200 https://registry.npmjs.org/setimmediate/-/setimmediate-1.0.5.tgz 2138ms (cache miss)
4539 http fetch GET 200 https://registry.npmjs.org/hyphenate-style-name/-/hyphenate-style-name-1.1.0.tgz 2146ms (cache miss)
4540 http fetch GET 200 https://registry.npmjs.org/fbjs-css-vars/-/fbjs-css-vars-1.0.2.tgz 2157ms (cache miss)
4541 http fetch GET 200 https://registry.npmjs.org/regjsparser/-/regjsparser-0.13.2.tgz 2170ms (cache miss)
4542 http fetch GET 200 https://registry.npmjs.org/postcss-value-parser/-/postcss-value-parser-4.2.0.tgz 2165ms (cache miss)
4543 http fetch GET 200 https://registry.npmjs.org/styleq/-/styleq-0.1.3.tgz 2211ms (cache miss)
4544 http fetch GET 200 https://registry.npmjs.org/warn-once/-/warn-once-0.1.1.tgz 2215ms (cache miss)
4545 http fetch GET 200 https://registry.npmjs.org/is-core-module/-/is-core-module-2.16.2.tgz 2241ms (cache miss)
4546 http fetch GET 200 https://registry.npmjs.org/supports-preserve-symlinks-flag/-/supports-preserve-symlinks-flag-1.0.0.tgz 2257ms (cache miss)
4547 http fetch GET 200 https://registry.npmjs.org/@radix-ui/react-dismissable-layer/-/react-dismissable-layer-1.1.14.tgz 2276ms (cache miss)
4548 http fetch GET 200 https://registry.npmjs.org/react-freeze/-/react-freeze-1.0.4.tgz 2267ms (cache miss)
4549 http fetch GET 200 https://registry.npmjs.org/yargs-parser/-/yargs-parser-21.1.1.tgz 2323ms (cache miss)
4550 http fetch GET 200 https://registry.npmjs.org/react-native-is-edge-to-edge/-/react-native-is-edge-to-edge-1.3.1.tgz 2281ms (cache miss)
4551 http fetch GET 200 https://registry.npmjs.org/@types/hammerjs/-/hammerjs-2.0.46.tgz 2294ms (cache miss)
4552 http fetch GET 200 https://registry.npmjs.org/use-latest-callback/-/use-latest-callback-0.2.6.tgz 2318ms (cache miss)
4553 http fetch GET 200 https://registry.npmjs.org/tslib/-/tslib-2.8.1.tgz 2368ms (cache miss)
4554 http fetch GET 200 https://registry.npmjs.org/shell-quote/-/shell-quote-1.9.0.tgz 2329ms (cache miss)
4555 http fetch GET 200 https://registry.npmjs.org/@types/react-test-renderer/-/react-test-renderer-19.1.0.tgz 2342ms (cache miss)
4556 http fetch GET 200 https://registry.npmjs.org/marky/-/marky-1.3.0.tgz 2345ms (cache miss)
4557 http fetch GET 200 https://registry.npmjs.org/mkdirp/-/mkdirp-1.0.4.tgz 2364ms (cache miss)
4558 http fetch GET 200 https://registry.npmjs.org/node-fetch/-/node-fetch-2.7.0.tgz 2385ms (cache miss)
4559 http fetch GET 200 https://registry.npmjs.org/agent-cli-detector/-/agent-cli-detector-0.1.2.tgz 2457ms (cache miss)
4560 http fetch GET 200 https://registry.npmjs.org/lighthouse-logger/-/lighthouse-logger-1.4.2.tgz 2426ms (cache miss)
4561 http fetch GET 200 https://registry.npmjs.org/open/-/open-7.4.2.tgz 2443ms (cache miss)
4562 http fetch GET 200 https://registry.npmjs.org/asap/-/asap-2.0.6.tgz 2465ms (cache miss)
4563 http fetch GET 200 https://registry.npmjs.org/serve-static/-/serve-static-1.16.3.tgz 2464ms (cache miss)
4564 http fetch GET 200 https://registry.npmjs.org/hoist-non-react-statics/-/hoist-non-react-statics-3.3.2.tgz 2494ms (cache miss)
4565 http fetch GET 200 https://registry.npmjs.org/regenerator-runtime/-/regenerator-runtime-0.13.11.tgz 2527ms (cache miss)
4566 http fetch GET 200 https://registry.npmjs.org/@isaacs/ttlcache/-/ttlcache-1.4.1.tgz 2582ms (cache miss)
4567 http fetch GET 200 https://registry.npmjs.org/cross-fetch/-/cross-fetch-3.2.0.tgz 2623ms (cache miss)
4568 http fetch GET 200 https://registry.npmjs.org/event-target-shim/-/event-target-shim-5.0.1.tgz 2712ms (cache miss)
4569 http fetch GET 200 https://registry.npmjs.org/memoize-one/-/memoize-one-5.2.1.tgz 2728ms (cache miss)
4570 http fetch GET 200 https://registry.npmjs.org/structured-headers/-/structured-headers-0.4.1.tgz 2907ms (cache miss)
4571 http fetch GET 200 https://registry.npmjs.org/scheduler/-/scheduler-0.27.0.tgz 2843ms (cache miss)
4572 http fetch GET 200 https://registry.npmjs.org/filter-obj/-/filter-obj-1.1.0.tgz 2906ms (cache miss)
4573 http fetch GET 200 https://registry.npmjs.org/@react-native/assets-registry/-/assets-registry-0.86.0.tgz 2908ms (cache miss)
4574 http fetch GET 200 https://registry.npmjs.org/strict-uri-encode/-/strict-uri-encode-2.0.0.tgz 2916ms (cache miss)
4575 http fetch GET 200 https://registry.npmjs.org/decode-uri-component/-/decode-uri-component-0.2.2.tgz 2914ms (cache miss)
4576 http fetch GET 200 https://registry.npmjs.org/split-on-first/-/split-on-first-1.1.0.tgz 2917ms (cache miss)
4577 http fetch GET 200 https://registry.npmjs.org/chrome-launcher/-/chrome-launcher-0.15.2.tgz 3181ms (cache miss)
4578 http fetch GET 200 https://registry.npmjs.org/chromium-edge-launcher/-/chromium-edge-launcher-0.3.0.tgz 3209ms (cache miss)
4579 http fetch GET 200 https://registry.npmjs.org/source-map-js/-/source-map-js-1.2.1.tgz 3284ms (cache miss)
4580 http fetch GET 200 https://registry.npmjs.org/ob1/-/ob1-0.84.4.tgz 3283ms (cache miss)
4581 http fetch GET 200 https://registry.npmjs.org/fb-watchman/-/fb-watchman-2.0.2.tgz 3297ms (cache miss)
4582 http fetch GET 200 https://registry.npmjs.org/walker/-/walker-1.0.8.tgz 3303ms (cache miss)
4583 http fetch GET 200 https://registry.npmjs.org/leven/-/leven-3.1.0.tgz 3301ms (cache miss)
4584 http fetch GET 200 https://registry.npmjs.org/bser/-/bser-2.1.1.tgz 3305ms (cache miss)
4585 http fetch GET 200 https://registry.npmjs.org/jest-get-type/-/jest-get-type-29.6.3.tgz 3302ms (cache miss)
4586 http fetch GET 200 https://registry.npmjs.org/ee-first/-/ee-first-1.1.1.tgz 3320ms (cache miss)
4587 http fetch GET 200 https://registry.npmjs.org/vlq/-/vlq-1.0.1.tgz 3317ms (cache miss)
4588 http fetch GET 200 https://registry.npmjs.org/@expo/devcert/-/devcert-1.2.1.tgz 3415ms (cache miss)
4589 http fetch GET 200 https://registry.npmjs.org/mime-db/-/mime-db-1.54.0.tgz 3392ms (cache miss)
4590 http fetch GET 200 https://registry.npmjs.org/js-yaml/-/js-yaml-4.3.0.tgz 3508ms (cache miss)
4591 http fetch GET 200 https://registry.npmjs.org/@expo/package-manager/-/package-manager-1.13.0.tgz 3547ms (cache miss)
4592 http fetch GET 200 https://registry.npmjs.org/camelcase/-/camelcase-6.3.0.tgz 3453ms (cache miss)
4593 http fetch GET 200 https://registry.npmjs.org/@expo/xcpretty/-/xcpretty-4.4.4.tgz 3585ms (cache miss)
4594 warn deprecated uuid@7.0.3: uuid@10 and below is no longer supported.  For ESM codebases, update to uuid@latest.  For CommonJS codebases, use uuid@11 (but be aware this version will likely be deprecated in 2028).
4595 http fetch GET 200 https://registry.npmjs.org/css-in-js-utils/-/css-in-js-utils-3.1.0.tgz 3551ms (cache miss)
4596 http fetch GET 200 https://registry.npmjs.org/jest-validate/-/jest-validate-29.7.0.tgz 3554ms (cache miss)
4597 http fetch GET 200 https://registry.npmjs.org/@react-native/virtualized-lists/-/virtualized-lists-0.86.0.tgz 3623ms (cache miss)
4598 http fetch GET 200 https://registry.npmjs.org/@types/yargs-parser/-/yargs-parser-21.0.3.tgz 3626ms (cache miss)
4599 http fetch GET 200 https://registry.npmjs.org/@react-native/debugger-shell/-/debugger-shell-0.86.0.tgz 3732ms (cache miss)
4600 http fetch GET 200 https://registry.npmjs.org/agent-base/-/agent-base-7.1.4.tgz 3720ms (cache miss)
4601 http fetch GET 200 https://registry.npmjs.org/@types/istanbul-lib-report/-/istanbul-lib-report-3.0.3.tgz 3725ms (cache miss)
4602 http fetch GET 200 https://registry.npmjs.org/exponential-backoff/-/exponential-backoff-3.1.3.tgz 3727ms (cache miss)
4603 http fetch GET 200 https://registry.npmjs.org/@types/istanbul-lib-coverage/-/istanbul-lib-coverage-2.0.6.tgz 3766ms (cache miss)
4604 http fetch GET 200 https://registry.npmjs.org/@types/istanbul-reports/-/istanbul-reports-3.0.4.tgz 3770ms (cache miss)
4605 http fetch GET 200 https://registry.npmjs.org/@types/yargs/-/yargs-17.0.35.tgz 3784ms (cache miss)
4606 http fetch GET 200 https://registry.npmjs.org/@jest/types/-/types-29.6.3.tgz 3813ms (cache miss)
4607 http fetch GET 200 https://registry.npmjs.org/node-forge/-/node-forge-1.4.0.tgz 4028ms (cache miss)
4608 http fetch GET 200 https://registry.npmjs.org/https-proxy-agent/-/https-proxy-agent-7.0.6.tgz 3921ms (cache miss)
4609 http fetch GET 200 https://registry.npmjs.org/abort-controller/-/abort-controller-3.0.0.tgz 3968ms (cache miss)
4610 http fetch GET 200 https://registry.npmjs.org/@jest/schemas/-/schemas-29.6.3.tgz 4009ms (cache miss)
4611 http fetch GET 200 https://registry.npmjs.org/merge-stream/-/merge-stream-2.0.0.tgz 4037ms (cache miss)
4612 http fetch GET 200 https://registry.npmjs.org/inline-style-prefixer/-/inline-style-prefixer-7.0.1.tgz 4096ms (cache miss)
4613 http fetch GET 200 https://registry.npmjs.org/queue/-/queue-6.0.2.tgz 4044ms (cache miss)
4614 http fetch GET 200 https://registry.npmjs.org/react-remove-scroll/-/react-remove-scroll-2.7.2.tgz 4171ms (cache miss)
4615 http fetch GET 200 https://registry.npmjs.org/jest-util/-/jest-util-29.7.0.tgz 4119ms (cache miss)
4616 http fetch GET 200 https://registry.npmjs.org/unpipe/-/unpipe-1.0.0.tgz 4128ms (cache miss)
4617 http fetch GET 200 https://registry.npmjs.org/escape-html/-/escape-html-1.0.3.tgz 4166ms (cache miss)
4618 http fetch GET 200 https://registry.npmjs.org/on-finished/-/on-finished-2.3.0.tgz 4169ms (cache miss)
4619 http fetch GET 200 https://registry.npmjs.org/statuses/-/statuses-1.5.0.tgz 4173ms (cache miss)
4620 http fetch GET 200 https://registry.npmjs.org/stackframe/-/stackframe-1.3.4.tgz 4177ms (cache miss)
4621 http fetch GET 200 https://registry.npmjs.org/parseurl/-/parseurl-1.3.3.tgz 4186ms (cache miss)
4622 http fetch GET 200 https://registry.npmjs.org/utils-merge/-/utils-merge-1.0.1.tgz 4190ms (cache miss)
4623 http fetch GET 200 https://registry.npmjs.org/encodeurl/-/encodeurl-1.0.2.tgz 4190ms (cache miss)
4624 http fetch GET 200 https://registry.npmjs.org/@react-native/dev-middleware/-/dev-middleware-0.86.0.tgz 4339ms (cache miss)
4625 http fetch GET 200 https://registry.npmjs.org/@sinclair/typebox/-/typebox-0.27.10.tgz 4385ms (cache miss)
4626 http fetch GET 200 https://registry.npmjs.org/terser/-/terser-5.48.0.tgz 4413ms (cache miss)
4627 http fetch GET 200 https://registry.npmjs.org/finalhandler/-/finalhandler-1.1.2.tgz 4410ms (cache miss)
4628 http fetch GET 200 https://registry.npmjs.org/throat/-/throat-5.0.0.tgz 4413ms (cache miss)
4629 http fetch GET 200 https://registry.npmjs.org/negotiator/-/negotiator-1.0.0.tgz 4415ms (cache miss)
4630 http fetch GET 200 https://registry.npmjs.org/serialize-error/-/serialize-error-2.1.0.tgz 4454ms (cache miss)
4631 http fetch GET 200 https://registry.npmjs.org/mime-types/-/mime-types-3.0.2.tgz 4465ms (cache miss)
4632 http fetch GET 200 https://registry.npmjs.org/@expo/metro-file-map/-/metro-file-map-57.0.0.tgz 4607ms (cache miss)
4633 http fetch GET 200 https://registry.npmjs.org/fb-dotslash/-/fb-dotslash-0.5.8.tgz 4542ms (cache miss)
4634 http fetch GET 200 https://registry.npmjs.org/@expo/prebuild-config/-/prebuild-config-57.0.4.tgz 4637ms (cache miss)
4635 http fetch GET 200 https://registry.npmjs.org/lodash.throttle/-/lodash.throttle-4.1.1.tgz 4510ms (cache miss)
4636 http fetch GET 200 https://registry.npmjs.org/error-stack-parser/-/error-stack-parser-2.1.4.tgz 4511ms (cache miss)
4637 http fetch GET 200 https://registry.npmjs.org/flow-enums-runtime/-/flow-enums-runtime-0.0.6.tgz 4519ms (cache miss)
4638 http fetch GET 200 https://registry.npmjs.org/ws/-/ws-7.5.11.tgz 4625ms (cache miss)
4639 http fetch GET 200 https://registry.npmjs.org/@react-native/community-cli-plugin/-/community-cli-plugin-0.86.0.tgz 4673ms (cache miss)
4640 http fetch GET 200 https://registry.npmjs.org/jest-worker/-/jest-worker-29.7.0.tgz 4671ms (cache miss)
4641 http fetch GET 200 https://registry.npmjs.org/source-map/-/source-map-0.5.7.tgz 4722ms (cache miss)
4642 http fetch GET 200 https://registry.npmjs.org/accepts/-/accepts-2.0.0.tgz 4726ms (cache miss)
4643 http fetch GET 200 https://registry.npmjs.org/detect-libc/-/detect-libc-2.1.2.tgz 4744ms (cache miss)
4644 http fetch GET 200 https://registry.npmjs.org/ci-info/-/ci-info-2.0.0.tgz 4761ms (cache miss)
4645 http fetch GET 200 https://registry.npmjs.org/simple-swizzle/-/simple-swizzle-0.2.4.tgz 4756ms (cache miss)
4646 http fetch GET 200 https://registry.npmjs.org/color-string/-/color-string-1.9.1.tgz 4765ms (cache miss)
4647 http fetch GET 200 https://registry.npmjs.org/dequal/-/dequal-2.0.3.tgz 4793ms (cache miss)
4648 http fetch GET 200 https://registry.npmjs.org/promise/-/promise-8.3.0.tgz 4842ms (cache miss)
4649 http fetch GET 200 https://registry.npmjs.org/connect/-/connect-3.7.0.tgz 4844ms (cache miss)
4650 http fetch GET 200 https://registry.npmjs.org/@react-native/normalize-colors/-/normalize-colors-0.86.0.tgz 4838ms (cache miss)
4651 http fetch GET 200 https://registry.npmjs.org/redent/-/redent-3.0.0.tgz 4894ms (cache miss)
4652 http fetch GET 200 https://registry.npmjs.org/@egjs/hammerjs/-/hammerjs-2.0.17.tgz 5002ms (cache miss)
4653 http fetch GET 200 https://registry.npmjs.org/@radix-ui/react-use-effect-event/-/react-use-effect-event-0.0.3.tgz 4980ms (cache miss)
4654 http fetch GET 200 https://registry.npmjs.org/@types/aria-query/-/aria-query-5.0.4.tgz 4998ms (cache miss)
4655 http fetch GET 200 https://registry.npmjs.org/hermes-estree/-/hermes-estree-0.36.0.tgz 5009ms (cache miss)
4656 http fetch GET 200 https://registry.npmjs.org/css.escape/-/css.escape-1.5.1.tgz 5034ms (cache miss)
4657 http fetch GET 200 https://registry.npmjs.org/@adobe/css-tools/-/css-tools-4.5.0.tgz 5130ms (cache miss)
4658 http fetch GET 200 https://registry.npmjs.org/lz-string/-/lz-string-1.5.0.tgz 5164ms (cache miss)
4659 http fetch GET 200 https://registry.npmjs.org/@radix-ui/react-collection/-/react-collection-1.1.11.tgz 5195ms (cache miss)
4660 http fetch GET 200 https://registry.npmjs.org/image-size/-/image-size-1.2.1.tgz 5255ms (cache miss)
4661 http fetch GET 200 https://registry.npmjs.org/whatwg-fetch/-/whatwg-fetch-3.6.20.tgz 5263ms (cache miss)
4662 http fetch GET 200 https://registry.npmjs.org/standard-navigation/-/standard-navigation-0.0.5.tgz 5332ms (cache miss)
4663 http fetch GET 200 https://registry.npmjs.org/@radix-ui/react-roving-focus/-/react-roving-focus-1.1.14.tgz 5365ms (cache miss)
4664 http fetch GET 200 https://registry.npmjs.org/@react-native/gradle-plugin/-/gradle-plugin-0.86.0.tgz 5450ms (cache miss)
4665 http fetch GET 200 https://registry.npmjs.org/@radix-ui/react-use-layout-effect/-/react-use-layout-effect-1.1.2.tgz 5385ms (cache miss)
4666 http fetch GET 200 https://registry.npmjs.org/@radix-ui/react-direction/-/react-direction-1.1.2.tgz 5388ms (cache miss)
4667 http fetch GET 200 https://registry.npmjs.org/react-devtools-core/-/react-devtools-core-6.1.5.tgz 5484ms (cache miss)
4668 http fetch GET 200 https://registry.npmjs.org/@radix-ui/react-id/-/react-id-1.1.2.tgz 5424ms (cache miss)
4669 http fetch GET 200 https://registry.npmjs.org/@radix-ui/react-presence/-/react-presence-1.1.6.tgz 5442ms (cache miss)
4670 http fetch GET 200 https://registry.npmjs.org/@radix-ui/react-context/-/react-context-1.1.4.tgz 5462ms (cache miss)
4671 http fetch GET 200 https://registry.npmjs.org/@radix-ui/react-use-callback-ref/-/react-use-callback-ref-1.1.2.tgz 5485ms (cache miss)
4672 http fetch GET 200 https://registry.npmjs.org/@radix-ui/react-use-controllable-state/-/react-use-controllable-state-1.2.3.tgz 5486ms (cache miss)
4673 http fetch GET 200 https://registry.npmjs.org/@radix-ui/react-primitive/-/react-primitive-2.1.7.tgz 5594ms (cache miss)
4674 http fetch GET 200 https://registry.npmjs.org/@radix-ui/react-compose-refs/-/react-compose-refs-1.1.3.tgz 5594ms (cache miss)
4675 http fetch GET 200 https://registry.npmjs.org/dom-accessibility-api/-/dom-accessibility-api-0.5.16.tgz 5632ms (cache miss)
4676 http fetch GET 200 https://registry.npmjs.org/shallowequal/-/shallowequal-1.1.0.tgz 5674ms (cache miss)
4677 http fetch GET 200 https://registry.npmjs.org/@radix-ui/primitive/-/primitive-1.1.4.tgz 5692ms (cache miss)
4678 http fetch GET 200 https://registry.npmjs.org/server-only/-/server-only-0.0.1.tgz 5724ms (cache miss)
4679 http fetch GET 200 https://registry.npmjs.org/react-is/-/react-is-19.2.7.tgz 5736ms (cache miss)
4680 http fetch GET 200 https://registry.npmjs.org/query-string/-/query-string-7.1.3.tgz 5773ms (cache miss)
4681 http fetch GET 200 https://registry.npmjs.org/nanoid/-/nanoid-3.3.15.tgz 5807ms (cache miss)
4682 http fetch GET 200 https://registry.npmjs.org/react-fast-compare/-/react-fast-compare-3.2.2.tgz 5819ms (cache miss)
4683 http fetch GET 200 https://registry.npmjs.org/fbjs/-/fbjs-3.0.5.tgz 5935ms (cache miss)
4684 http fetch GET 200 https://registry.npmjs.org/color/-/color-4.2.3.tgz 6020ms (cache miss)
4685 http fetch GET 200 https://registry.npmjs.org/client-only/-/client-only-0.0.1.tgz 6053ms (cache miss)
4686 http fetch GET 200 https://registry.npmjs.org/@expo-google-fonts/material-symbols/-/material-symbols-0.4.38.tgz 6110ms (cache miss)
4687 http fetch GET 200 https://registry.npmjs.org/@radix-ui/react-tabs/-/react-tabs-1.1.16.tgz 6094ms (cache miss)
4688 http fetch GET 200 https://registry.npmjs.org/@radix-ui/react-slot/-/react-slot-1.3.0.tgz 6163ms (cache miss)
4689 http fetch GET 200 https://registry.npmjs.org/@expo/metro-runtime/-/metro-runtime-57.0.3.tgz 6171ms (cache miss)
4690 http fetch GET 200 https://registry.npmjs.org/lightningcss-win32-x64-msvc/-/lightningcss-win32-x64-msvc-1.32.0.tgz 6211ms (cache miss)
4691 http fetch GET 200 https://registry.npmjs.org/@expo/schema-utils/-/schema-utils-57.0.1.tgz 6214ms (cache miss)
4692 http fetch GET 200 https://registry.npmjs.org/@react-native-masked-view/masked-view/-/masked-view-0.3.2.tgz 6249ms (cache miss)
4693 http fetch GET 200 https://registry.npmjs.org/@babel/plugin-syntax-decorators/-/plugin-syntax-decorators-7.29.7.tgz 6504ms (cache miss)
4694 http fetch GET 200 https://registry.npmjs.org/fontfaceobserver/-/fontfaceobserver-2.3.0.tgz 6514ms (cache miss)
4695 http fetch GET 200 https://registry.npmjs.org/babel-plugin-react-native-web/-/babel-plugin-react-native-web-0.21.2.tgz 6512ms (cache miss)
4696 http fetch GET 200 https://registry.npmjs.org/@babel/preset-typescript/-/preset-typescript-7.29.7.tgz 6537ms (cache miss)
4697 http fetch GET 200 https://registry.npmjs.org/@babel/plugin-transform-logical-assignment-operators/-/plugin-transform-logical-assignment-operators-7.29.7.tgz 6545ms (cache miss)
4698 http fetch GET 200 https://registry.npmjs.org/@babel/plugin-transform-react-pure-annotations/-/plugin-transform-react-pure-annotations-7.29.7.tgz 6548ms (cache miss)
4699 http fetch GET 200 https://registry.npmjs.org/@babel/plugin-transform-class-static-block/-/plugin-transform-class-static-block-7.29.7.tgz 6565ms (cache miss)
4700 http fetch GET 200 https://registry.npmjs.org/ua-parser-js/-/ua-parser-js-0.7.41.tgz 6604ms (cache miss)
4701 http fetch GET 200 https://registry.npmjs.org/commander/-/commander-7.2.0.tgz 6624ms (cache miss)
4702 http fetch GET 200 https://registry.npmjs.org/@babel/plugin-transform-parameters/-/plugin-transform-parameters-7.29.7.tgz 6623ms (cache miss)
4703 http fetch GET 200 https://registry.npmjs.org/@testing-library/dom/-/dom-10.4.1.tgz 6650ms (cache miss)
4704 http fetch GET 200 https://registry.npmjs.org/@expo/image-utils/-/image-utils-0.11.1.tgz 6751ms (cache miss)
4705 http fetch GET 200 https://registry.npmjs.org/@babel/plugin-transform-react-jsx-development/-/plugin-transform-react-jsx-development-7.29.7.tgz 6814ms (cache miss)
4706 http fetch GET 200 https://registry.npmjs.org/@babel/plugin-transform-export-namespace-from/-/plugin-transform-export-namespace-from-7.29.7.tgz 6818ms (cache miss)
4707 http fetch GET 200 https://registry.npmjs.org/babel-plugin-react-compiler/-/babel-plugin-react-compiler-1.0.0.tgz 6825ms (cache miss)
4708 http fetch GET 200 https://registry.npmjs.org/metro-transform-worker/-/metro-transform-worker-0.84.4.tgz 6838ms (cache miss)
4709 http fetch GET 200 https://registry.npmjs.org/jsc-safe-url/-/jsc-safe-url-0.2.4.tgz 6840ms (cache miss)
4710 http fetch GET 200 https://registry.npmjs.org/metro-minify-terser/-/metro-minify-terser-0.84.4.tgz 6839ms (cache miss)
4711 http fetch GET 200 https://registry.npmjs.org/@babel/plugin-proposal-decorators/-/plugin-proposal-decorators-7.29.7.tgz 6869ms (cache miss)
4712 http fetch GET 200 https://registry.npmjs.org/react-native-drawer-layout/-/react-native-drawer-layout-4.2.5.tgz 6895ms (cache miss)
4713 http fetch GET 200 https://registry.npmjs.org/@testing-library/jest-dom/-/jest-dom-6.9.1.tgz 6929ms (cache miss)
4714 http fetch GET 200 https://registry.npmjs.org/lightningcss/-/lightningcss-1.32.0.tgz 6961ms (cache miss)
4715 http fetch GET 200 https://registry.npmjs.org/metro-core/-/metro-core-0.84.4.tgz 6970ms (cache miss)
4716 http fetch GET 200 https://registry.npmjs.org/metro-cache/-/metro-cache-0.84.4.tgz 6989ms (cache miss)
4717 http fetch GET 200 https://registry.npmjs.org/metro-transform-plugins/-/metro-transform-plugins-0.84.4.tgz 7052ms (cache miss)
4718 http fetch GET 200 https://registry.npmjs.org/metro-cache-key/-/metro-cache-key-0.84.4.tgz 7073ms (cache miss)
4719 http fetch GET 200 https://registry.npmjs.org/anser/-/anser-1.4.10.tgz 7074ms (cache miss)
4720 http fetch GET 200 https://registry.npmjs.org/metro-babel-transformer/-/metro-babel-transformer-0.84.4.tgz 7076ms (cache miss)
4721 http fetch GET 200 https://registry.npmjs.org/stacktrace-parser/-/stacktrace-parser-0.1.11.tgz 7097ms (cache miss)
4722 http fetch GET 200 https://registry.npmjs.org/@expo/spawn-async/-/spawn-async-1.8.0.tgz 7150ms (cache miss)
4723 http fetch GET 200 https://registry.npmjs.org/@expo/plist/-/plist-0.8.0.tgz 7171ms (cache miss)
4724 http fetch GET 200 https://registry.npmjs.org/ignore/-/ignore-5.3.2.tgz 7180ms (cache miss)
4725 http fetch GET 200 https://registry.npmjs.org/yaml/-/yaml-2.9.0.tgz 7301ms (cache miss)
4726 http fetch GET 200 https://registry.npmjs.org/@expo/env/-/env-2.4.1.tgz 7249ms (cache miss)
4727 http fetch GET 200 https://registry.npmjs.org/metro-symbolicate/-/metro-symbolicate-0.84.4.tgz 7295ms (cache miss)
4728 http fetch GET 200 https://registry.npmjs.org/@babel/plugin-transform-object-rest-spread/-/plugin-transform-object-rest-spread-7.29.7.tgz 7349ms (cache miss)
4729 http fetch GET 200 https://registry.npmjs.org/whatwg-url-minimum/-/whatwg-url-minimum-0.1.2.tgz 7375ms (cache miss)
4730 http fetch GET 200 https://registry.npmjs.org/@expo/config-types/-/config-types-57.0.1.tgz 7396ms (cache miss)
4731 http fetch GET 200 https://registry.npmjs.org/@ungap/structured-clone/-/structured-clone-1.3.2.tgz 7410ms (cache miss)
4732 http fetch GET 200 https://registry.npmjs.org/postcss/-/postcss-8.5.16.tgz 7454ms (cache miss)
4733 http fetch GET 200 https://registry.npmjs.org/@expo/require-utils/-/require-utils-57.0.1.tgz 7471ms (cache miss)
4734 http fetch GET 200 https://registry.npmjs.org/pretty-format/-/pretty-format-29.7.0.tgz 7472ms (cache miss)
4735 http fetch GET 200 https://registry.npmjs.org/@expo/local-build-cache-provider/-/local-build-cache-provider-57.0.2.tgz 7492ms (cache miss)
4736 http fetch GET 200 https://registry.npmjs.org/expo-modules-jsi/-/expo-modules-jsi-57.0.0.tgz 7553ms (cache miss)
4737 http fetch GET 200 https://registry.npmjs.org/metro-source-map/-/metro-source-map-0.84.4.tgz 7855ms (cache miss)
4738 http fetch GET 200 https://registry.npmjs.org/lodash.debounce/-/lodash.debounce-4.0.8.tgz 7831ms (cache miss)
4739 http fetch GET 200 https://registry.npmjs.org/@expo/json-file/-/json-file-11.0.0.tgz 7903ms (cache miss)
4740 http fetch GET 200 https://registry.npmjs.org/@expo/expo-modules-macros-plugin/-/expo-modules-macros-plugin-0.3.0.tgz 7981ms (cache miss)
4741 http fetch GET 200 https://registry.npmjs.org/regenerate-unicode-properties/-/regenerate-unicode-properties-10.2.2.tgz 8171ms (cache miss)
4742 http fetch GET 200 https://registry.npmjs.org/core-js-compat/-/core-js-compat-3.49.0.tgz 8084ms (cache miss)
4743 http fetch GET 200 https://registry.npmjs.org/@babel/helper-define-polyfill-provider/-/helper-define-polyfill-provider-0.6.8.tgz 8091ms (cache miss)
4744 http fetch GET 200 https://registry.npmjs.org/aria-query/-/aria-query-5.3.0.tgz 8177ms (cache miss)
4745 http fetch GET 200 https://registry.npmjs.org/metro-resolver/-/metro-resolver-0.84.4.tgz 8168ms (cache miss)
4746 http fetch GET 200 https://registry.npmjs.org/csstype/-/csstype-3.2.3.tgz 8291ms (cache miss)
4747 http fetch GET 200 https://registry.npmjs.org/babel-plugin-polyfill-regenerator/-/babel-plugin-polyfill-regenerator-0.6.8.tgz 8363ms (cache miss)
4748 http fetch GET 200 https://registry.npmjs.org/@babel/plugin-syntax-jsx/-/plugin-syntax-jsx-7.29.7.tgz 8421ms (cache miss)
4749 http fetch GET 200 https://registry.npmjs.org/@babel/plugin-syntax-typescript/-/plugin-syntax-typescript-7.29.7.tgz 8434ms (cache miss)
4750 http fetch GET 200 https://registry.npmjs.org/@babel/plugin-syntax-flow/-/plugin-syntax-flow-7.29.7.tgz 8457ms (cache miss)
4751 http fetch GET 200 https://registry.npmjs.org/@babel/helper-skip-transparent-expression-wrappers/-/helper-skip-transparent-expression-wrappers-7.29.7.tgz 8467ms (cache miss)
4752 http fetch GET 200 https://registry.npmjs.org/babel-plugin-polyfill-corejs2/-/babel-plugin-polyfill-corejs2-0.4.17.tgz 8534ms (cache miss)
4753 http fetch GET 200 https://registry.npmjs.org/regexpu-core/-/regexpu-core-6.4.0.tgz 8563ms (cache miss)
4754 http fetch GET 200 https://registry.npmjs.org/@babel/helper-create-regexp-features-plugin/-/helper-create-regexp-features-plugin-7.29.7.tgz 8586ms (cache miss)
4755 http fetch GET 200 https://registry.npmjs.org/expo-keep-awake/-/expo-keep-awake-57.0.0.tgz 8609ms (cache miss)
4756 http fetch GET 200 https://registry.npmjs.org/@expo/config/-/config-57.0.2.tgz 8664ms (cache miss)
4757 http fetch GET 200 https://registry.npmjs.org/@babel/helper-replace-supers/-/helper-replace-supers-7.29.7.tgz 8654ms (cache miss)
4758 http fetch GET 200 https://registry.npmjs.org/@expo/devtools/-/devtools-57.0.0.tgz 8689ms (cache miss)
4759 http fetch GET 200 https://registry.npmjs.org/@babel/helper-optimise-call-expression/-/helper-optimise-call-expression-7.29.7.tgz 8682ms (cache miss)
4760 http fetch GET 200 https://registry.npmjs.org/@babel/helper-member-expression-to-functions/-/helper-member-expression-to-functions-7.29.7.tgz 8695ms (cache miss)
4761 http fetch GET 200 https://registry.npmjs.org/@babel/helper-wrap-function/-/helper-wrap-function-7.29.7.tgz 8757ms (cache miss)
4762 http fetch GET 200 https://registry.npmjs.org/@babel/helper-remap-async-to-generator/-/helper-remap-async-to-generator-7.29.7.tgz 8785ms (cache miss)
4763 http fetch GET 200 https://registry.npmjs.org/@babel/helper-annotate-as-pure/-/helper-annotate-as-pure-7.29.7.tgz 8814ms (cache miss)
4764 http fetch GET 200 https://registry.npmjs.org/react-refresh/-/react-refresh-0.14.2.tgz 8855ms (cache miss)
4765 http fetch GET 200 https://registry.npmjs.org/@react-native/babel-plugin-codegen/-/babel-plugin-codegen-0.86.0.tgz 8889ms (cache miss)
4766 http fetch GET 200 https://registry.npmjs.org/@babel/plugin-transform-unicode-regex/-/plugin-transform-unicode-regex-7.29.7.tgz 8904ms (cache miss)
4767 http fetch GET 200 https://registry.npmjs.org/babel-plugin-transform-flow-enums/-/babel-plugin-transform-flow-enums-0.0.2.tgz 8933ms (cache miss)
4768 http fetch GET 200 https://registry.npmjs.org/@babel/plugin-transform-runtime/-/plugin-transform-runtime-7.29.7.tgz 8956ms (cache miss)
4769 http fetch GET 200 https://registry.npmjs.org/babel-plugin-syntax-hermes-parser/-/babel-plugin-syntax-hermes-parser-0.36.0.tgz 8985ms (cache miss)
4770 http fetch GET 200 https://registry.npmjs.org/@babel/helper-create-class-features-plugin/-/helper-create-class-features-plugin-7.29.7.tgz 9002ms (cache miss)
4771 http fetch GET 200 https://registry.npmjs.org/@babel/plugin-transform-react-jsx-source/-/plugin-transform-react-jsx-source-7.29.7.tgz 9050ms (cache miss)
4772 http fetch GET 200 https://registry.npmjs.org/@babel/plugin-transform-typescript/-/plugin-transform-typescript-7.29.7.tgz 9140ms (cache miss)
4773 http fetch GET 200 https://registry.npmjs.org/@babel/plugin-transform-react-jsx-self/-/plugin-transform-react-jsx-self-7.29.7.tgz 9177ms (cache miss)
4774 http fetch GET 200 https://registry.npmjs.org/@babel/plugin-transform-named-capturing-groups-regex/-/plugin-transform-named-capturing-groups-regex-7.29.7.tgz 9214ms (cache miss)
4775 http fetch GET 200 https://registry.npmjs.org/@babel/plugin-transform-react-display-name/-/plugin-transform-react-display-name-7.29.7.tgz 9219ms (cache miss)
4776 http fetch GET 200 https://registry.npmjs.org/@babel/plugin-transform-private-property-in-object/-/plugin-transform-private-property-in-object-7.29.7.tgz 9224ms (cache miss)
4777 http fetch GET 200 https://registry.npmjs.org/@babel/plugin-transform-private-methods/-/plugin-transform-private-methods-7.29.7.tgz 9242ms (cache miss)
4778 http fetch GET 200 https://registry.npmjs.org/@babel/plugin-transform-for-of/-/plugin-transform-for-of-7.29.7.tgz 9254ms (cache miss)
4779 http fetch GET 200 https://registry.npmjs.org/@babel/plugin-transform-optional-chaining/-/plugin-transform-optional-chaining-7.29.7.tgz 9263ms (cache miss)
4780 http fetch GET 200 https://registry.npmjs.org/@babel/plugin-transform-optional-catch-binding/-/plugin-transform-optional-catch-binding-7.29.7.tgz 9268ms (cache miss)
4781 http fetch GET 200 https://registry.npmjs.org/@babel/plugin-transform-nullish-coalescing-operator/-/plugin-transform-nullish-coalescing-operator-7.29.7.tgz 9272ms (cache miss)
4782 http fetch GET 200 https://registry.npmjs.org/@babel/plugin-transform-react-jsx/-/plugin-transform-react-jsx-7.29.7.tgz 9290ms (cache miss)
4783 http fetch GET 200 https://registry.npmjs.org/@expo/fingerprint/-/fingerprint-0.20.2.tgz 9324ms (cache miss)
4784 http fetch GET 200 https://registry.npmjs.org/@babel/plugin-transform-regenerator/-/plugin-transform-regenerator-7.29.7.tgz 9316ms (cache miss)
4785 http fetch GET 200 https://registry.npmjs.org/yargs/-/yargs-17.7.3.tgz 9385ms (cache miss)
4786 http fetch GET 200 https://registry.npmjs.org/babel-preset-expo/-/babel-preset-expo-57.0.1.tgz 9429ms (cache miss)
4787 http fetch GET 200 https://registry.npmjs.org/@babel/plugin-transform-flow-strip-types/-/plugin-transform-flow-strip-types-7.29.7.tgz 9430ms (cache miss)
4788 http fetch GET 200 https://registry.npmjs.org/@babel/plugin-transform-class-properties/-/plugin-transform-class-properties-7.29.7.tgz 9436ms (cache miss)
4789 http fetch GET 200 https://registry.npmjs.org/@babel/plugin-transform-async-to-generator/-/plugin-transform-async-to-generator-7.29.7.tgz 9436ms (cache miss)
4790 http fetch GET 200 https://registry.npmjs.org/@babel/plugin-transform-destructuring/-/plugin-transform-destructuring-7.29.7.tgz 9488ms (cache miss)
4791 http fetch GET 200 https://registry.npmjs.org/@babel/plugin-syntax-nullish-coalescing-operator/-/plugin-syntax-nullish-coalescing-operator-7.8.3.tgz 9495ms (cache miss)
4792 http fetch GET 200 https://registry.npmjs.org/@babel/plugin-syntax-optional-chaining/-/plugin-syntax-optional-chaining-7.8.3.tgz 9501ms (cache miss)
4793 http fetch GET 200 https://registry.npmjs.org/@babel/plugin-transform-async-generator-functions/-/plugin-transform-async-generator-functions-7.29.7.tgz 9505ms (cache miss)
4794 http fetch GET 200 https://registry.npmjs.org/@babel/plugin-proposal-export-default-from/-/plugin-proposal-export-default-from-7.29.7.tgz 9507ms (cache miss)
4795 http fetch GET 200 https://registry.npmjs.org/metro-file-map/-/metro-file-map-0.84.4.tgz 9569ms (cache miss)
4796 http fetch GET 200 https://registry.npmjs.org/@babel/plugin-transform-classes/-/plugin-transform-classes-7.29.7.tgz 9554ms (cache miss)
4797 http fetch GET 200 https://registry.npmjs.org/expo-server/-/expo-server-57.0.0.tgz 9634ms (cache miss)
4798 http fetch GET 200 https://registry.npmjs.org/@expo/dom-webview/-/dom-webview-57.0.0.tgz 9630ms (cache miss)
4799 http fetch GET 200 https://registry.npmjs.org/@babel/plugin-transform-block-scoping/-/plugin-transform-block-scoping-7.29.7.tgz 9602ms (cache miss)
4800 http fetch GET 200 https://registry.npmjs.org/resolve/-/resolve-1.22.12.tgz 9657ms (cache miss)
4801 http fetch GET 200 https://registry.npmjs.org/@babel/plugin-syntax-dynamic-import/-/plugin-syntax-dynamic-import-7.8.3.tgz 9692ms (cache miss)
4802 http fetch GET 200 https://registry.npmjs.org/@babel/plugin-syntax-export-default-from/-/plugin-syntax-export-default-from-7.29.7.tgz 9713ms (cache miss)
4803 http fetch GET 200 https://registry.npmjs.org/@react-native/babel-preset/-/babel-preset-0.86.0.tgz 9740ms (cache miss)
4804 http fetch GET 200 https://registry.npmjs.org/@react-native/metro-config/-/metro-config-0.86.0.tgz 9783ms (cache miss)
4805 http fetch GET 200 https://registry.npmjs.org/@react-native/js-polyfills/-/js-polyfills-0.86.0.tgz 9800ms (cache miss)
4806 http fetch GET 200 https://registry.npmjs.org/sf-symbols-typescript/-/sf-symbols-typescript-2.2.0.tgz 9807ms (cache miss)
4807 http fetch GET 200 https://registry.npmjs.org/vaul/-/vaul-1.1.2.tgz 9826ms (cache miss)
4808 http fetch GET 200 https://registry.npmjs.org/@react-native/metro-babel-transformer/-/metro-babel-transformer-0.86.0.tgz 9842ms (cache miss)
4809 http fetch GET 200 https://registry.npmjs.org/metro-runtime/-/metro-runtime-0.84.4.tgz 10048ms (cache miss)
4810 http fetch GET 200 https://registry.npmjs.org/@expo/log-box/-/log-box-57.0.0.tgz 10136ms (cache miss)
4811 http fetch GET 200 https://registry.npmjs.org/expo-asset/-/expo-asset-57.0.3.tgz 10317ms (cache miss)
4812 http fetch GET 200 https://registry.npmjs.org/hermes-compiler/-/hermes-compiler-250829098.0.14.tgz 10639ms (cache miss)
4813 http fetch GET 200 https://registry.npmjs.org/metro-config/-/metro-config-0.84.4.tgz 10519ms (cache miss)
4814 http fetch GET 200 https://registry.npmjs.org/@expo/metro-config/-/metro-config-57.0.3.tgz 10915ms (cache miss)
4815 http fetch GET 200 https://registry.npmjs.org/@types/react/-/react-19.2.17.tgz 11094ms (cache miss)
4816 http fetch GET 200 https://registry.npmjs.org/ms/-/ms-2.0.0.tgz 11385ms (cache miss)
4817 http fetch GET 200 https://registry.npmjs.org/debug/-/debug-3.2.7.tgz 11486ms (cache miss)
4818 http fetch GET 200 https://registry.npmjs.org/react/-/react-19.2.3.tgz 11614ms (cache miss)
4819 http fetch GET 200 https://registry.npmjs.org/negotiator/-/negotiator-0.6.4.tgz 11656ms (cache miss)
4820 http fetch GET 200 https://registry.npmjs.org/debug/-/debug-2.6.9.tgz 11776ms (cache miss)
4821 http fetch GET 200 https://registry.npmjs.org/expo-status-bar/-/expo-status-bar-57.0.0.tgz 11881ms (cache miss)
4822 http fetch GET 200 https://registry.npmjs.org/statuses/-/statuses-2.0.2.tgz 11884ms (cache miss)
4823 http fetch GET 200 https://registry.npmjs.org/encodeurl/-/encodeurl-2.0.0.tgz 11888ms (cache miss)
4824 http fetch GET 200 https://registry.npmjs.org/expo-constants/-/expo-constants-57.0.3.tgz 11913ms (cache miss)
4825 http fetch GET 200 https://registry.npmjs.org/expo-glass-effect/-/expo-glass-effect-57.0.0.tgz 11915ms (cache miss)
4826 http fetch GET 200 https://registry.npmjs.org/statuses/-/statuses-2.0.2.tgz 11908ms (cache miss)
4827 http fetch GET 200 https://registry.npmjs.org/react-is/-/react-is-16.13.1.tgz 11961ms (cache miss)
4828 http fetch GET 200 https://registry.npmjs.org/encodeurl/-/encodeurl-2.0.0.tgz 11965ms (cache miss)
4829 http fetch GET 200 https://registry.npmjs.org/on-finished/-/on-finished-2.4.1.tgz 11980ms (cache miss)
4830 http fetch GET 200 https://registry.npmjs.org/react-dom/-/react-dom-19.2.3.tgz 12025ms (cache miss)
4831 http fetch GET 200 https://registry.npmjs.org/@babel/runtime/-/runtime-7.29.7.tgz 12096ms (cache miss)
4832 http fetch GET 200 https://registry.npmjs.org/ms/-/ms-2.0.0.tgz 12083ms (cache miss)
4833 http fetch GET 200 https://registry.npmjs.org/ua-parser-js/-/ua-parser-js-1.0.41.tgz 12093ms (cache miss)
4834 http fetch GET 200 https://registry.npmjs.org/debug/-/debug-2.6.9.tgz 12102ms (cache miss)
4835 http fetch GET 200 https://registry.npmjs.org/commander/-/commander-2.20.3.tgz 12129ms (cache miss)
4836 http fetch GET 200 https://registry.npmjs.org/ci-info/-/ci-info-3.9.0.tgz 12159ms (cache miss)
4837 http fetch GET 200 https://registry.npmjs.org/ms/-/ms-2.0.0.tgz 12189ms (cache miss)
4838 http fetch GET 200 https://registry.npmjs.org/ms/-/ms-2.0.0.tgz 12207ms (cache miss)
4839 http fetch GET 200 https://registry.npmjs.org/ms/-/ms-2.0.0.tgz 12206ms (cache miss)
4840 http fetch GET 200 https://registry.npmjs.org/debug/-/debug-2.6.9.tgz 12288ms (cache miss)
4841 http fetch GET 200 https://registry.npmjs.org/ansi-styles/-/ansi-styles-5.2.0.tgz 12336ms (cache miss)
4842 http fetch GET 200 https://registry.npmjs.org/source-map/-/source-map-0.6.1.tgz 12376ms (cache miss)
4843 http fetch GET 200 https://registry.npmjs.org/debug/-/debug-2.6.9.tgz 12390ms (cache miss)
4844 http fetch GET 200 https://registry.npmjs.org/expo-system-ui/-/expo-system-ui-57.0.0.tgz 12431ms (cache miss)
4845 http fetch GET 200 https://registry.npmjs.org/@react-native/codegen/-/codegen-0.86.0.tgz 12483ms (cache miss)
4846 http fetch GET 200 https://registry.npmjs.org/debug/-/debug-2.6.9.tgz 12430ms (cache miss)
4847 http fetch GET 200 https://registry.npmjs.org/expo-web-browser/-/expo-web-browser-57.0.0.tgz 12492ms (cache miss)
4848 http fetch GET 200 https://registry.npmjs.org/react-is/-/react-is-17.0.2.tgz 12494ms (cache miss)
4849 http fetch GET 200 https://registry.npmjs.org/ansi-styles/-/ansi-styles-5.2.0.tgz 12708ms (cache miss)
4850 http fetch GET 200 https://registry.npmjs.org/expo-device/-/expo-device-57.0.0.tgz 12874ms (cache miss)
4851 http fetch GET 200 https://registry.npmjs.org/react-is/-/react-is-18.3.1.tgz 12896ms (cache miss)
4852 http fetch GET 200 https://registry.npmjs.org/memoize-one/-/memoize-one-6.0.0.tgz 12898ms (cache miss)
4853 http fetch GET 200 https://registry.npmjs.org/pretty-format/-/pretty-format-27.5.1.tgz 12913ms (cache miss)
4854 http fetch GET 200 https://registry.npmjs.org/promise/-/promise-7.3.1.tgz 12937ms (cache miss)
4855 http fetch GET 200 https://registry.npmjs.org/@react-native/normalize-colors/-/normalize-colors-0.74.89.tgz 12926ms (cache miss)
4856 http fetch GET 200 https://registry.npmjs.org/negotiator/-/negotiator-0.6.3.tgz 12959ms (cache miss)
4857 http fetch GET 200 https://registry.npmjs.org/ci-info/-/ci-info-3.9.0.tgz 13078ms (cache miss)
4858 http fetch GET 200 https://registry.npmjs.org/accepts/-/accepts-1.3.8.tgz 13091ms (cache miss)
4859 http fetch GET 200 https://registry.npmjs.org/hermes-estree/-/hermes-estree-0.35.0.tgz 13124ms (cache miss)
4860 http fetch GET 200 https://registry.npmjs.org/hermes-estree/-/hermes-estree-0.35.0.tgz 13128ms (cache miss)
4861 http fetch GET 200 https://registry.npmjs.org/uuid 13339ms (cache miss)
4862 silly packumentCache corgi:https://registry.npmjs.org/uuid set size:undefined disposed:false
4863 http fetch GET 200 https://registry.npmjs.org/commander/-/commander-12.1.0.tgz 13139ms (cache miss)
4864 silly packumentCache corgi:https://registry.npmjs.org/xcode cache-miss
4865 http fetch GET 200 https://registry.npmjs.org/expo-symbols/-/expo-symbols-57.0.0.tgz 13374ms (cache miss)
4866 http fetch GET 200 https://registry.npmjs.org/ws/-/ws-8.21.0.tgz 13357ms (cache miss)
4867 http fetch GET 200 https://registry.npmjs.org/expo-linking/-/expo-linking-57.0.1.tgz 13404ms (cache miss)
4868 http fetch GET 200 https://registry.npmjs.org/@expo/ws-tunnel/-/ws-tunnel-2.0.0.tgz 13456ms (cache miss)
4869 http fetch GET 200 https://registry.npmjs.org/@expo/config-plugins/-/config-plugins-57.0.2.tgz 13638ms (cache miss)
4870 http fetch GET 200 https://registry.npmjs.org/expo-modules-autolinking/-/expo-modules-autolinking-57.0.4.tgz 13658ms (cache miss)
4871 http fetch GET 200 https://registry.npmjs.org/@testing-library/user-event/-/user-event-14.6.1.tgz 13696ms (cache miss)
4872 http fetch GET 200 https://registry.npmjs.org/dom-accessibility-api/-/dom-accessibility-api-0.6.3.tgz 13574ms (cache miss)
4873 http fetch GET 200 https://registry.npmjs.org/expo-splash-screen/-/expo-splash-screen-57.0.2.tgz 13739ms (cache miss)
4874 http fetch GET 200 https://registry.npmjs.org/babel-plugin-polyfill-corejs3/-/babel-plugin-polyfill-corejs3-0.13.0.tgz 13884ms (cache miss)
4875 http fetch GET 200 https://registry.npmjs.org/xcode 657ms (cache miss)
4876 silly packumentCache corgi:https://registry.npmjs.org/xcode set size:undefined disposed:false
4877 silly packumentCache corgi:https://registry.npmjs.org/@expo%2fconfig-plugins cache-miss
4878 http fetch GET 200 https://registry.npmjs.org/@expo%2fconfig-plugins 426ms (cache miss)
4879 silly packumentCache corgi:https://registry.npmjs.org/@expo%2fconfig-plugins set size:undefined disposed:false
4880 http fetch GET 200 https://registry.npmjs.org/expo-font/-/expo-font-57.0.0.tgz 14473ms (cache miss)
4881 silly packumentCache corgi:https://registry.npmjs.org/expo cache-miss
4882 silly packumentCache corgi:https://registry.npmjs.org/@expo%2fcli cache-miss
4883 silly packumentCache corgi:https://registry.npmjs.org/expo-splash-screen cache-miss
4884 silly packumentCache corgi:https://registry.npmjs.org/@expo%2fconfig cache-miss
4885 silly packumentCache corgi:https://registry.npmjs.org/@expo%2finline-modules cache-miss
4886 silly packumentCache corgi:https://registry.npmjs.org/@expo%2fprebuild-config cache-miss
4887 http fetch GET 200 https://registry.npmjs.org/hermes-parser/-/hermes-parser-0.36.0.tgz 14664ms (cache miss)
4888 http fetch GET 200 https://registry.npmjs.org/hermes-parser/-/hermes-parser-0.35.0.tgz 14669ms (cache miss)
4889 http fetch GET 200 https://registry.npmjs.org/hermes-parser/-/hermes-parser-0.35.0.tgz 14683ms (cache miss)
4890 http fetch GET 200 https://registry.npmjs.org/react-native-safe-area-context/-/react-native-safe-area-context-5.7.0.tgz 14733ms (cache miss)
4891 http fetch GET 200 https://registry.npmjs.org/expo-file-system/-/expo-file-system-57.0.0.tgz 14797ms (cache miss)
4892 http fetch GET 200 https://registry.npmjs.org/zod/-/zod-3.25.76.tgz 15127ms (cache miss)
4893 http fetch GET 200 https://registry.npmjs.org/@expo%2finline-modules 392ms (cache miss)
4894 silly packumentCache corgi:https://registry.npmjs.org/@expo%2finline-modules set size:undefined disposed:false
4895 http fetch GET 200 https://registry.npmjs.org/expo-splash-screen 527ms (cache miss)
4896 silly packumentCache corgi:https://registry.npmjs.org/expo-splash-screen set size:undefined disposed:false
4897 http fetch GET 200 https://registry.npmjs.org/@expo%2fprebuild-config 571ms (cache miss)
4898 silly packumentCache corgi:https://registry.npmjs.org/@expo%2fprebuild-config set size:undefined disposed:false
4899 http fetch GET 200 https://registry.npmjs.org/@expo%2fconfig 650ms (cache miss)
4900 silly packumentCache corgi:https://registry.npmjs.org/@expo%2fconfig set size:undefined disposed:false
4901 http fetch GET 200 https://registry.npmjs.org/@expo%2fcli 701ms (cache miss)
4902 silly packumentCache corgi:https://registry.npmjs.org/@expo%2fcli set size:undefined disposed:false
4903 http fetch GET 200 https://registry.npmjs.org/expo 791ms (cache miss)
4904 silly packumentCache corgi:https://registry.npmjs.org/expo set size:undefined disposed:false
4905 silly packumentCache corgi:https://registry.npmjs.org/@expo%2flocal-build-cache-provider cache-miss
4906 silly packumentCache corgi:https://registry.npmjs.org/@expo%2fmetro-config cache-miss
4907 http fetch GET 200 https://registry.npmjs.org/@expo/router-server/-/router-server-57.0.1.tgz 15867ms (cache miss)
4908 http fetch GET 200 https://registry.npmjs.org/typescript/-/typescript-6.0.3.tgz 16030ms (cache miss)
4909 http fetch GET 200 https://registry.npmjs.org/@expo%2fmetro-config 476ms (cache miss)
4910 silly packumentCache corgi:https://registry.npmjs.org/@expo%2fmetro-config set size:undefined disposed:false
4911 http fetch GET 200 https://registry.npmjs.org/@expo%2flocal-build-cache-provider 552ms (cache miss)
4912 silly packumentCache corgi:https://registry.npmjs.org/@expo%2flocal-build-cache-provider set size:undefined disposed:false
4913 silly packumentCache corgi:https://registry.npmjs.org/@expo%2fui cache-miss
4914 silly packumentCache corgi:https://registry.npmjs.org/expo-constants cache-miss
4915 silly packumentCache corgi:https://registry.npmjs.org/expo-device cache-miss
4916 silly packumentCache corgi:https://registry.npmjs.org/expo-font cache-miss
4917 silly packumentCache corgi:https://registry.npmjs.org/expo-glass-effect cache-miss
4918 silly packumentCache corgi:https://registry.npmjs.org/expo-image cache-miss
4919 silly packumentCache corgi:https://registry.npmjs.org/expo-router cache-miss
4920 silly packumentCache corgi:https://registry.npmjs.org/expo-status-bar cache-miss
4921 silly packumentCache corgi:https://registry.npmjs.org/expo-symbols cache-miss
4922 silly packumentCache corgi:https://registry.npmjs.org/expo-system-ui cache-miss
4923 silly packumentCache corgi:https://registry.npmjs.org/expo-web-browser cache-miss
4924 silly packumentCache corgi:https://registry.npmjs.org/@expo%2fdom-webview cache-miss
4925 silly packumentCache corgi:https://registry.npmjs.org/@expo%2flog-box cache-miss
4926 silly packumentCache corgi:https://registry.npmjs.org/babel-preset-expo cache-miss
4927 silly packumentCache corgi:https://registry.npmjs.org/expo-asset cache-miss
4928 silly packumentCache corgi:https://registry.npmjs.org/expo-file-system cache-miss
4929 silly packumentCache corgi:https://registry.npmjs.org/expo-keep-awake cache-miss
4930 silly packumentCache corgi:https://registry.npmjs.org/@expo%2fmetro-runtime cache-miss
4931 silly packumentCache corgi:https://registry.npmjs.org/@expo%2frouter-server cache-miss
4932 http fetch GET 200 https://registry.npmjs.org/metro/-/metro-0.84.4.tgz 16914ms (cache miss)
4933 http fetch GET 200 https://registry.npmjs.org/@expo/metro/-/metro-56.0.0.tgz 16930ms (cache miss)
4934 http fetch GET 200 https://registry.npmjs.org/expo-image 763ms (cache miss)
4935 silly packumentCache corgi:https://registry.npmjs.org/expo-image set size:undefined disposed:false
4936 http fetch GET 200 https://registry.npmjs.org/@expo%2fdom-webview 873ms (cache miss)
4937 silly packumentCache corgi:https://registry.npmjs.org/@expo%2fdom-webview set size:undefined disposed:false
4938 http fetch GET 200 https://registry.npmjs.org/expo-symbols 914ms (cache miss)
4939 silly packumentCache corgi:https://registry.npmjs.org/expo-symbols set size:undefined disposed:false
4940 http fetch GET 200 https://registry.npmjs.org/expo-status-bar 939ms (cache miss)
4941 silly packumentCache corgi:https://registry.npmjs.org/expo-status-bar set size:undefined disposed:false
4942 http fetch GET 200 https://registry.npmjs.org/expo-font 976ms (cache miss)
4943 silly packumentCache corgi:https://registry.npmjs.org/expo-font set size:undefined disposed:false
4944 http fetch GET 200 https://registry.npmjs.org/expo-system-ui 1023ms (cache miss)
4945 silly packumentCache corgi:https://registry.npmjs.org/expo-system-ui set size:undefined disposed:false
4946 http fetch GET 200 https://registry.npmjs.org/expo-constants 1064ms (cache miss)
4947 silly packumentCache corgi:https://registry.npmjs.org/expo-constants set size:undefined disposed:false
4948 http fetch GET 200 https://registry.npmjs.org/@expo%2flog-box 1099ms (cache miss)
4949 silly packumentCache corgi:https://registry.npmjs.org/@expo%2flog-box set size:undefined disposed:false
4950 http fetch GET 200 https://registry.npmjs.org/@expo%2fui 1125ms (cache miss)
4951 silly packumentCache corgi:https://registry.npmjs.org/@expo%2fui set size:undefined disposed:false
4952 http fetch GET 200 https://registry.npmjs.org/expo-file-system 1140ms (cache miss)
4953 silly packumentCache corgi:https://registry.npmjs.org/expo-file-system set size:undefined disposed:false
4954 http fetch GET 200 https://registry.npmjs.org/babel-preset-expo 1203ms (cache miss)
4955 silly packumentCache corgi:https://registry.npmjs.org/babel-preset-expo set size:undefined disposed:false
4956 http fetch GET 200 https://registry.npmjs.org/expo-device 1232ms (cache miss)
4957 silly packumentCache corgi:https://registry.npmjs.org/expo-device set size:undefined disposed:false
4958 http fetch GET 200 https://registry.npmjs.org/expo-asset 1291ms (cache miss)
4959 silly packumentCache corgi:https://registry.npmjs.org/expo-asset set size:undefined disposed:false
4960 http fetch GET 200 https://registry.npmjs.org/@expo%2frouter-server 1340ms (cache miss)
4961 silly packumentCache corgi:https://registry.npmjs.org/@expo%2frouter-server set size:undefined disposed:false
4962 http fetch GET 200 https://registry.npmjs.org/expo-web-browser 1356ms (cache miss)
4963 silly packumentCache corgi:https://registry.npmjs.org/expo-web-browser set size:undefined disposed:false
4964 http fetch GET 200 https://registry.npmjs.org/expo-keep-awake 1389ms (cache miss)
4965 silly packumentCache corgi:https://registry.npmjs.org/expo-keep-awake set size:undefined disposed:false
4966 http fetch GET 200 https://registry.npmjs.org/@expo%2fmetro-runtime 1418ms (cache miss)
4967 silly packumentCache corgi:https://registry.npmjs.org/@expo%2fmetro-runtime set size:undefined disposed:false
4968 http fetch GET 200 https://registry.npmjs.org/expo-router 1481ms (cache miss)
4969 silly packumentCache corgi:https://registry.npmjs.org/expo-router set size:undefined disposed:false
4970 http fetch GET 200 https://registry.npmjs.org/expo-glass-effect 1819ms (cache miss)
4971 silly packumentCache corgi:https://registry.npmjs.org/expo-glass-effect set size:undefined disposed:false
4972 http fetch GET 200 https://registry.npmjs.org/expo/-/expo-57.0.2.tgz 19316ms (cache miss)
4973 http fetch GET 200 https://registry.npmjs.org/react-native-worklets/-/react-native-worklets-0.10.0.tgz 19977ms (cache miss)
4974 http fetch GET 200 https://registry.npmjs.org/@react-native/debugger-frontend/-/debugger-frontend-0.86.0.tgz 23667ms (cache miss)
4975 http fetch GET 200 https://registry.npmjs.org/react-native-web/-/react-native-web-0.21.2.tgz 24524ms (cache miss)
4976 http fetch GET 200 https://registry.npmjs.org/@expo/cli/-/cli-57.0.4.tgz 25468ms (cache miss)
4977 http fetch GET 200 https://registry.npmjs.org/@expo/ui/-/ui-57.0.3.tgz 26317ms (cache miss)
4978 http fetch GET 200 https://registry.npmjs.org/react-native-gesture-handler/-/react-native-gesture-handler-2.32.0.tgz 27114ms (cache miss)
4979 http fetch GET 200 https://registry.npmjs.org/expo-modules-core/-/expo-modules-core-57.0.2.tgz 27237ms (cache miss)
4980 http fetch GET 200 https://registry.npmjs.org/expo-image/-/expo-image-57.0.0.tgz 29252ms (cache miss)
4981 http fetch GET 200 https://registry.npmjs.org/react-native-screens/-/react-native-screens-4.25.2.tgz 29632ms (cache miss)
4982 http fetch GET 200 https://registry.npmjs.org/expo-router/-/expo-router-57.0.3.tgz 31414ms (cache miss)
4983 http fetch GET 200 https://registry.npmjs.org/react-native-reanimated/-/react-native-reanimated-4.5.0.tgz 31997ms (cache miss)
4984 http fetch GET 200 https://registry.npmjs.org/react-native/-/react-native-0.86.0.tgz 45504ms (cache miss)
4985 silly ADD node_modules/clone
4986 silly ADD node_modules/defaults
4987 silly ADD node_modules/supports-hyperlinks
4988 silly ADD node_modules/ansi-escapes
4989 silly ADD node_modules/ansi-escapes/node_modules/type-fest
4990 silly ADD node_modules/mimic-fn
4991 silly ADD node_modules/signal-exit
4992 silly ADD node_modules/onetime
4993 silly ADD node_modules/sisteransi
4994 silly ADD node_modules/kleur
4995 silly ADD node_modules/restore-cursor
4996 silly ADD node_modules/wcwidth
4997 silly ADD node_modules/log-symbols
4998 silly ADD node_modules/log-symbols/node_modules/has-flag
4999 silly ADD node_modules/log-symbols/node_modules/color-name
5000 silly ADD node_modules/log-symbols/node_modules/color-convert
5001 silly ADD node_modules/log-symbols/node_modules/supports-color
5002 silly ADD node_modules/log-symbols/node_modules/escape-string-regexp
5003 silly ADD node_modules/log-symbols/node_modules/ansi-styles
5004 silly ADD node_modules/log-symbols/node_modules/chalk
5005 silly ADD node_modules/cli-spinners
5006 silly ADD node_modules/cli-cursor
5007 silly ADD node_modules/validate-npm-package-name
5008 silly ADD node_modules/proc-log
5009 silly ADD node_modules/hosted-git-info
5010 silly ADD node_modules/hosted-git-info/node_modules/lru-cache
5011 silly ADD node_modules/argparse
5012 silly ADD node_modules/vary
5013 silly ADD node_modules/safe-buffer
5014 silly ADD node_modules/on-headers
5015 silly ADD node_modules/compressible
5016 silly ADD node_modules/bytes
5017 silly ADD node_modules/js-yaml
5018 silly ADD node_modules/@expo/sudo-prompt
5019 silly ADD node_modules/zod
5020 silly ADD node_modules/toqr
5021 silly ADD node_modules/terminal-link
5022 silly ADD node_modules/structured-headers
5023 silly ADD node_modules/prompts
5024 silly ADD node_modules/progress
5025 silly ADD node_modules/ora
5026 silly ADD node_modules/ora/node_modules/has-flag
5027 silly ADD node_modules/ora/node_modules/ansi-regex
5028 silly ADD node_modules/ora/node_modules/color-name
5029 silly ADD node_modules/ora/node_modules/color-convert
5030 silly ADD node_modules/ora/node_modules/supports-color
5031 silly ADD node_modules/ora/node_modules/escape-string-regexp
5032 silly ADD node_modules/ora/node_modules/ansi-styles
5033 silly ADD node_modules/ora/node_modules/strip-ansi
5034 silly ADD node_modules/ora/node_modules/chalk
5035 silly ADD node_modules/npm-package-arg
5036 silly ADD node_modules/node-forge
5037 silly ADD node_modules/multitars
5038 silly ADD node_modules/lan-network
5039 silly ADD node_modules/fetch-nodeshim
5040 silly ADD node_modules/dnssd-advertise
5041 silly ADD node_modules/compression
5042 silly ADD node_modules/compression/node_modules/ms
5043 silly ADD node_modules/compression/node_modules/negotiator
5044 silly ADD node_modules/compression/node_modules/debug
5045 silly ADD node_modules/agent-cli-detector
5046 silly ADD node_modules/@expo/xcpretty
5047 silly ADD node_modules/@expo/prebuild-config
5048 silly ADD node_modules/@expo/package-manager
5049 silly ADD node_modules/@expo/osascript
5050 silly ADD node_modules/@expo/metro-file-map
5051 silly ADD node_modules/@expo/inline-modules
5052 silly ADD node_modules/@expo/devcert
5053 silly ADD node_modules/@expo/devcert/node_modules/debug
5054 silly ADD node_modules/@expo/code-signing-certificates
5055 silly ADD node_modules/is-fullwidth-code-point
5056 silly ADD node_modules/emoji-regex
5057 silly ADD node_modules/wrap-ansi
5058 silly ADD node_modules/strip-ansi
5059 silly ADD node_modules/yargs-parser
5060 silly ADD node_modules/y18n
5061 silly ADD node_modules/string-width
5062 silly ADD node_modules/require-directory
5063 silly ADD node_modules/get-caller-file
5064 silly ADD node_modules/cliui
5065 silly ADD node_modules/sax
5066 silly ADD node_modules/big-integer
5067 silly ADD node_modules/stream-buffers
5068 silly ADD node_modules/plist
5069 silly ADD node_modules/plist/node_modules/@xmldom/xmldom
5070 silly ADD node_modules/bplist-parser
5071 silly ADD node_modules/bplist-creator
5072 silly ADD node_modules/uuid
5073 silly ADD node_modules/simple-plist
5074 silly ADD node_modules/isexe
5075 silly ADD node_modules/webidl-conversions
5076 silly ADD node_modules/tr46
5077 silly ADD node_modules/tmpl
5078 silly ADD node_modules/makeerror
5079 silly ADD node_modules/detect-node-es
5080 silly ADD node_modules/get-nonce
5081 silly ADD node_modules/use-sidecar
5082 silly ADD node_modules/use-callback-ref
5083 silly ADD node_modules/react-style-singleton
5084 silly ADD node_modules/react-remove-scroll-bar
5085 silly ADD node_modules/tslib
5086 silly ADD node_modules/react-remove-scroll
5087 silly ADD node_modules/aria-hidden
5088 silly ADD node_modules/@radix-ui/react-portal
5089 silly ADD node_modules/@radix-ui/react-focus-scope
5090 silly ADD node_modules/@radix-ui/react-focus-guards
5091 silly ADD node_modules/@radix-ui/react-dismissable-layer
5092 silly ADD node_modules/@radix-ui/react-dialog
5093 silly ADD node_modules/escalade
5094 silly ADD node_modules/unicode-property-aliases-ecmascript
5095 silly ADD node_modules/unicode-canonical-property-names-ecmascript
5096 silly ADD node_modules/is-number
5097 silly ADD node_modules/fdir
5098 silly ADD node_modules/buffer-from
5099 silly ADD node_modules/source-map-support
5100 silly ADD node_modules/source-map-support/node_modules/source-map
5101 silly ADD node_modules/acorn
5102 silly ADD node_modules/@jridgewell/source-map
5103 silly ADD node_modules/has-flag
5104 silly ADD node_modules/min-indent
5105 silly ADD node_modules/type-fest
5106 silly ADD node_modules/is-arrayish
5107 silly ADD node_modules/shebang-regex
5108 silly ADD node_modules/toidentifier
5109 silly ADD node_modules/setprototypeof
5110 silly ADD node_modules/range-parser
5111 silly ADD node_modules/mime
5112 silly ADD node_modules/http-errors
5113 silly ADD node_modules/http-errors/node_modules/statuses
5114 silly ADD node_modules/fresh
5115 silly ADD node_modules/etag
5116 silly ADD node_modules/destroy
5117 silly ADD node_modules/depd
5118 silly ADD node_modules/send
5119 silly ADD node_modules/send/node_modules/statuses
5120 silly ADD node_modules/send/node_modules/on-finished
5121 silly ADD node_modules/send/node_modules/encodeurl
5122 silly ADD node_modules/send/node_modules/debug
5123 silly ADD node_modules/send/node_modules/debug/node_modules/ms
5124 silly ADD node_modules/function-bind
5125 silly ADD node_modules/hasown
5126 silly ADD node_modules/supports-preserve-symlinks-flag
5127 silly ADD node_modules/path-parse
5128 silly ADD node_modules/is-core-module
5129 silly ADD node_modules/es-errors
5130 silly ADD node_modules/unicode-match-property-value-ecmascript
5131 silly ADD node_modules/unicode-match-property-ecmascript
5132 silly ADD node_modules/regjsparser
5133 silly ADD node_modules/regjsgen
5134 silly ADD node_modules/regenerate-unicode-properties
5135 silly ADD node_modules/regenerate
5136 silly ADD node_modules/strip-indent
5137 silly ADD node_modules/indent-string
5138 silly ADD node_modules/@babel/plugin-transform-template-literals
5139 silly ADD node_modules/@babel/plugin-transform-shorthand-properties
5140 silly ADD node_modules/@babel/plugin-transform-arrow-functions
5141 silly ADD node_modules/whatwg-url
5142 silly ADD node_modules/hyphenate-style-name
5143 silly ADD node_modules/css-in-js-utils
5144 silly ADD node_modules/node-fetch
5145 silly ADD node_modules/setimmediate
5146 silly ADD node_modules/object-assign
5147 silly ADD node_modules/fbjs-css-vars
5148 silly ADD node_modules/cross-fetch
5149 silly ADD node_modules/styleq
5150 silly ADD node_modules/postcss-value-parser
5151 silly ADD node_modules/inline-style-prefixer
5152 silly ADD node_modules/fbjs
5153 silly ADD node_modules/fbjs/node_modules/ua-parser-js
5154 silly ADD node_modules/fbjs/node_modules/promise
5155 silly ADD node_modules/warn-once
5156 silly ADD node_modules/react-freeze
5157 silly ADD node_modules/react-native-is-edge-to-edge
5158 silly ADD node_modules/@types/hammerjs
5159 silly ADD node_modules/hoist-non-react-statics
5160 silly ADD node_modules/hoist-non-react-statics/node_modules/react-is
5161 silly ADD node_modules/@types/react-test-renderer
5162 silly ADD node_modules/@egjs/hammerjs
5163 silly ADD node_modules/use-latest-callback
5164 silly ADD node_modules/shell-quote
5165 silly ADD node_modules/asap
5166 silly ADD node_modules/marky
5167 silly ADD node_modules/is-docker
5168 silly ADD node_modules/mkdirp
5169 silly ADD node_modules/lighthouse-logger
5170 silly ADD node_modules/lighthouse-logger/node_modules/ms
5171 silly ADD node_modules/lighthouse-logger/node_modules/debug
5172 silly ADD node_modules/is-wsl
5173 silly ADD node_modules/event-target-shim
5174 silly ADD node_modules/fb-dotslash
5175 silly ADD node_modules/serve-static
5176 silly ADD node_modules/serve-static/node_modules/encodeurl
5177 silly ADD node_modules/open
5178 silly ADD node_modules/chromium-edge-launcher
5179 silly ADD node_modules/chrome-launcher
5180 silly ADD node_modules/@react-native/debugger-shell
5181 silly ADD node_modules/@react-native/debugger-frontend
5182 silly ADD node_modules/@isaacs/ttlcache
5183 silly ADD node_modules/@react-native/dev-middleware
5184 silly ADD node_modules/regenerator-runtime
5185 silly ADD node_modules/react-devtools-core
5186 silly ADD node_modules/promise
5187 silly ADD node_modules/memoize-one
5188 silly ADD node_modules/hermes-compiler
5189 silly ADD node_modules/ansi-regex
5190 silly ADD node_modules/abort-controller
5191 silly ADD node_modules/@react-native/virtualized-lists
5192 silly ADD node_modules/@react-native/gradle-plugin
5193 silly ADD node_modules/@react-native/community-cli-plugin
5194 silly ADD node_modules/@react-native/assets-registry
5195 silly ADD node_modules/scheduler
5196 silly ADD node_modules/inherits
5197 silly ADD node_modules/strict-uri-encode
5198 silly ADD node_modules/split-on-first
5199 silly ADD node_modules/filter-obj
5200 silly ADD node_modules/decode-uri-component
5201 silly ADD node_modules/source-map-js
5202 silly ADD node_modules/pngjs
5203 silly ADD node_modules/ee-first
5204 silly ADD node_modules/balanced-match
5205 silly ADD node_modules/brace-expansion
5206 silly ADD node_modules/mime-db
5207 silly ADD node_modules/to-regex-range
5208 silly ADD node_modules/fill-range
5209 silly ADD node_modules/braces
5210 silly ADD node_modules/vlq
5211 silly ADD node_modules/ob1
5212 silly ADD node_modules/terser
5213 silly ADD node_modules/terser/node_modules/commander
5214 silly ADD node_modules/node-int64
5215 silly ADD node_modules/bser
5216 silly ADD node_modules/walker
5217 silly ADD node_modules/micromatch
5218 silly ADD node_modules/micromatch/node_modules/picomatch
5219 silly ADD node_modules/fb-watchman
5220 silly ADD node_modules/leven
5221 silly ADD node_modules/jest-get-type
5222 silly ADD node_modules/camelcase
5223 silly ADD node_modules/yaml
5224 silly ADD node_modules/jest-validate
5225 silly ADD node_modules/agent-base
5226 silly ADD node_modules/https-proxy-agent
5227 silly ADD node_modules/exponential-backoff
5228 silly ADD node_modules/@types/yargs-parser
5229 silly ADD node_modules/@types/istanbul-lib-report
5230 silly ADD node_modules/@sinclair/typebox
5231 silly ADD node_modules/@types/yargs
5232 silly ADD node_modules/@types/istanbul-reports
5233 silly ADD node_modules/@types/istanbul-lib-coverage
5234 silly ADD node_modules/@jest/schemas
5235 silly ADD node_modules/@jest/types
5236 silly ADD node_modules/undici-types
5237 silly ADD node_modules/merge-stream
5238 silly ADD node_modules/jest-util
5239 silly ADD node_modules/jest-util/node_modules/picomatch
5240 silly ADD node_modules/jest-util/node_modules/ci-info
5241 silly ADD node_modules/@types/node
5242 silly ADD node_modules/queue
5243 silly ADD node_modules/unpipe
5244 silly ADD node_modules/statuses
5245 silly ADD node_modules/on-finished
5246 silly ADD node_modules/escape-html
5247 silly ADD node_modules/encodeurl
5248 silly ADD node_modules/stackframe
5249 silly ADD node_modules/utils-merge
5250 silly ADD node_modules/parseurl
5251 silly ADD node_modules/finalhandler
5252 silly ADD node_modules/finalhandler/node_modules/ms
5253 silly ADD node_modules/finalhandler/node_modules/debug
5254 silly ADD node_modules/negotiator
5255 silly ADD node_modules/ws
5256 silly ADD node_modules/throat
5257 silly ADD node_modules/source-map
5258 silly ADD node_modules/serialize-error
5259 silly ADD node_modules/mime-types
5260 silly ADD node_modules/lodash.throttle
5261 silly ADD node_modules/jest-worker
5262 silly ADD node_modules/jest-worker/node_modules/supports-color
5263 silly ADD node_modules/image-size
5264 silly ADD node_modules/graceful-fs
5265 silly ADD node_modules/flow-enums-runtime
5266 silly ADD node_modules/error-stack-parser
5267 silly ADD node_modules/connect
5268 silly ADD node_modules/connect/node_modules/ms
5269 silly ADD node_modules/connect/node_modules/debug
5270 silly ADD node_modules/ci-info
5271 silly ADD node_modules/accepts
5272 silly ADD node_modules/yallist
5273 silly ADD node_modules/lightningcss-win32-x64-msvc
5274 silly ADD node_modules/detect-libc
5275 silly ADD node_modules/loose-envify
5276 silly ADD node_modules/hermes-estree
5277 silly ADD node_modules/path-scurry
5278 silly ADD node_modules/path-scurry/node_modules/lru-cache
5279 silly ADD node_modules/minipass
5280 silly ADD node_modules/@react-native/normalize-colors
5281 silly ADD node_modules/@expo-google-fonts/material-symbols
5282 silly ADD node_modules/simple-swizzle
5283 silly ADD node_modules/color-string
5284 silly ADD node_modules/dequal
5285 silly ADD node_modules/redent
5286 silly ADD node_modules/css.escape
5287 silly ADD node_modules/@adobe/css-tools
5288 silly ADD node_modules/lz-string
5289 silly ADD node_modules/dom-accessibility-api
5290 silly ADD node_modules/aria-query
5291 silly ADD node_modules/@types/aria-query
5292 silly ADD node_modules/@radix-ui/react-use-effect-event
5293 silly ADD node_modules/@radix-ui/react-use-callback-ref
5294 silly ADD node_modules/@radix-ui/react-collection
5295 silly ADD node_modules/@radix-ui/react-use-layout-effect
5296 silly ADD node_modules/@radix-ui/react-use-controllable-state
5297 silly ADD node_modules/@radix-ui/react-roving-focus
5298 silly ADD node_modules/@radix-ui/react-primitive
5299 silly ADD node_modules/@radix-ui/react-presence
5300 silly ADD node_modules/@radix-ui/react-id
5301 silly ADD node_modules/@radix-ui/react-direction
5302 silly ADD node_modules/@radix-ui/react-context
5303 silly ADD node_modules/@radix-ui/primitive
5304 silly ADD node_modules/@radix-ui/react-compose-refs
5305 silly ADD node_modules/whatwg-fetch
5306 silly ADD node_modules/standard-navigation
5307 silly ADD node_modules/shallowequal
5308 silly ADD node_modules/server-only
5309 silly ADD node_modules/react-native-drawer-layout
5310 silly ADD node_modules/react-is
5311 silly ADD node_modules/react-fast-compare
5312 silly ADD node_modules/query-string
5313 silly ADD node_modules/nanoid
5314 silly ADD node_modules/fast-deep-equal
5315 silly ADD node_modules/expo-server
5316 silly ADD node_modules/escape-string-regexp
5317 silly ADD node_modules/color
5318 silly ADD node_modules/client-only
5319 silly ADD node_modules/@testing-library/dom
5320 silly ADD node_modules/@testing-library/dom/node_modules/react-is
5321 silly ADD node_modules/@testing-library/dom/node_modules/ansi-styles
5322 silly ADD node_modules/@testing-library/dom/node_modules/pretty-format
5323 silly ADD node_modules/@testing-library/user-event
5324 silly ADD node_modules/@testing-library/jest-dom
5325 silly ADD node_modules/@testing-library/jest-dom/node_modules/dom-accessibility-api
5326 silly ADD node_modules/@react-native-masked-view/masked-view
5327 silly ADD node_modules/@radix-ui/react-tabs
5328 silly ADD node_modules/@radix-ui/react-slot
5329 silly ADD node_modules/@expo/schema-utils
5330 silly ADD node_modules/@expo/metro-runtime
5331 silly ADD node_modules/expo-modules-jsi
5332 silly ADD node_modules/@expo/expo-modules-macros-plugin
5333 silly ADD node_modules/commander
5334 silly ADD node_modules/fontfaceobserver
5335 silly ADD node_modules/ua-parser-js
5336 silly ADD node_modules/parse-png
5337 silly ADD node_modules/jimp-compact
5338 silly ADD node_modules/@expo/image-utils
5339 silly ADD node_modules/which
5340 silly ADD node_modules/shebang-command
5341 silly ADD node_modules/path-key
5342 silly ADD node_modules/color-name
5343 silly ADD node_modules/color-convert
5344 silly ADD node_modules/supports-color
5345 silly ADD node_modules/ansi-styles
5346 silly ADD node_modules/@babel/plugin-syntax-decorators
5347 silly ADD node_modules/babel-plugin-react-native-web
5348 silly ADD node_modules/babel-plugin-react-compiler
5349 silly ADD node_modules/@babel/preset-typescript
5350 silly ADD node_modules/@babel/plugin-transform-react-pure-annotations
5351 silly ADD node_modules/@babel/plugin-transform-react-jsx-development
5352 silly ADD node_modules/@babel/plugin-transform-parameters
5353 silly ADD node_modules/@babel/plugin-transform-object-rest-spread
5354 silly ADD node_modules/@babel/plugin-transform-logical-assignment-operators
5355 silly ADD node_modules/@babel/plugin-transform-export-namespace-from
5356 silly ADD node_modules/@babel/plugin-transform-class-static-block
5357 silly ADD node_modules/@babel/plugin-proposal-decorators
5358 silly ADD node_modules/cross-spawn
5359 silly ADD node_modules/xmlbuilder
5360 silly ADD node_modules/base64-js
5361 silly ADD node_modules/@xmldom/xmldom
5362 silly ADD node_modules/postcss
5363 silly ADD node_modules/picomatch
5364 silly ADD node_modules/lightningcss
5365 silly ADD node_modules/jsc-safe-url
5366 silly ADD node_modules/metro-transform-worker
5367 silly ADD node_modules/metro-transform-plugins
5368 silly ADD node_modules/metro-symbolicate
5369 silly ADD node_modules/metro-source-map
5370 silly ADD node_modules/metro-resolver
5371 silly ADD node_modules/metro-minify-terser
5372 silly ADD node_modules/metro-file-map
5373 silly ADD node_modules/metro-core
5374 silly ADD node_modules/metro-cache-key
5375 silly ADD node_modules/metro-cache
5376 silly ADD node_modules/metro-babel-transformer
5377 silly ADD node_modules/metro-babel-transformer/node_modules/hermes-estree
5378 silly ADD node_modules/metro-babel-transformer/node_modules/hermes-parser
5379 silly ADD node_modules/metro
5380 silly ADD node_modules/metro/node_modules/hermes-estree
5381 silly ADD node_modules/metro/node_modules/hermes-parser
5382 silly ADD node_modules/stacktrace-parser
5383 silly ADD node_modules/anser
5384 silly ADD node_modules/resolve-from
5385 silly ADD node_modules/minimatch
5386 silly ADD node_modules/ignore
5387 silly ADD node_modules/arg
5388 silly ADD node_modules/@expo/spawn-async
5389 silly ADD node_modules/@expo/env
5390 silly ADD node_modules/xml2js
5391 silly ADD node_modules/xml2js/node_modules/xmlbuilder
5392 silly ADD node_modules/xcode
5393 silly ADD node_modules/chalk
5394 silly ADD node_modules/@expo/sdk-runtime-versions
5395 silly ADD node_modules/@expo/plist
5396 silly ADD node_modules/slugify
5397 silly ADD node_modules/resolve-workspace-root
5398 silly ADD node_modules/glob
5399 silly ADD node_modules/getenv
5400 silly ADD node_modules/deepmerge
5401 silly ADD node_modules/@expo/require-utils
5402 silly ADD node_modules/@expo/json-file
5403 silly ADD node_modules/@expo/config-types
5404 silly ADD node_modules/whatwg-url-minimum
5405 silly ADD node_modules/pretty-format
5406 silly ADD node_modules/pretty-format/node_modules/react-is
5407 silly ADD node_modules/pretty-format/node_modules/ansi-styles
5408 silly ADD node_modules/expo-modules-core
5409 silly ADD node_modules/expo-modules-autolinking
5410 silly ADD node_modules/expo-keep-awake
5411 silly ADD node_modules/expo-file-system
5412 silly ADD node_modules/expo-asset
5413 silly ADD node_modules/babel-preset-expo
5414 silly ADD node_modules/@ungap/structured-clone
5415 silly ADD node_modules/@expo/metro-config
5416 silly ADD node_modules/@expo/metro
5417 silly ADD node_modules/@expo/log-box
5418 silly ADD node_modules/@expo/local-build-cache-provider
5419 silly ADD node_modules/@expo/fingerprint
5420 silly ADD node_modules/@expo/dom-webview
5421 silly ADD node_modules/@expo/devtools
5422 silly ADD node_modules/@expo/config-plugins
5423 silly ADD node_modules/@expo/config
5424 silly ADD node_modules/@babel/runtime
5425 silly ADD node_modules/ms
5426 silly ADD node_modules/update-browserslist-db
5427 silly ADD node_modules/node-releases
5428 silly ADD node_modules/electron-to-chromium
5429 silly ADD node_modules/caniuse-lite
5430 silly ADD node_modules/baseline-browser-mapping
5431 silly ADD node_modules/core-js-compat
5432 silly ADD node_modules/resolve
5433 silly ADD node_modules/lodash.debounce
5434 silly ADD node_modules/@babel/helper-define-polyfill-provider
5435 silly ADD node_modules/csstype
5436 silly ADD node_modules/yargs
5437 silly ADD node_modules/tinyglobby
5438 silly ADD node_modules/invariant
5439 silly ADD node_modules/@react-native/codegen
5440 silly ADD node_modules/@jridgewell/resolve-uri
5441 silly ADD node_modules/@jridgewell/sourcemap-codec
5442 silly ADD node_modules/@babel/helper-string-parser
5443 silly ADD node_modules/@babel/plugin-syntax-typescript
5444 silly ADD node_modules/babel-plugin-polyfill-regenerator
5445 silly ADD node_modules/babel-plugin-polyfill-corejs3
5446 silly ADD node_modules/babel-plugin-polyfill-corejs2
5447 silly ADD node_modules/babel-plugin-polyfill-corejs2/node_modules/semver
5448 silly ADD node_modules/@babel/plugin-syntax-jsx
5449 silly ADD node_modules/regexpu-core
5450 silly ADD node_modules/@babel/helper-create-regexp-features-plugin
5451 silly ADD node_modules/@babel/helper-create-regexp-features-plugin/node_modules/semver
5452 silly ADD node_modules/@babel/plugin-syntax-flow
5453 silly ADD node_modules/@babel/helper-globals
5454 silly ADD node_modules/@babel/helper-skip-transparent-expression-wrappers
5455 silly ADD node_modules/@babel/helper-replace-supers
5456 silly ADD node_modules/@babel/helper-optimise-call-expression
5457 silly ADD node_modules/@babel/helper-member-expression-to-functions
5458 silly ADD node_modules/@babel/helper-create-class-features-plugin
5459 silly ADD node_modules/@babel/helper-create-class-features-plugin/node_modules/semver
5460 silly ADD node_modules/@babel/helper-wrap-function
5461 silly ADD node_modules/@babel/helper-annotate-as-pure
5462 silly ADD node_modules/@babel/helper-remap-async-to-generator
5463 silly ADD node_modules/@babel/helper-plugin-utils
5464 silly ADD node_modules/@babel/helper-module-imports
5465 silly ADD node_modules/lru-cache
5466 silly ADD node_modules/browserslist
5467 silly ADD node_modules/@babel/helper-validator-option
5468 silly ADD node_modules/@babel/compat-data
5469 silly ADD node_modules/jsesc
5470 silly ADD node_modules/@jridgewell/trace-mapping
5471 silly ADD node_modules/@jridgewell/gen-mapping
5472 silly ADD node_modules/picocolors
5473 silly ADD node_modules/js-tokens
5474 silly ADD node_modules/@babel/helper-validator-identifier
5475 silly ADD node_modules/debug
5476 silly ADD node_modules/@jridgewell/remapping
5477 silly ADD node_modules/@babel/types
5478 silly ADD node_modules/@babel/traverse
5479 silly ADD node_modules/@babel/template
5480 silly ADD node_modules/@babel/parser
5481 silly ADD node_modules/@babel/helpers
5482 silly ADD node_modules/@babel/helper-module-transforms
5483 silly ADD node_modules/@babel/helper-compilation-targets
5484 silly ADD node_modules/@babel/helper-compilation-targets/node_modules/semver
5485 silly ADD node_modules/@babel/generator
5486 silly ADD node_modules/@babel/code-frame
5487 silly ADD node_modules/react-refresh
5488 silly ADD node_modules/babel-plugin-transform-flow-enums
5489 silly ADD node_modules/babel-plugin-syntax-hermes-parser
5490 silly ADD node_modules/@react-native/babel-plugin-codegen
5491 silly ADD node_modules/@babel/plugin-transform-unicode-regex
5492 silly ADD node_modules/@babel/plugin-transform-typescript
5493 silly ADD node_modules/@babel/plugin-transform-runtime
5494 silly ADD node_modules/@babel/plugin-transform-runtime/node_modules/semver
5495 silly ADD node_modules/@babel/plugin-transform-regenerator
5496 silly ADD node_modules/@babel/plugin-transform-react-jsx-source
5497 silly ADD node_modules/@babel/plugin-transform-react-jsx-self
5498 silly ADD node_modules/@babel/plugin-transform-react-jsx
5499 silly ADD node_modules/@babel/plugin-transform-react-display-name
5500 silly ADD node_modules/@babel/plugin-transform-private-property-in-object
5501 silly ADD node_modules/@babel/plugin-transform-private-methods
5502 silly ADD node_modules/@babel/plugin-transform-optional-chaining
5503 silly ADD node_modules/@babel/plugin-transform-optional-catch-binding
5504 silly ADD node_modules/@babel/plugin-transform-nullish-coalescing-operator
5505 silly ADD node_modules/@babel/plugin-transform-named-capturing-groups-regex
5506 silly ADD node_modules/@babel/plugin-transform-modules-commonjs
5507 silly ADD node_modules/@babel/plugin-transform-for-of
5508 silly ADD node_modules/@babel/plugin-transform-flow-strip-types
5509 silly ADD node_modules/@babel/plugin-transform-destructuring
5510 silly ADD node_modules/@babel/plugin-transform-classes
5511 silly ADD node_modules/@babel/plugin-transform-class-properties
5512 silly ADD node_modules/@babel/plugin-transform-block-scoping
5513 silly ADD node_modules/@babel/plugin-transform-async-to-generator
5514 silly ADD node_modules/@babel/plugin-transform-async-generator-functions
5515 silly ADD node_modules/@babel/plugin-syntax-optional-chaining
5516 silly ADD node_modules/@babel/plugin-syntax-nullish-coalescing-operator
5517 silly ADD node_modules/@babel/plugin-syntax-export-default-from
5518 silly ADD node_modules/@babel/plugin-syntax-dynamic-import
5519 silly ADD node_modules/@babel/core
5520 silly ADD node_modules/@babel/core/node_modules/semver
5521 silly ADD node_modules/@babel/plugin-proposal-export-default-from
5522 silly ADD node_modules/nullthrows
5523 silly ADD node_modules/hermes-parser
5524 silly ADD node_modules/@react-native/babel-preset
5525 silly ADD node_modules/metro-runtime
5526 silly ADD node_modules/metro-config
5527 silly ADD node_modules/@react-native/metro-babel-transformer
5528 silly ADD node_modules/@react-native/js-polyfills
5529 silly ADD node_modules/vaul
5530 silly ADD node_modules/sf-symbols-typescript
5531 silly ADD node_modules/semver
5532 silly ADD node_modules/json5
5533 silly ADD node_modules/gensync
5534 silly ADD node_modules/convert-source-map
5535 silly ADD node_modules/typescript
5536 silly ADD node_modules/react-native-web
5537 silly ADD node_modules/react-native-web/node_modules/memoize-one
5538 silly ADD node_modules/react-native-web/node_modules/@react-native/normalize-colors
5539 silly ADD node_modules/react-native-screens
5540 silly ADD node_modules/@react-native/metro-config
5541 silly ADD node_modules/react-native-worklets
5542 silly ADD node_modules/react-native-reanimated
5543 silly ADD node_modules/react-native-gesture-handler
5544 silly ADD node_modules/react-dom
5545 silly ADD node_modules/expo-web-browser
5546 silly ADD node_modules/expo-system-ui
5547 silly ADD node_modules/expo-symbols
5548 silly ADD node_modules/expo-status-bar
5549 silly ADD node_modules/expo-splash-screen
5550 silly ADD node_modules/react-native-safe-area-context
5551 silly ADD node_modules/expo-router
5552 silly ADD node_modules/expo-linking
5553 silly ADD node_modules/expo-image
5554 silly ADD node_modules/expo-glass-effect
5555 silly ADD node_modules/expo-font
5556 silly ADD node_modules/expo-device
5557 silly ADD node_modules/expo-constants
5558 silly ADD node_modules/@types/react
5559 silly ADD node_modules/react-native
5560 silly ADD node_modules/react-native/node_modules/commander
5561 silly ADD node_modules/react
5562 silly ADD node_modules/expo
5563 silly ADD node_modules/expo/node_modules/mime-db
5564 silly ADD node_modules/expo/node_modules/negotiator
5565 silly ADD node_modules/expo/node_modules/mime-types
5566 silly ADD node_modules/expo/node_modules/ci-info
5567 silly ADD node_modules/expo/node_modules/accepts
5568 silly ADD node_modules/expo/node_modules/ws
5569 silly ADD node_modules/expo/node_modules/@expo/ws-tunnel
5570 silly ADD node_modules/expo/node_modules/@expo/cli
5571 silly ADD node_modules/expo/node_modules/@expo/cli/node_modules/@expo/router-server
5572 silly ADD node_modules/@expo/ui
5573 verbose cwd C:\Users\24062\Downloads\agentdiary\client
5574 verbose os Windows_NT 10.0.26200
5575 verbose node v24.18.0
5576 verbose npm  v11.16.0
5577 verbose exit 0
5578 info ok
