0 verbose cli C:\Users\24062\Downloads\agentdiary\utils\node\node.exe C:\Users\24062\Downloads\agentdiary\utils\node\node_modules\npm\bin\npm-cli.js
1 info using npm@11.16.0
2 info using node@v24.18.0
3 silly config load:file:C:\Users\24062\Downloads\agentdiary\utils\node\node_modules\npm\npmrc
4 silly config load:file:C:\Users\24062\Downloads\agentdiary\client\.npmrc
5 silly config load:file:C:\Users\24062\.npmrc
6 silly config load:file:C:\Users\24062\Downloads\agentdiary\utils\npm-global\etc\npmrc
7 verbose title npm install
8 verbose argv "install"
9 verbose logfile logs-max:10 dir:C:\Users\24062\Downloads\agentdiary\utils\npm-cache\_logs\2026-07-03T19_42_11_988Z-
10 verbose logfile C:\Users\24062\Downloads\agentdiary\utils\npm-cache\_logs\2026-07-03T19_42_11_988Z-debug-0.log
11 silly logfile done cleaning log files
12 silly packumentCache heap:4496293888 maxSize:1124073472 maxEntrySize:562036736
13 silly idealTree buildDeps
14 silly fetch manifest @expo/vector-icons@^15.0.3
15 silly packumentCache full:https://registry.npmjs.org/@expo%2fvector-icons cache-miss
16 http fetch GET 200 https://registry.npmjs.org/@expo%2fvector-icons 9361ms (cache miss)
17 silly packumentCache full:https://registry.npmjs.org/@expo%2fvector-icons set size:undefined disposed:false
18 silly fetch manifest expo-font@~14.0.11
19 silly packumentCache full:https://registry.npmjs.org/expo-font cache-miss
20 http fetch GET 200 https://registry.npmjs.org/expo-font 146ms (cache revalidated)
21 silly packumentCache full:https://registry.npmjs.org/expo-font set size:960966 disposed:false
22 silly fetch manifest expo@~54.0.34
23 silly packumentCache full:https://registry.npmjs.org/expo cache-miss
24 http fetch GET 200 https://registry.npmjs.org/expo 153ms (cache revalidated)
25 silly packumentCache full:https://registry.npmjs.org/expo set size:3896460 disposed:false
26 silly fetch manifest @expo/dom-webview@*
27 silly packumentCache full:https://registry.npmjs.org/@expo%2fdom-webview cache-miss
28 http fetch GET 200 https://registry.npmjs.org/@expo%2fdom-webview 779ms (cache revalidated)
29 silly packumentCache full:https://registry.npmjs.org/@expo%2fdom-webview set size:428836 disposed:false
30 silly fetch manifest react@19.1.0
31 silly packumentCache full:https://registry.npmjs.org/react cache-miss
32 http fetch GET 200 https://registry.npmjs.org/react 162ms (cache revalidated)
33 silly packumentCache full:https://registry.npmjs.org/react set size:6765208 disposed:false
34 silly fetch manifest react-native@0.81.5
35 silly packumentCache full:https://registry.npmjs.org/react-native cache-miss
36 http fetch GET 200 https://registry.npmjs.org/react-native 190ms (cache revalidated)
37 silly packumentCache full:https://registry.npmjs.org/react-native set size:15431683 disposed:false
38 silly fetch manifest @types/react@~19.1.0
39 silly packumentCache full:https://registry.npmjs.org/@types%2freact cache-miss
40 http fetch GET 200 https://registry.npmjs.org/@types%2freact 188ms (cache revalidated)
41 silly packumentCache full:https://registry.npmjs.org/@types%2freact set size:2632776 disposed:false
42 silly fetch manifest @expo/metro-runtime@*
43 silly packumentCache full:https://registry.npmjs.org/@expo%2fmetro-runtime cache-miss
44 http fetch GET 200 https://registry.npmjs.org/@expo%2fmetro-runtime 158ms (cache revalidated)
45 silly packumentCache full:https://registry.npmjs.org/@expo%2fmetro-runtime set size:744665 disposed:false
46 silly fetch manifest react-dom@19.1.0
47 silly packumentCache full:https://registry.npmjs.org/react-dom cache-miss
48 http fetch GET 200 https://registry.npmjs.org/react-dom 173ms (cache revalidated)
49 silly packumentCache full:https://registry.npmjs.org/react-dom set size:9055010 disposed:false
50 silly fetch manifest react-native-webview@*
51 silly packumentCache full:https://registry.npmjs.org/react-native-webview cache-miss
52 http fetch GET 200 https://registry.npmjs.org/react-native-webview 179ms (cache revalidated)
53 silly packumentCache full:https://registry.npmjs.org/react-native-webview set size:1374173 disposed:false
54 silly fetch manifest @react-navigation/bottom-tabs@^7.4.0
55 silly packumentCache full:https://registry.npmjs.org/@react-navigation%2fbottom-tabs cache-miss
56 http fetch GET 200 https://registry.npmjs.org/@react-navigation%2fbottom-tabs 964ms (cache miss)
57 silly packumentCache full:https://registry.npmjs.org/@react-navigation%2fbottom-tabs set size:undefined disposed:false
58 silly fetch manifest @react-navigation/native@^7.1.8
59 silly packumentCache full:https://registry.npmjs.org/@react-navigation%2fnative cache-miss
60 http fetch GET 200 https://registry.npmjs.org/@react-navigation%2fnative 553ms (cache miss)
61 silly packumentCache full:https://registry.npmjs.org/@react-navigation%2fnative set size:undefined disposed:false
62 silly fetch manifest react-native-safe-area-context@~5.6.0
63 silly packumentCache full:https://registry.npmjs.org/react-native-safe-area-context cache-miss
64 http fetch GET 200 https://registry.npmjs.org/react-native-safe-area-context 308ms (cache revalidated)
65 silly packumentCache full:https://registry.npmjs.org/react-native-safe-area-context set size:667318 disposed:false
66 silly fetch manifest react-native-screens@~4.16.0
67 silly packumentCache full:https://registry.npmjs.org/react-native-screens cache-miss
68 http fetch GET 200 https://registry.npmjs.org/react-native-screens 314ms (cache revalidated)
69 silly packumentCache full:https://registry.npmjs.org/react-native-screens set size:4162894 disposed:false
70 silly fetch manifest @react-navigation/elements@^2.6.3
71 silly packumentCache full:https://registry.npmjs.org/@react-navigation%2felements cache-miss
72 http fetch GET 200 https://registry.npmjs.org/@react-navigation%2felements 524ms (cache miss)
73 silly packumentCache full:https://registry.npmjs.org/@react-navigation%2felements set size:undefined disposed:false
74 silly fetch manifest @react-native-masked-view/masked-view@>= 0.2.0
75 silly packumentCache full:https://registry.npmjs.org/@react-native-masked-view%2fmasked-view cache-miss
76 http fetch GET 200 https://registry.npmjs.org/@react-native-masked-view%2fmasked-view 737ms (cache revalidated)
77 silly packumentCache full:https://registry.npmjs.org/@react-native-masked-view%2fmasked-view set size:42980 disposed:false
78 silly fetch manifest expo-constants@~18.0.13
79 silly packumentCache full:https://registry.npmjs.org/expo-constants cache-miss
80 http fetch GET 200 https://registry.npmjs.org/expo-constants 135ms (cache revalidated)
81 silly packumentCache full:https://registry.npmjs.org/expo-constants set size:1122660 disposed:false
82 silly fetch manifest expo-haptics@~15.0.8
83 silly packumentCache full:https://registry.npmjs.org/expo-haptics cache-miss
84 http fetch GET 200 https://registry.npmjs.org/expo-haptics 339ms (cache miss)
85 silly packumentCache full:https://registry.npmjs.org/expo-haptics set size:undefined disposed:false
86 silly fetch manifest expo-image@~3.0.11
87 silly packumentCache full:https://registry.npmjs.org/expo-image cache-miss
88 http fetch GET 200 https://registry.npmjs.org/expo-image 297ms (cache revalidated)
89 silly packumentCache full:https://registry.npmjs.org/expo-image set size:908127 disposed:false
90 silly fetch manifest react-native-web@~0.21.0
91 silly packumentCache full:https://registry.npmjs.org/react-native-web cache-miss
92 http fetch GET 200 https://registry.npmjs.org/react-native-web 162ms (cache revalidated)
93 silly packumentCache full:https://registry.npmjs.org/react-native-web set size:1090416 disposed:false
94 silly fetch manifest expo-linking@~8.0.12
95 silly packumentCache full:https://registry.npmjs.org/expo-linking cache-miss
96 http fetch GET 200 https://registry.npmjs.org/expo-linking 299ms (cache revalidated)
97 silly packumentCache full:https://registry.npmjs.org/expo-linking set size:824161 disposed:false
98 silly fetch manifest expo-router@~6.0.23
99 silly packumentCache full:https://registry.npmjs.org/expo-router cache-miss
100 http fetch GET 200 https://registry.npmjs.org/expo-router 305ms (cache revalidated)
101 silly packumentCache full:https://registry.npmjs.org/expo-router set size:1973016 disposed:false
102 silly fetch manifest @react-navigation/drawer@^7.5.0
103 silly packumentCache full:https://registry.npmjs.org/@react-navigation%2fdrawer cache-miss
104 http fetch GET 200 https://registry.npmjs.org/@react-navigation%2fdrawer 792ms (cache miss)
105 silly packumentCache full:https://registry.npmjs.org/@react-navigation%2fdrawer set size:undefined disposed:false
106 silly fetch manifest react-native-gesture-handler@~2.28.0
107 silly packumentCache full:https://registry.npmjs.org/react-native-gesture-handler cache-miss
108 http fetch GET 200 https://registry.npmjs.org/react-native-gesture-handler 294ms (cache revalidated)
109 silly packumentCache full:https://registry.npmjs.org/react-native-gesture-handler set size:1172620 disposed:false
110 silly fetch manifest react-native-reanimated@~4.1.1
111 silly packumentCache full:https://registry.npmjs.org/react-native-reanimated cache-miss
112 http fetch GET 200 https://registry.npmjs.org/react-native-reanimated 316ms (cache revalidated)
113 silly packumentCache full:https://registry.npmjs.org/react-native-reanimated set size:11050607 disposed:false
114 silly fetch manifest react-native-worklets@0.5.1
115 silly packumentCache full:https://registry.npmjs.org/react-native-worklets cache-miss
116 http fetch GET 200 https://registry.npmjs.org/react-native-worklets 338ms (cache revalidated)
117 silly packumentCache full:https://registry.npmjs.org/react-native-worklets set size:2849351 disposed:false
118 silly fetch manifest @babel/core@^7.0.0-0
119 silly packumentCache full:https://registry.npmjs.org/@babel%2fcore cache-miss
120 http fetch GET 200 https://registry.npmjs.org/@babel%2fcore 174ms (cache revalidated)
121 silly packumentCache full:https://registry.npmjs.org/@babel%2fcore set size:788258 disposed:false
122 silly fetch manifest @testing-library/react-native@>= 12.0.0
123 silly packumentCache full:https://registry.npmjs.org/@testing-library%2freact-native cache-miss
124 http fetch GET 200 https://registry.npmjs.org/@testing-library%2freact-native 747ms (cache revalidated)
125 silly packumentCache full:https://registry.npmjs.org/@testing-library%2freact-native set size:628758 disposed:false
126 silly fetch manifest jest@>=29.0.0
127 silly packumentCache full:https://registry.npmjs.org/jest cache-miss
128 http fetch GET 200 https://registry.npmjs.org/jest 292ms (cache revalidated)
129 silly packumentCache full:https://registry.npmjs.org/jest set size:862623 disposed:false
130 silly fetch manifest node-notifier@^8.0.1 || ^9.0.0 || ^10.0.0
131 silly packumentCache full:https://registry.npmjs.org/node-notifier cache-miss
132 http fetch GET 200 https://registry.npmjs.org/node-notifier 136ms (cache revalidated)
133 silly packumentCache full:https://registry.npmjs.org/node-notifier set size:171519 disposed:false
134 silly fetch manifest test-renderer@^1.0.0
135 silly packumentCache full:https://registry.npmjs.org/test-renderer cache-miss
136 http fetch GET 200 https://registry.npmjs.org/test-renderer 313ms (cache revalidated)
137 silly packumentCache full:https://registry.npmjs.org/test-renderer set size:44693 disposed:false
138 silly fetch manifest react-server-dom-webpack@~19.0.4 || ~19.1.5 || ~19.2.4
139 silly packumentCache full:https://registry.npmjs.org/react-server-dom-webpack cache-miss
140 http fetch GET 200 https://registry.npmjs.org/react-server-dom-webpack 325ms (cache revalidated)
141 silly packumentCache full:https://registry.npmjs.org/react-server-dom-webpack set size:7373198 disposed:false
142 silly fetch manifest react@^19.2.7
143 silly packumentCache full:https://registry.npmjs.org/react cache-miss
144 http cache https://registry.npmjs.org/react 60ms (cache hit)
145 silly packumentCache full:https://registry.npmjs.org/react set size:6765208 disposed:false
146 silly fetch manifest react-dom@^19.2.7
147 silly packumentCache full:https://registry.npmjs.org/react-dom cache-miss
148 http cache https://registry.npmjs.org/react-dom 53ms (cache hit)
149 silly packumentCache full:https://registry.npmjs.org/react-dom set size:9055010 disposed:false
150 silly fetch manifest webpack@^5.59.0
151 silly packumentCache full:https://registry.npmjs.org/webpack cache-miss
152 http fetch GET 200 https://registry.npmjs.org/webpack 323ms (cache revalidated)
153 silly packumentCache full:https://registry.npmjs.org/webpack set size:5079403 disposed:false
154 silly fetch manifest expo-splash-screen@~31.0.13
155 silly packumentCache full:https://registry.npmjs.org/expo-splash-screen cache-miss
156 http fetch GET 200 https://registry.npmjs.org/expo-splash-screen 147ms (cache revalidated)
157 silly packumentCache full:https://registry.npmjs.org/expo-splash-screen set size:1081627 disposed:false
158 silly fetch manifest expo-status-bar@~3.0.9
159 silly packumentCache full:https://registry.npmjs.org/expo-status-bar cache-miss
160 http fetch GET 200 https://registry.npmjs.org/expo-status-bar 143ms (cache revalidated)
161 silly packumentCache full:https://registry.npmjs.org/expo-status-bar set size:734536 disposed:false
162 silly fetch manifest expo-symbols@~1.0.8
163 silly packumentCache full:https://registry.npmjs.org/expo-symbols cache-miss
164 http fetch GET 200 https://registry.npmjs.org/expo-symbols 136ms (cache revalidated)
165 silly packumentCache full:https://registry.npmjs.org/expo-symbols set size:592866 disposed:false
166 silly fetch manifest expo-system-ui@~6.0.9
167 silly packumentCache full:https://registry.npmjs.org/expo-system-ui cache-miss
168 http fetch GET 200 https://registry.npmjs.org/expo-system-ui 133ms (cache revalidated)
169 silly packumentCache full:https://registry.npmjs.org/expo-system-ui set size:762190 disposed:false
170 silly fetch manifest expo-web-browser@~15.0.11
171 silly packumentCache full:https://registry.npmjs.org/expo-web-browser cache-miss
172 http fetch GET 200 https://registry.npmjs.org/expo-web-browser 138ms (cache revalidated)
173 silly packumentCache full:https://registry.npmjs.org/expo-web-browser set size:868389 disposed:false
174 silly fetch manifest typescript@~5.9.2
175 silly packumentCache full:https://registry.npmjs.org/typescript cache-miss
176 http fetch GET 200 https://registry.npmjs.org/typescript 217ms (cache revalidated)
177 silly packumentCache full:https://registry.npmjs.org/typescript set size:15410956 disposed:false
178 silly fetch manifest eslint@^9.25.0
179 silly packumentCache full:https://registry.npmjs.org/eslint cache-miss
180 http fetch GET 200 https://registry.npmjs.org/eslint 206ms (cache miss)
181 silly packumentCache full:https://registry.npmjs.org/eslint set size:undefined disposed:false
182 silly fetch manifest jiti@*
183 silly packumentCache full:https://registry.npmjs.org/jiti cache-miss
184 http fetch GET 200 https://registry.npmjs.org/jiti 275ms (cache miss)
185 silly packumentCache full:https://registry.npmjs.org/jiti set size:undefined disposed:false
186 silly fetch manifest eslint-config-expo@~10.0.0
187 silly packumentCache full:https://registry.npmjs.org/eslint-config-expo cache-miss
188 http fetch GET 200 https://registry.npmjs.org/eslint-config-expo 383ms (cache miss)
189 silly packumentCache full:https://registry.npmjs.org/eslint-config-expo set size:undefined disposed:false
190 silly placeDep ROOT @expo/vector-icons@15.1.1 OK for: client@1.0.0 want: ^15.0.3
191 silly placeDep ROOT react@19.1.0 OK for: @expo/vector-icons@15.1.1 want: *
192 silly placeDep ROOT expo-font@14.0.12 OK for: @expo/vector-icons@15.1.1 want: >=14.0.4
193 silly placeDep ROOT expo@54.0.35 OK for: expo-font@14.0.12 want: *
194 silly placeDep ROOT react-native@0.81.5 OK for: expo@54.0.35 want: *
195 silly placeDep ROOT @react-navigation/bottom-tabs@7.18.7 OK for: client@1.0.0 want: ^7.4.0
196 silly placeDep ROOT @react-navigation/native@7.3.7 OK for: @react-navigation/bottom-tabs@7.18.7 want: ^7.3.7
197 silly placeDep ROOT react-native-safe-area-context@5.6.2 OK for: @react-navigation/bottom-tabs@7.18.7 want: >= 4.0.0
198 silly placeDep ROOT react-native-screens@4.16.0 OK for: @react-navigation/bottom-tabs@7.18.7 want: >= 4.0.0
199 silly placeDep ROOT @react-navigation/elements@2.9.29 OK for: client@1.0.0 want: ^2.6.3
200 silly placeDep ROOT @types/react@19.1.17 OK for: client@1.0.0 want: ~19.1.0
201 silly placeDep ROOT eslint@9.39.4 OK for: client@1.0.0 want: ^9.25.0
202 silly placeDep ROOT eslint-config-expo@10.0.0 OK for: client@1.0.0 want: ~10.0.0
203 silly placeDep ROOT expo-constants@18.0.13 OK for: client@1.0.0 want: ~18.0.13
204 silly placeDep ROOT expo-haptics@15.0.8 OK for: client@1.0.0 want: ~15.0.8
205 silly placeDep ROOT expo-image@3.0.11 OK for: client@1.0.0 want: ~3.0.11
206 silly placeDep ROOT expo-linking@8.0.12 OK for: client@1.0.0 want: ~8.0.12
207 silly placeDep ROOT expo-router@6.0.24 OK for: client@1.0.0 want: ~6.0.23
208 silly placeDep ROOT expo-splash-screen@31.0.13 OK for: client@1.0.0 want: ~31.0.13
209 silly placeDep ROOT expo-status-bar@3.0.9 OK for: client@1.0.0 want: ~3.0.9
210 silly placeDep ROOT expo-symbols@1.0.8 OK for: client@1.0.0 want: ~1.0.8
211 silly placeDep ROOT expo-system-ui@6.0.9 OK for: client@1.0.0 want: ~6.0.9
212 silly placeDep ROOT expo-web-browser@15.0.11 OK for: client@1.0.0 want: ~15.0.11
213 silly placeDep ROOT react-dom@19.1.0 OK for: client@1.0.0 want: 19.1.0
214 silly placeDep ROOT react-native-gesture-handler@2.28.0 OK for: client@1.0.0 want: ~2.28.0
215 silly placeDep ROOT react-native-reanimated@4.1.7 OK for: client@1.0.0 want: ~4.1.1
216 silly placeDep ROOT react-native-worklets@0.5.1 OK for: react-native-reanimated@4.1.7 want: 0.5 - 0.8
217 silly placeDep ROOT @babel/core@7.29.7 OK for: react-native-worklets@0.5.1 want: ^7.0.0-0
218 silly placeDep ROOT react-native-web@0.21.2 OK for: client@1.0.0 want: ~0.21.0
219 silly placeDep ROOT typescript@5.9.3 OK for: client@1.0.0 want: ~5.9.2
220 silly fetch manifest fontfaceobserver@^2.1.0
221 silly packumentCache full:https://registry.npmjs.org/fontfaceobserver cache-miss
222 silly fetch manifest @expo/cli@54.0.25
223 silly packumentCache full:https://registry.npmjs.org/@expo%2fcli cache-miss
224 silly fetch manifest expo-asset@~12.0.13
225 silly packumentCache full:https://registry.npmjs.org/expo-asset cache-miss
226 silly fetch manifest @expo/metro@~54.2.0
227 silly packumentCache full:https://registry.npmjs.org/@expo%2fmetro cache-miss
228 silly fetch manifest @expo/config@~12.0.13
229 silly packumentCache full:https://registry.npmjs.org/@expo%2fconfig cache-miss
230 silly fetch manifest pretty-format@^29.7.0
231 silly packumentCache full:https://registry.npmjs.org/pretty-format cache-miss
232 silly fetch manifest react-refresh@^0.14.2
233 silly packumentCache full:https://registry.npmjs.org/react-refresh cache-miss
234 silly fetch manifest @babel/runtime@^7.20.0
235 silly packumentCache full:https://registry.npmjs.org/@babel%2fruntime cache-miss
236 silly fetch manifest @expo/devtools@0.1.8
237 silly packumentCache full:https://registry.npmjs.org/@expo%2fdevtools cache-miss
238 silly fetch manifest expo-keep-awake@~15.0.8
239 silly packumentCache full:https://registry.npmjs.org/expo-keep-awake cache-miss
240 silly fetch manifest expo-file-system@~19.0.23
241 silly packumentCache full:https://registry.npmjs.org/expo-file-system cache-miss
242 silly fetch manifest @expo/fingerprint@0.15.5
243 silly packumentCache full:https://registry.npmjs.org/@expo%2ffingerprint cache-miss
244 silly fetch manifest babel-preset-expo@~54.0.11
245 silly packumentCache full:https://registry.npmjs.org/babel-preset-expo cache-miss
246 silly fetch manifest expo-modules-core@3.0.30
247 silly packumentCache full:https://registry.npmjs.org/expo-modules-core cache-miss
248 silly fetch manifest @expo/metro-config@54.0.16
249 silly packumentCache full:https://registry.npmjs.org/@expo%2fmetro-config cache-miss
250 silly fetch manifest @expo/config-plugins@~54.0.4
251 silly packumentCache full:https://registry.npmjs.org/@expo%2fconfig-plugins cache-miss
252 silly fetch manifest @ungap/structured-clone@^1.3.0
253 silly packumentCache full:https://registry.npmjs.org/@ungap%2fstructured-clone cache-miss
254 silly fetch manifest expo-modules-autolinking@3.0.26
255 silly packumentCache full:https://registry.npmjs.org/expo-modules-autolinking cache-miss
256 silly fetch manifest whatwg-url-without-unicode@8.0.0-3
257 silly packumentCache full:https://registry.npmjs.org/whatwg-url-without-unicode cache-miss
258 http fetch GET 200 https://registry.npmjs.org/whatwg-url-without-unicode 302ms (cache miss)
259 silly packumentCache full:https://registry.npmjs.org/whatwg-url-without-unicode set size:undefined disposed:false
260 silly fetch manifest ws@^6.2.3
261 silly packumentCache full:https://registry.npmjs.org/ws cache-miss
262 http fetch GET 200 https://registry.npmjs.org/@expo%2fconfig-plugins 1016ms (cache revalidated)
263 silly packumentCache full:https://registry.npmjs.org/@expo%2fconfig-plugins set size:1271243 disposed:false
264 silly fetch manifest glob@^7.1.1
265 silly packumentCache full:https://registry.npmjs.org/glob cache-miss
266 http fetch GET 200 https://registry.npmjs.org/@ungap%2fstructured-clone 1153ms (cache revalidated)
267 silly packumentCache full:https://registry.npmjs.org/@ungap%2fstructured-clone set size:61548 disposed:false
268 silly fetch manifest anser@^1.4.9
269 silly packumentCache full:https://registry.npmjs.org/anser cache-miss
270 http fetch GET 200 https://registry.npmjs.org/expo-modules-core 1446ms (cache revalidated)
271 silly packumentCache full:https://registry.npmjs.org/expo-modules-core set size:1372871 disposed:false
272 silly fetch manifest yargs@^17.6.2
273 silly packumentCache full:https://registry.npmjs.org/yargs cache-miss
274 http fetch GET 200 https://registry.npmjs.org/expo-modules-autolinking 1580ms (cache revalidated)
275 silly packumentCache full:https://registry.npmjs.org/expo-modules-autolinking set size:1030815 disposed:false
276 silly fetch manifest semver@^7.1.3
277 silly packumentCache full:https://registry.npmjs.org/semver cache-miss
278 http fetch GET 200 https://registry.npmjs.org/ws 1387ms (cache revalidated)
279 silly packumentCache full:https://registry.npmjs.org/ws set size:427106 disposed:false
280 silly fetch manifest promise@^8.3.0
281 silly packumentCache full:https://registry.npmjs.org/promise cache-miss
282 http fetch GET 200 https://registry.npmjs.org/glob 801ms (cache revalidated)
283 silly packumentCache full:https://registry.npmjs.org/glob set size:469465 disposed:false
284 silly fetch manifest base64-js@^1.5.1
285 silly packumentCache full:https://registry.npmjs.org/base64-js cache-miss
286 http fetch GET 200 https://registry.npmjs.org/anser 968ms (cache revalidated)
287 silly packumentCache full:https://registry.npmjs.org/anser set size:109321 disposed:false
288 silly fetch manifest commander@^12.0.0
289 silly packumentCache full:https://registry.npmjs.org/commander cache-miss
290 http fetch GET 200 https://registry.npmjs.org/yargs 817ms (cache revalidated)
291 silly packumentCache full:https://registry.npmjs.org/yargs set size:751093 disposed:false
292 silly fetch manifest invariant@^2.2.4
293 silly packumentCache full:https://registry.npmjs.org/invariant cache-miss
294 http fetch GET 200 https://registry.npmjs.org/semver 801ms (cache revalidated)
295 silly packumentCache full:https://registry.npmjs.org/semver set size:246125 disposed:false
296 silly fetch manifest scheduler@0.26.0
297 silly packumentCache full:https://registry.npmjs.org/scheduler cache-miss
298 http fetch GET 200 https://registry.npmjs.org/promise 941ms (cache revalidated)
299 silly packumentCache full:https://registry.npmjs.org/promise set size:112704 disposed:false
300 silly fetch manifest ansi-regex@^5.0.0
301 silly packumentCache full:https://registry.npmjs.org/ansi-regex cache-miss
302 http fetch GET 200 https://registry.npmjs.org/base64-js 923ms (cache revalidated)
303 silly packumentCache full:https://registry.npmjs.org/base64-js set size:41270 disposed:false
304 silly fetch manifest babel-jest@^29.7.0
305 silly packumentCache full:https://registry.npmjs.org/babel-jest cache-miss
306 http fetch GET 200 https://registry.npmjs.org/commander 752ms (cache revalidated)
307 silly packumentCache full:https://registry.npmjs.org/commander set size:353115 disposed:false
308 silly fetch manifest nullthrows@^1.1.1
309 silly packumentCache full:https://registry.npmjs.org/nullthrows cache-miss
310 http fetch GET 200 https://registry.npmjs.org/invariant 716ms (cache revalidated)
311 silly packumentCache full:https://registry.npmjs.org/invariant set size:22008 disposed:false
312 silly fetch manifest memoize-one@^5.0.0
313 silly packumentCache full:https://registry.npmjs.org/memoize-one cache-miss
314 http fetch GET 200 https://registry.npmjs.org/scheduler 742ms (cache revalidated)
315 silly packumentCache full:https://registry.npmjs.org/scheduler set size:5592600 disposed:false
316 silly fetch manifest whatwg-fetch@^3.0.0
317 silly packumentCache full:https://registry.npmjs.org/whatwg-fetch cache-miss
318 http fetch GET 200 https://registry.npmjs.org/ansi-regex 588ms (cache revalidated)
319 silly packumentCache full:https://registry.npmjs.org/ansi-regex set size:43572 disposed:false
320 silly fetch manifest metro-runtime@^0.83.1
321 silly packumentCache full:https://registry.npmjs.org/metro-runtime cache-miss
322 http fetch GET 200 https://registry.npmjs.org/babel-jest 646ms (cache miss)
323 silly packumentCache full:https://registry.npmjs.org/babel-jest set size:undefined disposed:false
324 silly fetch manifest pretty-format@^29.7.0
325 silly packumentCache full:https://registry.npmjs.org/pretty-format cache-miss
326 http fetch GET 200 https://registry.npmjs.org/nullthrows 799ms (cache revalidated)
327 silly packumentCache full:https://registry.npmjs.org/nullthrows set size:14885 disposed:false
328 silly fetch manifest react-refresh@^0.14.0
329 silly packumentCache full:https://registry.npmjs.org/react-refresh cache-miss
330 http fetch GET 200 https://registry.npmjs.org/memoize-one 801ms (cache revalidated)
331 silly packumentCache full:https://registry.npmjs.org/memoize-one set size:217155 disposed:false
332 silly fetch manifest abort-controller@^3.0.0
333 silly packumentCache full:https://registry.npmjs.org/abort-controller cache-miss
334 http fetch GET 200 https://registry.npmjs.org/whatwg-fetch 721ms (cache revalidated)
335 silly packumentCache full:https://registry.npmjs.org/whatwg-fetch set size:120970 disposed:false
336 silly fetch manifest metro-source-map@^0.83.1
337 silly packumentCache full:https://registry.npmjs.org/metro-source-map cache-miss
338 http fetch GET 200 https://registry.npmjs.org/metro-runtime 958ms (cache revalidated)
339 silly packumentCache full:https://registry.npmjs.org/metro-runtime set size:219529 disposed:false
340 silly fetch manifest stacktrace-parser@^0.1.10
341 silly packumentCache full:https://registry.npmjs.org/stacktrace-parser cache-miss
342 http fetch GET 200 https://registry.npmjs.org/pretty-format 899ms (cache revalidated)
343 silly packumentCache full:https://registry.npmjs.org/pretty-format set size:598313 disposed:false
344 silly fetch manifest flow-enums-runtime@^0.0.6
345 silly packumentCache full:https://registry.npmjs.org/flow-enums-runtime cache-miss
346 http fetch GET 200 https://registry.npmjs.org/react-refresh 758ms (cache revalidated)
347 silly packumentCache full:https://registry.npmjs.org/react-refresh set size:6429975 disposed:false
348 silly fetch manifest react-devtools-core@^6.1.5
349 silly packumentCache full:https://registry.npmjs.org/react-devtools-core cache-miss
350 http fetch GET 200 https://registry.npmjs.org/abort-controller 737ms (cache revalidated)
351 silly packumentCache full:https://registry.npmjs.org/abort-controller set size:47272 disposed:false
352 silly fetch manifest regenerator-runtime@^0.13.2
353 silly packumentCache full:https://registry.npmjs.org/regenerator-runtime cache-miss
354 http fetch GET 200 https://registry.npmjs.org/metro-source-map 745ms (cache revalidated)
355 silly packumentCache full:https://registry.npmjs.org/metro-source-map set size:427102 disposed:false
356 silly fetch manifest @react-native/codegen@0.81.5
357 silly packumentCache full:https://registry.npmjs.org/@react-native%2fcodegen cache-miss
358 http fetch GET 200 https://registry.npmjs.org/stacktrace-parser 750ms (cache revalidated)
359 silly packumentCache full:https://registry.npmjs.org/stacktrace-parser set size:31168 disposed:false
360 silly fetch manifest jest-environment-node@^29.7.0
361 silly packumentCache full:https://registry.npmjs.org/jest-environment-node cache-miss
362 http fetch GET 200 https://registry.npmjs.org/flow-enums-runtime 909ms (cache revalidated)
363 silly packumentCache full:https://registry.npmjs.org/flow-enums-runtime set size:20749 disposed:false
364 silly fetch manifest @react-native/js-polyfills@0.81.5
365 silly packumentCache full:https://registry.npmjs.org/@react-native%2fjs-polyfills cache-miss
366 http fetch GET 200 https://registry.npmjs.org/react-devtools-core 871ms (cache revalidated)
367 silly packumentCache full:https://registry.npmjs.org/react-devtools-core set size:459848 disposed:false
368 silly fetch manifest @react-native/gradle-plugin@0.81.5
369 silly packumentCache full:https://registry.npmjs.org/@react-native%2fgradle-plugin cache-miss
370 http fetch GET 200 https://registry.npmjs.org/regenerator-runtime 939ms (cache revalidated)
371 silly packumentCache full:https://registry.npmjs.org/regenerator-runtime set size:59671 disposed:false
372 silly fetch manifest @react-native/assets-registry@0.81.5
373 silly packumentCache full:https://registry.npmjs.org/@react-native%2fassets-registry cache-miss
374 http fetch GET 200 https://registry.npmjs.org/@react-native%2fcodegen 1596ms (cache revalidated)
375 silly packumentCache full:https://registry.npmjs.org/@react-native%2fcodegen set size:2923910 disposed:false
376 silly fetch manifest @react-native/normalize-colors@0.81.5
377 silly packumentCache full:https://registry.npmjs.org/@react-native%2fnormalize-colors cache-miss
378 http fetch GET 200 https://registry.npmjs.org/jest-environment-node 1650ms (cache miss)
379 silly packumentCache full:https://registry.npmjs.org/jest-environment-node set size:undefined disposed:false
380 silly fetch manifest @jest/create-cache-key-function@^29.7.0
381 silly packumentCache full:https://registry.npmjs.org/@jest%2fcreate-cache-key-function cache-miss
382 http fetch GET 200 https://registry.npmjs.org/@react-native%2fjs-polyfills 1937ms (cache revalidated)
383 silly packumentCache full:https://registry.npmjs.org/@react-native%2fjs-polyfills set size:1921346 disposed:false
384 silly fetch manifest @react-native/virtualized-lists@0.81.5
385 silly packumentCache full:https://registry.npmjs.org/@react-native%2fvirtualized-lists cache-miss
386 http fetch GET 200 https://registry.npmjs.org/@react-native%2fgradle-plugin 2492ms (cache revalidated)
387 silly packumentCache full:https://registry.npmjs.org/@react-native%2fgradle-plugin set size:2074755 disposed:false
388 silly fetch manifest babel-plugin-syntax-hermes-parser@0.29.1
389 silly packumentCache full:https://registry.npmjs.org/babel-plugin-syntax-hermes-parser cache-miss
390 http fetch GET 200 https://registry.npmjs.org/@react-native%2fassets-registry 2917ms (cache revalidated)
391 silly packumentCache full:https://registry.npmjs.org/@react-native%2fassets-registry set size:1928373 disposed:false
392 silly fetch manifest @react-native/community-cli-plugin@0.81.5
393 silly packumentCache full:https://registry.npmjs.org/@react-native%2fcommunity-cli-plugin cache-miss
394 http fetch GET 200 https://registry.npmjs.org/react-refresh 8606ms (cache revalidated)
395 silly packumentCache full:https://registry.npmjs.org/react-refresh set size:6429975 disposed:false
396 silly fetch manifest @react-navigation/elements@^2.9.29
397 silly packumentCache full:https://registry.npmjs.org/@react-navigation%2felements cache-miss
398 http fetch GET 200 https://registry.npmjs.org/@babel%2fruntime 8687ms (cache revalidated)
399 silly packumentCache full:https://registry.npmjs.org/@babel%2fruntime set size:3471810 disposed:false
400 silly fetch manifest color@^4.2.3
401 silly packumentCache full:https://registry.npmjs.org/color cache-miss
402 http fetch GET 200 https://registry.npmjs.org/pretty-format 8719ms (cache revalidated)
403 silly packumentCache full:https://registry.npmjs.org/pretty-format set size:598313 disposed:false
404 silly packumentCache full:https://registry.npmjs.org/pretty-format dispose
405 silly fetch manifest sf-symbols-typescript@^2.1.0
406 silly packumentCache full:https://registry.npmjs.org/sf-symbols-typescript cache-miss
407 http fetch GET 200 https://registry.npmjs.org/babel-preset-expo 8728ms (cache revalidated)
408 silly packumentCache full:https://registry.npmjs.org/babel-preset-expo set size:1296582 disposed:false
409 silly fetch manifest warn-once@^0.1.0
410 silly packumentCache full:https://registry.npmjs.org/warn-once cache-miss
411 http cache https://registry.npmjs.org/@react-navigation%2felements 91ms (cache hit)
412 silly packumentCache full:https://registry.npmjs.org/@react-navigation%2felements set size:715045 disposed:false
413 silly fetch manifest react-freeze@^1.0.0
414 silly packumentCache full:https://registry.npmjs.org/react-freeze cache-miss
415 http fetch GET 200 https://registry.npmjs.org/expo-file-system 8768ms (cache revalidated)
416 silly packumentCache full:https://registry.npmjs.org/expo-file-system set size:1127039 disposed:false
417 silly fetch manifest react-native-is-edge-to-edge@^1.2.1
418 silly packumentCache full:https://registry.npmjs.org/react-native-is-edge-to-edge cache-miss
419 http fetch GET 200 https://registry.npmjs.org/expo-asset 8800ms (cache revalidated)
420 silly packumentCache full:https://registry.npmjs.org/expo-asset set size:1093175 disposed:false
421 silly fetch manifest @react-navigation/core@^7.21.5
422 silly packumentCache full:https://registry.npmjs.org/@react-navigation%2fcore cache-miss
423 http fetch GET 200 https://registry.npmjs.org/expo-keep-awake 8819ms (cache revalidated)
424 silly packumentCache full:https://registry.npmjs.org/expo-keep-awake set size:765295 disposed:false
425 silly fetch manifest escape-string-regexp@^4.0.0
426 silly packumentCache full:https://registry.npmjs.org/escape-string-regexp cache-miss
427 http fetch GET 200 https://registry.npmjs.org/fontfaceobserver 8838ms (cache revalidated)
428 silly packumentCache full:https://registry.npmjs.org/fontfaceobserver set size:113480 disposed:false
429 silly fetch manifest fast-deep-equal@^3.1.3
430 silly packumentCache full:https://registry.npmjs.org/fast-deep-equal cache-miss
431 http fetch GET 200 https://registry.npmjs.org/@expo%2fmetro-config 8848ms (cache revalidated)
432 silly packumentCache full:https://registry.npmjs.org/@expo%2fmetro-config set size:1600275 disposed:false
433 silly fetch manifest nanoid@^3.3.11
434 silly packumentCache full:https://registry.npmjs.org/nanoid cache-miss
435 http fetch GET 200 https://registry.npmjs.org/@jest%2fcreate-cache-key-function 2262ms (cache miss)
436 silly packumentCache full:https://registry.npmjs.org/@jest%2fcreate-cache-key-function set size:undefined disposed:false
437 silly fetch manifest standard-navigation@^0.0.7
438 silly packumentCache full:https://registry.npmjs.org/standard-navigation cache-miss
439 http fetch GET 200 https://registry.npmjs.org/color 182ms (cache revalidated)
440 silly packumentCache full:https://registry.npmjs.org/color set size:98234 disposed:false
441 silly fetch manifest use-latest-callback@^0.2.4
442 silly packumentCache full:https://registry.npmjs.org/use-latest-callback cache-miss
443 http fetch GET 200 https://registry.npmjs.org/react-freeze 187ms (cache revalidated)
444 silly packumentCache full:https://registry.npmjs.org/react-freeze set size:30186 disposed:false
445 silly fetch manifest use-latest-callback@^0.2.4
446 silly packumentCache full:https://registry.npmjs.org/use-latest-callback cache-miss
447 http fetch GET 200 https://registry.npmjs.org/@expo%2fcli 8965ms (cache revalidated)
448 silly packumentCache full:https://registry.npmjs.org/@expo%2fcli set size:2782776 disposed:false
449 silly fetch manifest use-sync-external-store@^1.5.0
450 silly packumentCache full:https://registry.npmjs.org/use-sync-external-store cache-miss
451 http fetch GET 200 https://registry.npmjs.org/babel-plugin-syntax-hermes-parser 1120ms (cache revalidated)
452 silly packumentCache full:https://registry.npmjs.org/babel-plugin-syntax-hermes-parser set size:105499 disposed:false
453 silly fetch manifest csstype@^3.0.2
454 silly packumentCache full:https://registry.npmjs.org/csstype cache-miss
455 http fetch GET 200 https://registry.npmjs.org/fast-deep-equal 179ms (cache revalidated)
456 silly packumentCache full:https://registry.npmjs.org/fast-deep-equal set size:48634 disposed:false
457 silly fetch manifest ajv@^6.14.0
458 silly packumentCache full:https://registry.npmjs.org/ajv cache-miss
459 http fetch GET 200 https://registry.npmjs.org/@react-native%2fvirtualized-lists 1858ms (cache revalidated)
460 silly packumentCache full:https://registry.npmjs.org/@react-native%2fvirtualized-lists set size:2385663 disposed:false
461 silly fetch manifest chalk@^4.0.0
462 silly packumentCache full:https://registry.npmjs.org/chalk cache-miss
463 http fetch GET 200 https://registry.npmjs.org/sf-symbols-typescript 348ms (cache revalidated)
464 silly packumentCache full:https://registry.npmjs.org/sf-symbols-typescript set size:18602 disposed:false
465 silly fetch manifest debug@^4.3.2
466 silly packumentCache full:https://registry.npmjs.org/debug cache-miss
467 http fetch GET 200 https://registry.npmjs.org/nanoid 212ms (cache revalidated)
468 silly packumentCache full:https://registry.npmjs.org/nanoid set size:330515 disposed:false
469 silly fetch manifest espree@^10.4.0
470 silly packumentCache full:https://registry.npmjs.org/espree cache-miss
471 http fetch GET 200 https://registry.npmjs.org/escape-string-regexp 253ms (cache revalidated)
472 silly packumentCache full:https://registry.npmjs.org/escape-string-regexp set size:22244 disposed:false
473 silly fetch manifest ignore@^5.2.0
474 silly packumentCache full:https://registry.npmjs.org/ignore cache-miss
475 http fetch GET 200 https://registry.npmjs.org/@expo%2ffingerprint 9089ms (cache revalidated)
476 silly packumentCache full:https://registry.npmjs.org/@expo%2ffingerprint set size:788876 disposed:false
477 silly fetch manifest esquery@^1.5.0
478 silly packumentCache full:https://registry.npmjs.org/esquery cache-miss
479 http fetch GET 200 https://registry.npmjs.org/warn-once 361ms (cache revalidated)
480 silly packumentCache full:https://registry.npmjs.org/warn-once set size:8138 disposed:false
481 silly fetch manifest esutils@^2.0.2
482 silly packumentCache full:https://registry.npmjs.org/esutils cache-miss
483 http fetch GET 200 https://registry.npmjs.org/react-native-is-edge-to-edge 341ms (cache revalidated)
484 silly packumentCache full:https://registry.npmjs.org/react-native-is-edge-to-edge set size:36085 disposed:false
485 silly fetch manifest find-up@^5.0.0
486 silly packumentCache full:https://registry.npmjs.org/find-up cache-miss
487 http fetch GET 200 https://registry.npmjs.org/use-latest-callback 230ms (cache revalidated)
488 silly packumentCache full:https://registry.npmjs.org/use-latest-callback set size:67845 disposed:false
489 silly fetch manifest is-glob@^4.0.0
490 silly packumentCache full:https://registry.npmjs.org/is-glob cache-miss
491 http fetch GET 200 https://registry.npmjs.org/@react-native%2fnormalize-colors 2842ms (cache revalidated)
492 silly packumentCache full:https://registry.npmjs.org/@react-native%2fnormalize-colors set size:1933651 disposed:false
493 silly fetch manifest minimatch@^3.1.5
494 silly packumentCache full:https://registry.npmjs.org/minimatch cache-miss
495 http fetch GET 200 https://registry.npmjs.org/use-latest-callback 210ms (cache revalidated)
496 silly packumentCache full:https://registry.npmjs.org/use-latest-callback set size:67845 disposed:false
497 silly packumentCache full:https://registry.npmjs.org/use-latest-callback dispose
498 silly fetch manifest @eslint/js@9.39.4
499 silly packumentCache full:https://registry.npmjs.org/@eslint%2fjs cache-miss
500 http fetch GET 200 https://registry.npmjs.org/csstype 194ms (cache revalidated)
501 silly packumentCache full:https://registry.npmjs.org/csstype set size:274189 disposed:false
502 silly fetch manifest optionator@^0.9.3
503 silly packumentCache full:https://registry.npmjs.org/optionator cache-miss
504 http fetch GET 200 https://registry.npmjs.org/@expo%2fmetro 9209ms (cache revalidated)
505 silly packumentCache full:https://registry.npmjs.org/@expo%2fmetro set size:61910 disposed:false
506 silly fetch manifest cross-spawn@^7.0.6
507 silly packumentCache full:https://registry.npmjs.org/cross-spawn cache-miss
508 http fetch GET 200 https://registry.npmjs.org/chalk 162ms (cache revalidated)
509 silly packumentCache full:https://registry.npmjs.org/chalk set size:117861 disposed:false
510 silly fetch manifest glob-parent@^6.0.2
511 silly packumentCache full:https://registry.npmjs.org/glob-parent cache-miss
512 http fetch GET 200 https://registry.npmjs.org/@expo%2fconfig 9244ms (cache revalidated)
513 silly packumentCache full:https://registry.npmjs.org/@expo%2fconfig set size:1495709 disposed:false
514 silly fetch manifest imurmurhash@^0.1.4
515 silly packumentCache full:https://registry.npmjs.org/imurmurhash cache-miss
516 http fetch GET 200 https://registry.npmjs.org/debug 185ms (cache revalidated)
517 silly packumentCache full:https://registry.npmjs.org/debug set size:195840 disposed:false
518 silly fetch manifest @eslint/core@^0.17.0
519 silly packumentCache full:https://registry.npmjs.org/@eslint%2fcore cache-miss
520 http fetch GET 200 https://registry.npmjs.org/ajv 247ms (cache revalidated)
521 silly packumentCache full:https://registry.npmjs.org/ajv set size:1142658 disposed:false
522 silly fetch manifest eslint-scope@^8.4.0
523 silly packumentCache full:https://registry.npmjs.org/eslint-scope cache-miss
524 http fetch GET 200 https://registry.npmjs.org/@expo%2fdevtools 9293ms (cache revalidated)
525 silly packumentCache full:https://registry.npmjs.org/@expo%2fdevtools set size:243008 disposed:false
526 silly fetch manifest lodash.merge@^4.6.2
527 silly packumentCache full:https://registry.npmjs.org/lodash.merge cache-miss
528 http fetch GET 200 https://registry.npmjs.org/standard-navigation 415ms (cache revalidated)
529 silly packumentCache full:https://registry.npmjs.org/standard-navigation set size:16653 disposed:false
530 silly fetch manifest @humanfs/node@^0.16.6
531 silly packumentCache full:https://registry.npmjs.org/@humanfs%2fnode cache-miss
532 http fetch GET 200 https://registry.npmjs.org/ignore 218ms (cache revalidated)
533 silly packumentCache full:https://registry.npmjs.org/ignore set size:237380 disposed:false
534 silly fetch manifest @types/estree@^1.0.6
535 silly packumentCache full:https://registry.npmjs.org/@types%2festree cache-miss
536 http fetch GET 200 https://registry.npmjs.org/esutils 213ms (cache miss)
537 silly packumentCache full:https://registry.npmjs.org/esutils set size:undefined disposed:false
538 silly fetch manifest natural-compare@^1.4.0
539 silly packumentCache full:https://registry.npmjs.org/natural-compare cache-miss
540 http fetch GET 200 https://registry.npmjs.org/find-up 196ms (cache revalidated)
541 silly packumentCache full:https://registry.npmjs.org/find-up set size:42620 disposed:false
542 silly fetch manifest @eslint/eslintrc@^3.3.5
543 silly packumentCache full:https://registry.npmjs.org/@eslint%2feslintrc cache-miss
544 http fetch GET 200 https://registry.npmjs.org/esquery 229ms (cache miss)
545 silly packumentCache full:https://registry.npmjs.org/esquery set size:undefined disposed:false
546 silly fetch manifest file-entry-cache@^8.0.0
547 silly packumentCache full:https://registry.npmjs.org/file-entry-cache cache-miss
548 http fetch GET 200 https://registry.npmjs.org/minimatch 210ms (cache revalidated)
549 silly packumentCache full:https://registry.npmjs.org/minimatch set size:375282 disposed:false
550 silly fetch manifest @eslint/plugin-kit@^0.4.1
551 silly packumentCache full:https://registry.npmjs.org/@eslint%2fplugin-kit cache-miss
552 http fetch GET 200 https://registry.npmjs.org/cross-spawn 155ms (cache revalidated)
553 silly packumentCache full:https://registry.npmjs.org/cross-spawn set size:109066 disposed:false
554 silly fetch manifest eslint-visitor-keys@^4.2.1
555 silly packumentCache full:https://registry.npmjs.org/eslint-visitor-keys cache-miss
556 http fetch GET 200 https://registry.npmjs.org/is-glob 245ms (cache revalidated)
557 silly packumentCache full:https://registry.npmjs.org/is-glob set size:40530 disposed:false
558 silly fetch manifest @eslint/config-array@^0.21.2
559 silly packumentCache full:https://registry.npmjs.org/@eslint%2fconfig-array cache-miss
560 http fetch GET 200 https://registry.npmjs.org/@react-native%2fcommunity-cli-plugin 963ms (cache revalidated)
561 silly packumentCache full:https://registry.npmjs.org/@react-native%2fcommunity-cli-plugin set size:2568909 disposed:false
562 silly fetch manifest @humanwhocodes/retry@^0.4.2
563 silly packumentCache full:https://registry.npmjs.org/@humanwhocodes%2fretry cache-miss
564 http fetch GET 200 https://registry.npmjs.org/espree 337ms (cache miss)
565 silly packumentCache full:https://registry.npmjs.org/espree set size:undefined disposed:false
566 silly fetch manifest @eslint/config-helpers@^0.4.2
567 silly packumentCache full:https://registry.npmjs.org/@eslint%2fconfig-helpers cache-miss
568 http fetch GET 200 https://registry.npmjs.org/optionator 219ms (cache miss)
569 silly packumentCache full:https://registry.npmjs.org/optionator set size:undefined disposed:false
570 silly fetch manifest @eslint-community/regexpp@^4.12.1
571 silly packumentCache full:https://registry.npmjs.org/@eslint-community%2fregexpp cache-miss
572 http fetch GET 200 https://registry.npmjs.org/glob-parent 203ms (cache revalidated)
573 silly packumentCache full:https://registry.npmjs.org/glob-parent set size:42445 disposed:false
574 silly fetch manifest @eslint-community/eslint-utils@^4.8.0
575 silly packumentCache full:https://registry.npmjs.org/@eslint-community%2feslint-utils cache-miss
576 http fetch GET 200 https://registry.npmjs.org/@eslint%2fjs 313ms (cache miss)
577 silly packumentCache full:https://registry.npmjs.org/@eslint%2fjs set size:undefined disposed:false
578 silly fetch manifest @humanwhocodes/module-importer@^1.0.1
579 silly packumentCache full:https://registry.npmjs.org/@humanwhocodes%2fmodule-importer cache-miss
580 http fetch GET 200 https://registry.npmjs.org/imurmurhash 220ms (cache revalidated)
581 silly packumentCache full:https://registry.npmjs.org/imurmurhash set size:35819 disposed:false
582 silly fetch manifest json-stable-stringify-without-jsonify@^1.0.1
583 silly packumentCache full:https://registry.npmjs.org/json-stable-stringify-without-jsonify cache-miss
584 http fetch GET 200 https://registry.npmjs.org/@react-navigation%2fcore 679ms (cache miss)
585 silly packumentCache full:https://registry.npmjs.org/@react-navigation%2fcore set size:undefined disposed:false
586 silly fetch manifest globals@^16.0.0
587 silly packumentCache full:https://registry.npmjs.org/globals cache-miss
588 http fetch GET 200 https://registry.npmjs.org/use-sync-external-store 544ms (cache miss)
589 silly packumentCache full:https://registry.npmjs.org/use-sync-external-store set size:undefined disposed:false
590 silly fetch manifest eslint-plugin-expo@^1.0.0
591 silly packumentCache full:https://registry.npmjs.org/eslint-plugin-expo cache-miss
592 http fetch GET 200 https://registry.npmjs.org/file-entry-cache 262ms (cache miss)
593 silly packumentCache full:https://registry.npmjs.org/file-entry-cache set size:undefined disposed:false
594 silly fetch manifest eslint-plugin-react@^7.37.3
595 silly packumentCache full:https://registry.npmjs.org/eslint-plugin-react cache-miss
596 http fetch GET 200 https://registry.npmjs.org/@types%2festree 292ms (cache miss)
597 silly packumentCache full:https://registry.npmjs.org/@types%2festree set size:undefined disposed:false
598 silly fetch manifest eslint-plugin-import@^2.30.0
599 silly packumentCache full:https://registry.npmjs.org/eslint-plugin-import cache-miss
600 http fetch GET 200 https://registry.npmjs.org/@eslint%2fcore 339ms (cache miss)
601 silly packumentCache full:https://registry.npmjs.org/@eslint%2fcore set size:undefined disposed:false
602 silly fetch manifest @typescript-eslint/parser@^8.18.2
603 silly packumentCache full:https://registry.npmjs.org/@typescript-eslint%2fparser cache-miss
604 http fetch GET 200 https://registry.npmjs.org/@eslint%2fconfig-array 236ms (cache miss)
605 silly packumentCache full:https://registry.npmjs.org/@eslint%2fconfig-array set size:undefined disposed:false
606 silly fetch manifest eslint-plugin-react-hooks@^5.1.0
607 silly packumentCache full:https://registry.npmjs.org/eslint-plugin-react-hooks cache-miss
608 http fetch GET 200 https://registry.npmjs.org/eslint-visitor-keys 247ms (cache miss)
609 silly packumentCache full:https://registry.npmjs.org/eslint-visitor-keys set size:undefined disposed:false
610 silly fetch manifest @typescript-eslint/eslint-plugin@^8.18.2
611 silly packumentCache full:https://registry.npmjs.org/@typescript-eslint%2feslint-plugin cache-miss
612 http fetch GET 200 https://registry.npmjs.org/natural-compare 309ms (cache miss)
613 silly packumentCache full:https://registry.npmjs.org/natural-compare set size:undefined disposed:false
614 silly fetch manifest eslint-import-resolver-typescript@^3.6.3
615 silly packumentCache full:https://registry.npmjs.org/eslint-import-resolver-typescript cache-miss
616 http fetch GET 200 https://registry.npmjs.org/@humanwhocodes%2fretry 226ms (cache miss)
617 silly packumentCache full:https://registry.npmjs.org/@humanwhocodes%2fretry set size:undefined disposed:false
618 silly fetch manifest @expo/env@~2.0.8
619 silly packumentCache full:https://registry.npmjs.org/@expo%2fenv cache-miss
620 http fetch GET 200 https://registry.npmjs.org/@eslint%2fconfig-helpers 211ms (cache miss)
621 silly packumentCache full:https://registry.npmjs.org/@eslint%2fconfig-helpers set size:undefined disposed:false
622 silly fetch manifest vaul@^1.1.2
623 silly packumentCache full:https://registry.npmjs.org/vaul cache-miss
624 http fetch GET 200 https://registry.npmjs.org/@eslint%2feslintrc 315ms (cache miss)
625 silly packumentCache full:https://registry.npmjs.org/@eslint%2feslintrc set size:undefined disposed:false
626 silly fetch manifest debug@^4.3.4
627 silly packumentCache full:https://registry.npmjs.org/debug cache-hit
628 silly fetch manifest nanoid@^3.3.8
629 silly packumentCache full:https://registry.npmjs.org/nanoid cache-hit
630 silly fetch manifest semver@~7.6.3
631 silly packumentCache full:https://registry.npmjs.org/semver cache-hit
632 silly fetch manifest client-only@^0.0.1
633 silly packumentCache full:https://registry.npmjs.org/client-only cache-miss
634 http fetch GET 200 https://registry.npmjs.org/lodash.merge 349ms (cache revalidated)
635 silly packumentCache full:https://registry.npmjs.org/lodash.merge set size:78575 disposed:false
636 silly fetch manifest expo-server@^1.0.7
637 silly packumentCache full:https://registry.npmjs.org/expo-server cache-miss
638 http fetch GET 200 https://registry.npmjs.org/@humanfs%2fnode 357ms (cache miss)
639 silly packumentCache full:https://registry.npmjs.org/@humanfs%2fnode set size:undefined disposed:false
640 silly fetch manifest server-only@^0.0.1
641 silly packumentCache full:https://registry.npmjs.org/server-only cache-miss
642 http fetch GET 200 https://registry.npmjs.org/eslint-scope 381ms (cache miss)
643 silly packumentCache full:https://registry.npmjs.org/eslint-scope set size:undefined disposed:false
644 silly fetch manifest query-string@^7.1.3
645 silly packumentCache full:https://registry.npmjs.org/query-string cache-miss
646 http fetch GET 200 https://registry.npmjs.org/@eslint%2fplugin-kit 348ms (cache miss)
647 silly packumentCache full:https://registry.npmjs.org/@eslint%2fplugin-kit set size:undefined disposed:false
648 silly fetch manifest shallowequal@^1.1.0
649 silly packumentCache full:https://registry.npmjs.org/shallowequal cache-miss
650 http fetch GET 200 https://registry.npmjs.org/json-stable-stringify-without-jsonify 238ms (cache miss)
651 silly packumentCache full:https://registry.npmjs.org/json-stable-stringify-without-jsonify set size:undefined disposed:false
652 silly fetch manifest @expo/schema-utils@^0.1.8
653 silly packumentCache full:https://registry.npmjs.org/@expo%2fschema-utils cache-miss
654 http fetch GET 200 https://registry.npmjs.org/@eslint-community%2fregexpp 352ms (cache miss)
655 silly packumentCache full:https://registry.npmjs.org/@eslint-community%2fregexpp set size:undefined disposed:false
656 silly fetch manifest react-fast-compare@^3.2.2
657 silly packumentCache full:https://registry.npmjs.org/react-fast-compare cache-miss
658 http fetch GET 200 https://registry.npmjs.org/@eslint-community%2feslint-utils 366ms (cache miss)
659 silly packumentCache full:https://registry.npmjs.org/@eslint-community%2feslint-utils set size:undefined disposed:false
660 silly fetch manifest @expo/metro-runtime@^6.1.2
661 silly packumentCache full:https://registry.npmjs.org/@expo%2fmetro-runtime cache-hit
662 silly fetch manifest use-latest-callback@^0.2.1
663 silly packumentCache full:https://registry.npmjs.org/use-latest-callback cache-hit
664 silly fetch manifest @radix-ui/react-slot@1.2.0
665 silly packumentCache full:https://registry.npmjs.org/@radix-ui%2freact-slot cache-miss
666 http fetch GET 200 https://registry.npmjs.org/client-only 189ms (cache revalidated)
667 silly packumentCache full:https://registry.npmjs.org/client-only set size:2750 disposed:false
668 silly fetch manifest @radix-ui/react-tabs@^1.1.12
669 silly packumentCache full:https://registry.npmjs.org/@radix-ui%2freact-tabs cache-miss
670 http fetch GET 200 https://registry.npmjs.org/globals 387ms (cache miss)
671 silly packumentCache full:https://registry.npmjs.org/globals set size:undefined disposed:false
672 silly fetch manifest react-native-is-edge-to-edge@^1.1.6
673 silly packumentCache full:https://registry.npmjs.org/react-native-is-edge-to-edge cache-hit
674 silly fetch manifest @react-navigation/native-stack@^7.3.16
675 silly packumentCache full:https://registry.npmjs.org/@react-navigation%2fnative-stack cache-miss
676 http fetch GET 200 https://registry.npmjs.org/@humanwhocodes%2fmodule-importer 437ms (cache miss)
677 silly packumentCache full:https://registry.npmjs.org/@humanwhocodes%2fmodule-importer set size:undefined disposed:false
678 silly fetch manifest @expo/prebuild-config@^54.0.8
679 silly packumentCache full:https://registry.npmjs.org/@expo%2fprebuild-config cache-miss
680 http fetch GET 200 https://registry.npmjs.org/eslint-plugin-import 337ms (cache miss)
681 silly packumentCache full:https://registry.npmjs.org/eslint-plugin-import set size:undefined disposed:false
682 silly fetch manifest sf-symbols-typescript@^2.0.0
683 silly packumentCache full:https://registry.npmjs.org/sf-symbols-typescript cache-hit
684 silly fetch manifest scheduler@^0.26.0
685 silly packumentCache full:https://registry.npmjs.org/scheduler cache-miss
686 http fetch GET 200 https://registry.npmjs.org/vaul 324ms (cache revalidated)
687 silly packumentCache full:https://registry.npmjs.org/vaul set size:132229 disposed:false
688 silly fetch manifest @egjs/hammerjs@^2.0.17
689 silly packumentCache full:https://registry.npmjs.org/@egjs%2fhammerjs cache-miss
690 http fetch GET 200 https://registry.npmjs.org/expo-server 322ms (cache revalidated)
691 silly packumentCache full:https://registry.npmjs.org/expo-server set size:309988 disposed:false
692 silly fetch manifest hoist-non-react-statics@^3.3.0
693 silly packumentCache full:https://registry.npmjs.org/hoist-non-react-statics cache-miss
694 http cache https://registry.npmjs.org/scheduler 44ms (cache hit)
695 silly packumentCache full:https://registry.npmjs.org/scheduler set size:5592600 disposed:false
696 silly fetch manifest semver@^7.7.2
697 silly packumentCache full:https://registry.npmjs.org/semver cache-hit
698 silly fetch manifest semver@7.7.2
699 silly packumentCache full:https://registry.npmjs.org/semver cache-hit
700 silly fetch manifest convert-source-map@^2.0.0
701 silly packumentCache full:https://registry.npmjs.org/convert-source-map cache-miss
702 http fetch GET 200 https://registry.npmjs.org/eslint-plugin-react 481ms (cache miss)
703 silly packumentCache full:https://registry.npmjs.org/eslint-plugin-react set size:undefined disposed:false
704 silly fetch manifest @babel/preset-typescript@^7.16.7
705 silly packumentCache full:https://registry.npmjs.org/@babel%2fpreset-typescript cache-miss
706 http fetch GET 200 https://registry.npmjs.org/query-string 426ms (cache revalidated)
707 silly packumentCache full:https://registry.npmjs.org/query-string set size:222154 disposed:false
708 silly fetch manifest @babel/plugin-transform-classes@^7.0.0-0
709 silly packumentCache full:https://registry.npmjs.org/@babel%2fplugin-transform-classes cache-miss
710 http fetch GET 200 https://registry.npmjs.org/server-only 436ms (cache revalidated)
711 silly packumentCache full:https://registry.npmjs.org/server-only set size:2750 disposed:false
712 silly fetch manifest @babel/plugin-transform-unicode-regex@^7.0.0-0
713 silly packumentCache full:https://registry.npmjs.org/@babel%2fplugin-transform-unicode-regex cache-miss
714 http fetch GET 200 https://registry.npmjs.org/@radix-ui%2freact-slot 291ms (cache revalidated)
715 silly packumentCache full:https://registry.npmjs.org/@radix-ui%2freact-slot set size:466158 disposed:false
716 silly fetch manifest @babel/plugin-transform-arrow-functions@^7.0.0-0
717 silly packumentCache full:https://registry.npmjs.org/@babel%2fplugin-transform-arrow-functions cache-miss
718 http fetch GET 200 https://registry.npmjs.org/eslint-plugin-expo 552ms (cache miss)
719 silly packumentCache full:https://registry.npmjs.org/eslint-plugin-expo set size:undefined disposed:false
720 silly fetch manifest @babel/plugin-transform-class-properties@^7.0.0-0
721 silly packumentCache full:https://registry.npmjs.org/@babel%2fplugin-transform-class-properties cache-miss
722 http fetch GET 200 https://registry.npmjs.org/eslint-import-resolver-typescript 500ms (cache miss)
723 silly packumentCache full:https://registry.npmjs.org/eslint-import-resolver-typescript set size:undefined disposed:false
724 silly fetch manifest @babel/plugin-transform-optional-chaining@^7.0.0-0
725 silly packumentCache full:https://registry.npmjs.org/@babel%2fplugin-transform-optional-chaining cache-miss
726 http fetch GET 200 https://registry.npmjs.org/shallowequal 426ms (cache revalidated)
727 silly packumentCache full:https://registry.npmjs.org/shallowequal set size:18619 disposed:false
728 silly fetch manifest @babel/plugin-transform-template-literals@^7.0.0-0
729 silly packumentCache full:https://registry.npmjs.org/@babel%2fplugin-transform-template-literals cache-miss
730 http fetch GET 200 https://registry.npmjs.org/eslint-plugin-react-hooks 582ms (cache miss)
731 silly packumentCache full:https://registry.npmjs.org/eslint-plugin-react-hooks set size:undefined disposed:false
732 silly fetch manifest @babel/plugin-transform-shorthand-properties@^7.0.0-0
733 silly packumentCache full:https://registry.npmjs.org/@babel%2fplugin-transform-shorthand-properties cache-miss
734 http fetch GET 200 https://registry.npmjs.org/react-fast-compare 503ms (cache revalidated)
735 silly packumentCache full:https://registry.npmjs.org/react-fast-compare set size:94452 disposed:false
736 silly fetch manifest @babel/plugin-transform-nullish-coalescing-operator@^7.0.0-0
737 silly packumentCache full:https://registry.npmjs.org/@babel%2fplugin-transform-nullish-coalescing-operator cache-miss
738 http fetch GET 200 https://registry.npmjs.org/convert-source-map 223ms (cache revalidated)
739 silly packumentCache full:https://registry.npmjs.org/convert-source-map set size:66997 disposed:false
740 silly fetch manifest debug@^4.1.0
741 silly packumentCache full:https://registry.npmjs.org/debug cache-hit
742 silly fetch manifest json5@^2.2.3
743 silly packumentCache full:https://registry.npmjs.org/json5 cache-miss
744 http fetch GET 200 https://registry.npmjs.org/hoist-non-react-statics 316ms (cache revalidated)
745 silly packumentCache full:https://registry.npmjs.org/hoist-non-react-statics set size:97044 disposed:false
746 silly fetch manifest semver@^6.3.1
747 silly packumentCache full:https://registry.npmjs.org/semver cache-hit
748 silly fetch manifest gensync@^1.0.0-beta.2
749 silly packumentCache full:https://registry.npmjs.org/gensync cache-miss
750 http fetch GET 200 https://registry.npmjs.org/@babel%2fpreset-typescript 252ms (cache revalidated)
751 silly packumentCache full:https://registry.npmjs.org/@babel%2fpreset-typescript set size:271383 disposed:false
752 silly fetch manifest @babel/types@^7.29.7
753 silly packumentCache full:https://registry.npmjs.org/@babel%2ftypes cache-miss
754 http fetch GET 200 https://registry.npmjs.org/@radix-ui%2freact-tabs 511ms (cache revalidated)
755 silly packumentCache full:https://registry.npmjs.org/@radix-ui%2freact-tabs set size:996091 disposed:false
756 silly fetch manifest @babel/parser@^7.29.7
757 silly packumentCache full:https://registry.npmjs.org/@babel%2fparser cache-miss
758 http fetch GET 200 https://registry.npmjs.org/@expo%2fenv 739ms (cache revalidated)
759 silly packumentCache full:https://registry.npmjs.org/@expo%2fenv set size:582863 disposed:false
760 silly fetch manifest @babel/helpers@^7.29.7
761 silly packumentCache full:https://registry.npmjs.org/@babel%2fhelpers cache-miss
762 http fetch GET 200 https://registry.npmjs.org/@egjs%2fhammerjs 420ms (cache revalidated)
763 silly packumentCache full:https://registry.npmjs.org/@egjs%2fhammerjs set size:49632 disposed:false
764 silly fetch manifest @babel/template@^7.29.7
765 silly packumentCache full:https://registry.npmjs.org/@babel%2ftemplate cache-miss
766 http fetch GET 200 https://registry.npmjs.org/@babel%2fplugin-transform-classes 296ms (cache revalidated)
767 silly packumentCache full:https://registry.npmjs.org/@babel%2fplugin-transform-classes set size:340016 disposed:false
768 silly fetch manifest @babel/traverse@^7.29.7
769 silly packumentCache full:https://registry.npmjs.org/@babel%2ftraverse cache-miss
770 http fetch GET 200 https://registry.npmjs.org/@babel%2fplugin-transform-unicode-regex 360ms (cache revalidated)
771 silly packumentCache full:https://registry.npmjs.org/@babel%2fplugin-transform-unicode-regex set size:220918 disposed:false
772 silly fetch manifest @babel/generator@^7.29.7
773 silly packumentCache full:https://registry.npmjs.org/@babel%2fgenerator cache-miss
774 http fetch GET 200 https://registry.npmjs.org/json5 208ms (cache revalidated)
775 silly packumentCache full:https://registry.npmjs.org/json5 set size:86136 disposed:false
776 silly fetch manifest @babel/code-frame@^7.29.7
777 silly packumentCache full:https://registry.npmjs.org/@babel%2fcode-frame cache-miss
778 http fetch GET 200 https://registry.npmjs.org/gensync 225ms (cache revalidated)
779 silly packumentCache full:https://registry.npmjs.org/gensync set size:15068 disposed:false
780 silly fetch manifest @jridgewell/remapping@^2.3.5
781 silly packumentCache full:https://registry.npmjs.org/@jridgewell%2fremapping cache-miss
782 http fetch GET 200 https://registry.npmjs.org/@babel%2ftypes 184ms (cache revalidated)
783 silly packumentCache full:https://registry.npmjs.org/@babel%2ftypes set size:498480 disposed:false
784 silly fetch manifest @babel/helper-module-transforms@^7.29.7
785 silly packumentCache full:https://registry.npmjs.org/@babel%2fhelper-module-transforms cache-miss
786 http fetch GET 200 https://registry.npmjs.org/@react-navigation%2fnative-stack 661ms (cache miss)
787 silly packumentCache full:https://registry.npmjs.org/@react-navigation%2fnative-stack set size:undefined disposed:false
788 silly fetch manifest @babel/helper-compilation-targets@^7.29.7
789 silly packumentCache full:https://registry.npmjs.org/@babel%2fhelper-compilation-targets cache-miss
790 http fetch GET 200 https://registry.npmjs.org/@babel%2fplugin-transform-optional-chaining 429ms (cache revalidated)
791 silly packumentCache full:https://registry.npmjs.org/@babel%2fplugin-transform-optional-chaining set size:118753 disposed:false
792 silly fetch manifest fbjs@^3.0.4
793 silly packumentCache full:https://registry.npmjs.org/fbjs cache-miss
794 http fetch GET 200 https://registry.npmjs.org/@babel%2fparser 225ms (cache revalidated)
795 silly packumentCache full:https://registry.npmjs.org/@babel%2fparser set size:732981 disposed:false
796 silly fetch manifest styleq@^0.1.3
797 silly packumentCache full:https://registry.npmjs.org/styleq cache-miss
798 http fetch GET 200 https://registry.npmjs.org/@babel%2fplugin-transform-class-properties 476ms (cache revalidated)
799 silly packumentCache full:https://registry.npmjs.org/@babel%2fplugin-transform-class-properties set size:95240 disposed:false
800 silly fetch manifest memoize-one@^6.0.0
801 silly packumentCache full:https://registry.npmjs.org/memoize-one cache-hit
802 silly fetch manifest @babel/runtime@^7.18.6
803 silly packumentCache full:https://registry.npmjs.org/@babel%2fruntime cache-miss
804 http fetch GET 200 https://registry.npmjs.org/@babel%2fplugin-transform-arrow-functions 492ms (cache revalidated)
805 silly packumentCache full:https://registry.npmjs.org/@babel%2fplugin-transform-arrow-functions set size:219087 disposed:false
806 silly fetch manifest postcss-value-parser@^4.2.0
807 silly packumentCache full:https://registry.npmjs.org/postcss-value-parser cache-miss
808 http fetch GET 200 https://registry.npmjs.org/@expo%2fschema-utils 885ms (cache revalidated)
809 silly packumentCache full:https://registry.npmjs.org/@expo%2fschema-utils set size:239203 disposed:false
810 silly fetch manifest inline-style-prefixer@^7.0.1
811 silly packumentCache full:https://registry.npmjs.org/inline-style-prefixer cache-miss
812 http cache https://registry.npmjs.org/@babel%2fruntime 32ms (cache hit)
813 silly packumentCache full:https://registry.npmjs.org/@babel%2fruntime set size:3471810 disposed:false
814 silly fetch manifest @react-native/normalize-colors@^0.74.1
815 silly packumentCache full:https://registry.npmjs.org/@react-native%2fnormalize-colors cache-miss
816 http fetch GET 200 https://registry.npmjs.org/@babel%2fplugin-transform-nullish-coalescing-operator 376ms (cache revalidated)
817 silly packumentCache full:https://registry.npmjs.org/@babel%2fplugin-transform-nullish-coalescing-operator set size:100915 disposed:false
818 http fetch GET 200 https://registry.npmjs.org/@babel%2fhelpers 290ms (cache revalidated)
819 silly packumentCache full:https://registry.npmjs.org/@babel%2fhelpers set size:398496 disposed:false
820 http fetch GET 200 https://registry.npmjs.org/@expo%2fprebuild-config 768ms (cache revalidated)
821 silly packumentCache full:https://registry.npmjs.org/@expo%2fprebuild-config set size:1206610 disposed:false
822 http cache https://registry.npmjs.org/@react-native%2fnormalize-colors 50ms (cache hit)
823 silly packumentCache full:https://registry.npmjs.org/@react-native%2fnormalize-colors set size:1933651 disposed:false
824 http fetch GET 200 https://registry.npmjs.org/@babel%2ftemplate 333ms (cache revalidated)
825 silly packumentCache full:https://registry.npmjs.org/@babel%2ftemplate set size:237074 disposed:false
826 http fetch GET 200 https://registry.npmjs.org/@babel%2ftraverse 327ms (cache revalidated)
827 silly packumentCache full:https://registry.npmjs.org/@babel%2ftraverse set size:560074 disposed:false
828 http fetch GET 200 https://registry.npmjs.org/@babel%2fgenerator 268ms (cache revalidated)
829 silly packumentCache full:https://registry.npmjs.org/@babel%2fgenerator set size:520504 disposed:false
830 http fetch GET 200 https://registry.npmjs.org/@jridgewell%2fremapping 215ms (cache revalidated)
831 silly packumentCache full:https://registry.npmjs.org/@jridgewell%2fremapping set size:23809 disposed:false
832 http fetch GET 200 https://registry.npmjs.org/@babel%2fhelper-compilation-targets 188ms (cache revalidated)
833 silly packumentCache full:https://registry.npmjs.org/@babel%2fhelper-compilation-targets set size:229541 disposed:false
834 http fetch GET 200 https://registry.npmjs.org/@babel%2fhelper-module-transforms 229ms (cache revalidated)
835 silly packumentCache full:https://registry.npmjs.org/@babel%2fhelper-module-transforms set size:346454 disposed:false
836 http fetch GET 200 https://registry.npmjs.org/@babel%2fplugin-transform-template-literals 641ms (cache revalidated)
837 silly packumentCache full:https://registry.npmjs.org/@babel%2fplugin-transform-template-literals set size:229628 disposed:false
838 http fetch GET 200 https://registry.npmjs.org/postcss-value-parser 221ms (cache revalidated)
839 silly packumentCache full:https://registry.npmjs.org/postcss-value-parser set size:73526 disposed:false
840 http fetch GET 200 https://registry.npmjs.org/@babel%2fplugin-transform-shorthand-properties 562ms (cache revalidated)
841 silly packumentCache full:https://registry.npmjs.org/@babel%2fplugin-transform-shorthand-properties set size:207024 disposed:false
842 http fetch GET 200 https://registry.npmjs.org/styleq 243ms (cache revalidated)
843 silly packumentCache full:https://registry.npmjs.org/styleq set size:67761 disposed:false
844 http fetch GET 200 https://registry.npmjs.org/fbjs 322ms (cache revalidated)
845 silly packumentCache full:https://registry.npmjs.org/fbjs set size:175434 disposed:false
846 http fetch GET 200 https://registry.npmjs.org/@typescript-eslint%2fparser 1338ms (cache miss)
847 silly packumentCache full:https://registry.npmjs.org/@typescript-eslint%2fparser set size:undefined disposed:false
848 http fetch GET 200 https://registry.npmjs.org/@babel%2fcode-frame 571ms (cache revalidated)
849 silly packumentCache full:https://registry.npmjs.org/@babel%2fcode-frame set size:206617 disposed:false
850 http fetch GET 200 https://registry.npmjs.org/inline-style-prefixer 468ms (cache revalidated)
851 silly packumentCache full:https://registry.npmjs.org/inline-style-prefixer set size:232334 disposed:false
852 http fetch GET 200 https://registry.npmjs.org/@typescript-eslint%2feslint-plugin 1552ms (cache miss)
853 silly packumentCache full:https://registry.npmjs.org/@typescript-eslint%2feslint-plugin set size:undefined disposed:false
854 silly fetch manifest @babel/core@^7.0.0
855 silly packumentCache full:https://registry.npmjs.org/@babel%2fcore cache-hit
856 silly placeDep ROOT @babel/code-frame@7.29.7 OK for: @babel/core@7.29.7 want: ^7.29.7
857 silly placeDep ROOT @babel/generator@7.29.7 OK for: @babel/core@7.29.7 want: ^7.29.7
858 silly placeDep ROOT @babel/helper-compilation-targets@7.29.7 OK for: @babel/core@7.29.7 want: ^7.29.7
859 silly placeDep ROOT @babel/helper-module-transforms@7.29.7 OK for: @babel/core@7.29.7 want: ^7.29.7
860 silly placeDep ROOT @babel/helpers@7.29.7 OK for: @babel/core@7.29.7 want: ^7.29.7
861 silly placeDep ROOT @babel/parser@7.29.7 OK for: @babel/core@7.29.7 want: ^7.29.7
862 silly placeDep ROOT @babel/template@7.29.7 OK for: @babel/core@7.29.7 want: ^7.29.7
863 silly placeDep ROOT @babel/traverse@7.29.7 OK for: @babel/core@7.29.7 want: ^7.29.7
864 silly placeDep ROOT @babel/types@7.29.7 OK for: @babel/core@7.29.7 want: ^7.29.7
865 silly placeDep ROOT @jridgewell/remapping@2.3.5 OK for: @babel/core@7.29.7 want: ^2.3.5
866 silly placeDep ROOT convert-source-map@2.0.0 OK for: @babel/core@7.29.7 want: ^2.0.0
867 silly placeDep ROOT debug@4.4.3 OK for: @babel/core@7.29.7 want: ^4.1.0
868 silly placeDep ROOT gensync@1.0.0-beta.2 OK for: @babel/core@7.29.7 want: ^1.0.0-beta.2
869 silly placeDep ROOT json5@2.2.3 OK for: @babel/core@7.29.7 want: ^2.2.3
870 silly placeDep ROOT semver@6.3.1 OK for: @babel/core@7.29.7 want: ^6.3.1
871 silly fetch manifest js-tokens@^4.0.0
872 silly packumentCache full:https://registry.npmjs.org/js-tokens cache-miss
873 silly fetch manifest picocolors@^1.1.1
874 silly packumentCache full:https://registry.npmjs.org/picocolors cache-miss
875 silly fetch manifest @babel/helper-validator-identifier@^7.29.7
876 silly packumentCache full:https://registry.npmjs.org/@babel%2fhelper-validator-identifier cache-miss
877 silly fetch manifest jsesc@^3.0.2
878 silly packumentCache full:https://registry.npmjs.org/jsesc cache-miss
879 silly fetch manifest @jridgewell/gen-mapping@^0.3.12
880 silly packumentCache full:https://registry.npmjs.org/@jridgewell%2fgen-mapping cache-miss
881 silly fetch manifest @jridgewell/trace-mapping@^0.3.28
882 silly packumentCache full:https://registry.npmjs.org/@jridgewell%2ftrace-mapping cache-miss
883 silly fetch manifest lru-cache@^5.1.1
884 silly packumentCache full:https://registry.npmjs.org/lru-cache cache-miss
885 silly fetch manifest browserslist@^4.24.0
886 silly packumentCache full:https://registry.npmjs.org/browserslist cache-miss
887 silly fetch manifest @babel/compat-data@^7.29.7
888 silly packumentCache full:https://registry.npmjs.org/@babel%2fcompat-data cache-miss
889 silly fetch manifest @babel/helper-validator-option@^7.29.7
890 silly packumentCache full:https://registry.npmjs.org/@babel%2fhelper-validator-option cache-miss
891 silly fetch manifest @babel/helper-module-imports@^7.29.7
892 silly packumentCache full:https://registry.npmjs.org/@babel%2fhelper-module-imports cache-miss
893 silly fetch manifest @babel/helper-validator-identifier@^7.29.7
894 silly packumentCache full:https://registry.npmjs.org/@babel%2fhelper-validator-identifier cache-miss
895 silly fetch manifest debug@^4.3.1
896 silly packumentCache full:https://registry.npmjs.org/debug cache-hit
897 silly fetch manifest @babel/helper-globals@^7.29.7
898 silly packumentCache full:https://registry.npmjs.org/@babel%2fhelper-globals cache-miss
899 silly fetch manifest @babel/helper-string-parser@^7.29.7
900 silly packumentCache full:https://registry.npmjs.org/@babel%2fhelper-string-parser cache-miss
901 silly fetch manifest @babel/helper-validator-identifier@^7.29.7
902 silly packumentCache full:https://registry.npmjs.org/@babel%2fhelper-validator-identifier cache-miss
903 silly fetch manifest @jridgewell/gen-mapping@^0.3.5
904 silly packumentCache full:https://registry.npmjs.org/@jridgewell%2fgen-mapping cache-miss
905 silly fetch manifest @jridgewell/trace-mapping@^0.3.24
906 silly packumentCache full:https://registry.npmjs.org/@jridgewell%2ftrace-mapping cache-miss
907 silly fetch manifest ms@^2.1.3
908 silly packumentCache full:https://registry.npmjs.org/ms cache-miss
909 http fetch GET 200 https://registry.npmjs.org/browserslist 180ms (cache revalidated)
910 silly packumentCache full:https://registry.npmjs.org/browserslist set size:509301 disposed:false
911 http fetch GET 200 https://registry.npmjs.org/@jridgewell%2fgen-mapping 190ms (cache revalidated)
912 silly packumentCache full:https://registry.npmjs.org/@jridgewell%2fgen-mapping set size:75941 disposed:false
913 http fetch GET 200 https://registry.npmjs.org/lru-cache 206ms (cache revalidated)
914 silly packumentCache full:https://registry.npmjs.org/lru-cache set size:456196 disposed:false
915 http fetch GET 200 https://registry.npmjs.org/picocolors 220ms (cache revalidated)
916 silly packumentCache full:https://registry.npmjs.org/picocolors set size:16648 disposed:false
917 http fetch GET 200 https://registry.npmjs.org/@jridgewell%2ftrace-mapping 223ms (cache revalidated)
918 silly packumentCache full:https://registry.npmjs.org/@jridgewell%2ftrace-mapping set size:170909 disposed:false
919 http fetch GET 200 https://registry.npmjs.org/@jridgewell%2fgen-mapping 226ms (cache revalidated)
920 silly packumentCache full:https://registry.npmjs.org/@jridgewell%2fgen-mapping set size:75941 disposed:false
921 silly packumentCache full:https://registry.npmjs.org/@jridgewell%2fgen-mapping dispose
922 http fetch GET 200 https://registry.npmjs.org/@babel%2fcompat-data 228ms (cache revalidated)
923 silly packumentCache full:https://registry.npmjs.org/@babel%2fcompat-data set size:318807 disposed:false
924 http fetch GET 200 https://registry.npmjs.org/@babel%2fhelper-validator-option 232ms (cache revalidated)
925 silly packumentCache full:https://registry.npmjs.org/@babel%2fhelper-validator-option set size:101303 disposed:false
926 http fetch GET 200 https://registry.npmjs.org/jsesc 236ms (cache revalidated)
927 silly packumentCache full:https://registry.npmjs.org/jsesc set size:61512 disposed:false
928 http fetch GET 200 https://registry.npmjs.org/js-tokens 241ms (cache revalidated)
929 silly packumentCache full:https://registry.npmjs.org/js-tokens set size:41947 disposed:false
930 http fetch GET 200 https://registry.npmjs.org/@babel%2fhelper-globals 234ms (cache revalidated)
931 silly packumentCache full:https://registry.npmjs.org/@babel%2fhelper-globals set size:25155 disposed:false
932 http fetch GET 200 https://registry.npmjs.org/@babel%2fhelper-string-parser 273ms (cache revalidated)
933 silly packumentCache full:https://registry.npmjs.org/@babel%2fhelper-string-parser set size:91563 disposed:false
934 http fetch GET 200 https://registry.npmjs.org/ms 278ms (cache revalidated)
935 silly packumentCache full:https://registry.npmjs.org/ms set size:92208 disposed:false
936 http fetch GET 200 https://registry.npmjs.org/@jridgewell%2ftrace-mapping 312ms (cache revalidated)
937 silly packumentCache full:https://registry.npmjs.org/@jridgewell%2ftrace-mapping set size:170909 disposed:false
938 silly packumentCache full:https://registry.npmjs.org/@jridgewell%2ftrace-mapping dispose
939 http fetch GET 200 https://registry.npmjs.org/@babel%2fhelper-validator-identifier 363ms (cache revalidated)
940 silly packumentCache full:https://registry.npmjs.org/@babel%2fhelper-validator-identifier set size:127858 disposed:false
941 http fetch GET 200 https://registry.npmjs.org/@babel%2fhelper-validator-identifier 364ms (cache revalidated)
942 silly packumentCache full:https://registry.npmjs.org/@babel%2fhelper-validator-identifier set size:127858 disposed:false
943 silly packumentCache full:https://registry.npmjs.org/@babel%2fhelper-validator-identifier dispose
944 http fetch GET 200 https://registry.npmjs.org/@babel%2fhelper-validator-identifier 376ms (cache revalidated)
945 silly packumentCache full:https://registry.npmjs.org/@babel%2fhelper-validator-identifier set size:127858 disposed:true
946 silly packumentCache full:https://registry.npmjs.org/@babel%2fhelper-validator-identifier dispose
947 http fetch GET 200 https://registry.npmjs.org/@babel%2fhelper-module-imports 376ms (cache revalidated)
948 silly packumentCache full:https://registry.npmjs.org/@babel%2fhelper-module-imports set size:203392 disposed:false
949 silly placeDep ROOT @babel/helper-validator-identifier@7.29.7 OK for: @babel/code-frame@7.29.7 want: ^7.29.7
950 silly placeDep ROOT js-tokens@4.0.0 OK for: @babel/code-frame@7.29.7 want: ^4.0.0
951 silly placeDep ROOT picocolors@1.1.1 OK for: @babel/code-frame@7.29.7 want: ^1.1.1
952 silly placeDep ROOT @jridgewell/gen-mapping@0.3.13 OK for: @babel/generator@7.29.7 want: ^0.3.12
953 silly placeDep ROOT @jridgewell/trace-mapping@0.3.31 OK for: @babel/generator@7.29.7 want: ^0.3.28
954 silly placeDep ROOT jsesc@3.1.0 OK for: @babel/generator@7.29.7 want: ^3.0.2
955 silly fetch manifest @jridgewell/sourcemap-codec@^1.5.0
956 silly packumentCache full:https://registry.npmjs.org/@jridgewell%2fsourcemap-codec cache-miss
957 silly fetch manifest @jridgewell/resolve-uri@^3.1.0
958 silly packumentCache full:https://registry.npmjs.org/@jridgewell%2fresolve-uri cache-miss
959 silly fetch manifest @jridgewell/sourcemap-codec@^1.4.14
960 silly packumentCache full:https://registry.npmjs.org/@jridgewell%2fsourcemap-codec cache-miss
961 http fetch GET 200 https://registry.npmjs.org/@jridgewell%2fsourcemap-codec 134ms (cache revalidated)
962 silly packumentCache full:https://registry.npmjs.org/@jridgewell%2fsourcemap-codec set size:51856 disposed:false
963 http fetch GET 200 https://registry.npmjs.org/@jridgewell%2fsourcemap-codec 149ms (cache revalidated)
964 silly packumentCache full:https://registry.npmjs.org/@jridgewell%2fsourcemap-codec set size:51856 disposed:false
965 silly packumentCache full:https://registry.npmjs.org/@jridgewell%2fsourcemap-codec dispose
966 http fetch GET 200 https://registry.npmjs.org/@jridgewell%2fresolve-uri 169ms (cache revalidated)
967 silly packumentCache full:https://registry.npmjs.org/@jridgewell%2fresolve-uri set size:57361 disposed:false
968 silly placeDep ROOT @babel/compat-data@7.29.7 OK for: @babel/helper-compilation-targets@7.29.7 want: ^7.29.7
969 silly placeDep ROOT @babel/helper-validator-option@7.29.7 OK for: @babel/helper-compilation-targets@7.29.7 want: ^7.29.7
970 silly placeDep ROOT browserslist@4.28.4 OK for: @babel/helper-compilation-targets@7.29.7 want: ^4.24.0
971 silly placeDep ROOT lru-cache@5.1.1 OK for: @babel/helper-compilation-targets@7.29.7 want: ^5.1.1
972 silly fetch manifest caniuse-lite@^1.0.30001799
973 silly packumentCache full:https://registry.npmjs.org/caniuse-lite cache-miss
974 silly fetch manifest node-releases@^2.0.48
975 silly packumentCache full:https://registry.npmjs.org/node-releases cache-miss
976 silly fetch manifest electron-to-chromium@^1.5.376
977 silly packumentCache full:https://registry.npmjs.org/electron-to-chromium cache-miss
978 silly fetch manifest update-browserslist-db@^1.2.3
979 silly packumentCache full:https://registry.npmjs.org/update-browserslist-db cache-miss
980 silly fetch manifest baseline-browser-mapping@^2.10.38
981 silly packumentCache full:https://registry.npmjs.org/baseline-browser-mapping cache-miss
982 silly fetch manifest yallist@^3.0.2
983 silly packumentCache full:https://registry.npmjs.org/yallist cache-miss
984 http fetch GET 200 https://registry.npmjs.org/yallist 115ms (cache revalidated)
985 silly packumentCache full:https://registry.npmjs.org/yallist set size:34610 disposed:false
986 http fetch GET 200 https://registry.npmjs.org/node-releases 143ms (cache revalidated)
987 silly packumentCache full:https://registry.npmjs.org/node-releases set size:288449 disposed:false
988 http fetch GET 200 https://registry.npmjs.org/baseline-browser-mapping 146ms (cache revalidated)
989 silly packumentCache full:https://registry.npmjs.org/baseline-browser-mapping set size:525476 disposed:false
990 http fetch GET 200 https://registry.npmjs.org/update-browserslist-db 153ms (cache revalidated)
991 silly packumentCache full:https://registry.npmjs.org/update-browserslist-db set size:62000 disposed:false
992 http fetch GET 200 https://registry.npmjs.org/caniuse-lite 161ms (cache revalidated)
993 silly packumentCache full:https://registry.npmjs.org/caniuse-lite set size:2298935 disposed:false
994 http fetch GET 200 https://registry.npmjs.org/electron-to-chromium 183ms (cache revalidated)
995 silly packumentCache full:https://registry.npmjs.org/electron-to-chromium set size:4854126 disposed:false
996 silly placeDep ROOT @babel/helper-module-imports@7.29.7 OK for: @babel/helper-module-transforms@7.29.7 want: ^7.29.7
997 silly placeDep ROOT @babel/helper-globals@7.29.7 OK for: @babel/traverse@7.29.7 want: ^7.29.7
998 silly placeDep ROOT @babel/helper-string-parser@7.29.7 OK for: @babel/types@7.29.7 want: ^7.29.7
999 silly placeDep ROOT @jridgewell/sourcemap-codec@1.5.5 OK for: @jridgewell/gen-mapping@0.3.13 want: ^1.5.0
1000 silly placeDep ROOT @jridgewell/resolve-uri@3.1.2 OK for: @jridgewell/trace-mapping@0.3.31 want: ^3.1.0
1001 silly placeDep ROOT color@4.2.3 OK for: @react-navigation/bottom-tabs@7.18.7 want: ^4.2.3
1002 silly placeDep ROOT sf-symbols-typescript@2.2.0 OK for: @react-navigation/bottom-tabs@7.18.7 want: ^2.1.0
1003 silly fetch manifest color-string@^1.9.0
1004 silly packumentCache full:https://registry.npmjs.org/color-string cache-miss
1005 silly fetch manifest color-convert@^2.0.1
1006 silly packumentCache full:https://registry.npmjs.org/color-convert cache-miss
1007 http fetch GET 200 https://registry.npmjs.org/color-string 112ms (cache revalidated)
1008 silly packumentCache full:https://registry.npmjs.org/color-string set size:84418 disposed:false
1009 http fetch GET 200 https://registry.npmjs.org/color-convert 126ms (cache revalidated)
1010 silly packumentCache full:https://registry.npmjs.org/color-convert set size:72663 disposed:false
1011 silly fetch manifest react@>= 18.2.0
1012 silly packumentCache full:https://registry.npmjs.org/react cache-miss
1013 http cache https://registry.npmjs.org/react 28ms (cache hit)
1014 silly packumentCache full:https://registry.npmjs.org/react set size:6765208 disposed:false
1015 silly placeDep ROOT use-latest-callback@0.2.6 OK for: @react-navigation/elements@2.9.29 want: ^0.2.4
1016 silly placeDep ROOT use-sync-external-store@1.6.0 OK for: @react-navigation/elements@2.9.29 want: ^1.5.0
1017 silly placeDep ROOT @react-navigation/core@7.21.5 OK for: @react-navigation/native@7.3.7 want: ^7.21.5
1018 silly placeDep ROOT escape-string-regexp@4.0.0 OK for: @react-navigation/native@7.3.7 want: ^4.0.0
1019 silly placeDep ROOT fast-deep-equal@3.1.3 OK for: @react-navigation/native@7.3.7 want: ^3.1.3
1020 silly placeDep ROOT nanoid@3.3.15 OK for: @react-navigation/native@7.3.7 want: ^3.3.11
1021 silly placeDep ROOT standard-navigation@0.0.7 OK for: @react-navigation/native@7.3.7 want: ^0.0.7
1022 silly fetch manifest @react-navigation/routers@^7.6.0
1023 silly packumentCache full:https://registry.npmjs.org/@react-navigation%2frouters cache-miss
1024 silly fetch manifest react-is@^19.1.0
1025 silly packumentCache full:https://registry.npmjs.org/react-is cache-miss
1026 http fetch GET 200 https://registry.npmjs.org/react-is 145ms (cache revalidated)
1027 silly packumentCache full:https://registry.npmjs.org/react-is set size:5473575 disposed:false
1028 http fetch GET 200 https://registry.npmjs.org/@react-navigation%2frouters 1021ms (cache miss)
1029 silly packumentCache full:https://registry.npmjs.org/@react-navigation%2frouters set size:undefined disposed:false
1030 silly placeDep ROOT @react-navigation/routers@7.6.0 OK for: @react-navigation/core@7.21.5 want: ^7.6.0
1031 silly placeDep ROOT query-string@7.1.3 OK for: @react-navigation/core@7.21.5 want: ^7.1.3
1032 silly placeDep ROOT react-is@19.2.7 OK for: @react-navigation/core@7.21.5 want: ^19.1.0
1033 silly fetch manifest filter-obj@^1.1.0
1034 silly packumentCache full:https://registry.npmjs.org/filter-obj cache-miss
1035 silly fetch manifest split-on-first@^1.0.0
1036 silly packumentCache full:https://registry.npmjs.org/split-on-first cache-miss
1037 silly fetch manifest strict-uri-encode@^2.0.0
1038 silly packumentCache full:https://registry.npmjs.org/strict-uri-encode cache-miss
1039 silly fetch manifest decode-uri-component@^0.2.2
1040 silly packumentCache full:https://registry.npmjs.org/decode-uri-component cache-miss
1041 http fetch GET 200 https://registry.npmjs.org/split-on-first 627ms (cache revalidated)
1042 silly packumentCache full:https://registry.npmjs.org/split-on-first set size:16494 disposed:false
1043 http fetch GET 200 https://registry.npmjs.org/filter-obj 629ms (cache revalidated)
1044 silly packumentCache full:https://registry.npmjs.org/filter-obj set size:26902 disposed:false
1045 http fetch GET 200 https://registry.npmjs.org/decode-uri-component 630ms (cache revalidated)
1046 silly packumentCache full:https://registry.npmjs.org/decode-uri-component set size:22315 disposed:false
1047 http fetch GET 200 https://registry.npmjs.org/strict-uri-encode 633ms (cache revalidated)
1048 silly packumentCache full:https://registry.npmjs.org/strict-uri-encode set size:8716 disposed:false
1049 silly placeDep ROOT csstype@3.2.3 OK for: @types/react@19.1.17 want: ^3.0.2
1050 silly fetch manifest browserslist@>= 4.21.0
1051 silly packumentCache full:https://registry.npmjs.org/browserslist cache-hit
1052 silly placeDep ROOT baseline-browser-mapping@2.10.41 OK for: browserslist@4.28.4 want: ^2.10.38
1053 silly placeDep ROOT caniuse-lite@1.0.30001800 OK for: browserslist@4.28.4 want: ^1.0.30001799
1054 silly placeDep ROOT electron-to-chromium@1.5.385 OK for: browserslist@4.28.4 want: ^1.5.376
1055 silly placeDep ROOT node-releases@2.0.50 OK for: browserslist@4.28.4 want: ^2.0.48
1056 silly placeDep ROOT update-browserslist-db@1.2.3 OK for: browserslist@4.28.4 want: ^1.2.3
1057 silly fetch manifest escalade@^3.2.0
1058 silly packumentCache full:https://registry.npmjs.org/escalade cache-miss
1059 http fetch GET 200 https://registry.npmjs.org/escalade 138ms (cache revalidated)
1060 silly packumentCache full:https://registry.npmjs.org/escalade set size:33724 disposed:false
1061 silly placeDep ROOT color-convert@2.0.1 OK for: color@4.2.3 want: ^2.0.1
1062 silly placeDep ROOT color-string@1.9.1 OK for: color@4.2.3 want: ^1.9.0
1063 silly fetch manifest color-name@~1.1.4
1064 silly packumentCache full:https://registry.npmjs.org/color-name cache-miss
1065 silly fetch manifest color-name@^1.0.0
1066 silly packumentCache full:https://registry.npmjs.org/color-name cache-miss
1067 silly fetch manifest simple-swizzle@^0.2.2
1068 silly packumentCache full:https://registry.npmjs.org/simple-swizzle cache-miss
1069 http fetch GET 200 https://registry.npmjs.org/simple-swizzle 111ms (cache revalidated)
1070 silly packumentCache full:https://registry.npmjs.org/simple-swizzle set size:10651 disposed:false
1071 http fetch GET 200 https://registry.npmjs.org/color-name 149ms (cache revalidated)
1072 silly packumentCache full:https://registry.npmjs.org/color-name set size:19467 disposed:false
1073 http fetch GET 200 https://registry.npmjs.org/color-name 151ms (cache revalidated)
1074 silly packumentCache full:https://registry.npmjs.org/color-name set size:19467 disposed:false
1075 silly packumentCache full:https://registry.npmjs.org/color-name dispose
1076 silly placeDep ROOT color-name@1.1.4 OK for: color-convert@2.0.1 want: ~1.1.4
1077 silly placeDep ROOT simple-swizzle@0.2.4 OK for: color-string@1.9.1 want: ^0.2.2
1078 silly fetch manifest is-arrayish@^0.3.1
1079 silly packumentCache full:https://registry.npmjs.org/is-arrayish cache-miss
1080 http fetch GET 200 https://registry.npmjs.org/is-arrayish 139ms (cache revalidated)
1081 silly packumentCache full:https://registry.npmjs.org/is-arrayish set size:15371 disposed:false
1082 silly placeDep ROOT ms@2.1.3 OK for: debug@4.4.3 want: ^2.1.3
1083 silly fetch manifest eslint@^6.0.0 || ^7.0.0 || >=8.0.0
1084 silly packumentCache full:https://registry.npmjs.org/eslint cache-miss
1085 http cache https://registry.npmjs.org/eslint 16ms (cache hit)
1086 silly packumentCache full:https://registry.npmjs.org/eslint set size:2019015 disposed:false
1087 silly placeDep ROOT @eslint-community/eslint-utils@4.9.1 OK for: eslint@9.39.4 want: ^4.8.0
1088 silly placeDep ROOT @eslint-community/regexpp@4.12.2 OK for: eslint@9.39.4 want: ^4.12.1
1089 silly placeDep ROOT @eslint/config-array@0.21.2 OK for: eslint@9.39.4 want: ^0.21.2
1090 silly placeDep ROOT @eslint/config-helpers@0.4.2 OK for: eslint@9.39.4 want: ^0.4.2
1091 silly placeDep ROOT @eslint/core@0.17.0 OK for: eslint@9.39.4 want: ^0.17.0
1092 silly placeDep ROOT @eslint/eslintrc@3.3.5 OK for: eslint@9.39.4 want: ^3.3.5
1093 silly placeDep ROOT @eslint/js@9.39.4 OK for: eslint@9.39.4 want: 9.39.4
1094 silly placeDep ROOT @eslint/plugin-kit@0.4.1 OK for: eslint@9.39.4 want: ^0.4.1
1095 silly placeDep ROOT @humanfs/node@0.16.8 OK for: eslint@9.39.4 want: ^0.16.6
1096 silly placeDep ROOT @humanwhocodes/module-importer@1.0.1 OK for: eslint@9.39.4 want: ^1.0.1
1097 silly placeDep ROOT @humanwhocodes/retry@0.4.3 OK for: eslint@9.39.4 want: ^0.4.2
1098 silly placeDep ROOT @types/estree@1.0.9 OK for: eslint@9.39.4 want: ^1.0.6
1099 silly placeDep ROOT ajv@6.15.0 OK for: eslint@9.39.4 want: ^6.14.0
1100 silly placeDep ROOT chalk@4.1.2 OK for: eslint@9.39.4 want: ^4.0.0
1101 silly placeDep ROOT cross-spawn@7.0.6 OK for: eslint@9.39.4 want: ^7.0.6
1102 silly placeDep ROOT eslint-scope@8.4.0 OK for: eslint@9.39.4 want: ^8.4.0
1103 silly placeDep ROOT eslint-visitor-keys@4.2.1 OK for: eslint@9.39.4 want: ^4.2.1
1104 silly placeDep ROOT espree@10.4.0 OK for: eslint@9.39.4 want: ^10.4.0
1105 silly placeDep ROOT esquery@1.7.0 OK for: eslint@9.39.4 want: ^1.5.0
1106 silly placeDep ROOT esutils@2.0.3 OK for: eslint@9.39.4 want: ^2.0.2
1107 silly placeDep ROOT file-entry-cache@8.0.0 OK for: eslint@9.39.4 want: ^8.0.0
1108 silly placeDep ROOT find-up@5.0.0 OK for: eslint@9.39.4 want: ^5.0.0
1109 silly placeDep ROOT glob-parent@6.0.2 OK for: eslint@9.39.4 want: ^6.0.2
1110 silly placeDep ROOT ignore@5.3.2 OK for: eslint@9.39.4 want: ^5.2.0
1111 silly placeDep ROOT imurmurhash@0.1.4 OK for: eslint@9.39.4 want: ^0.1.4
1112 silly placeDep ROOT is-glob@4.0.3 OK for: eslint@9.39.4 want: ^4.0.0
1113 silly placeDep ROOT json-stable-stringify-without-jsonify@1.0.1 OK for: eslint@9.39.4 want: ^1.0.1
1114 silly placeDep ROOT lodash.merge@4.6.2 OK for: eslint@9.39.4 want: ^4.6.2
1115 silly placeDep ROOT minimatch@3.1.5 OK for: eslint@9.39.4 want: ^3.1.5
1116 silly placeDep ROOT natural-compare@1.4.0 OK for: eslint@9.39.4 want: ^1.4.0
1117 silly placeDep ROOT optionator@0.9.4 OK for: eslint@9.39.4 want: ^0.9.3
1118 silly fetch manifest eslint-visitor-keys@^3.4.3
1119 silly packumentCache full:https://registry.npmjs.org/eslint-visitor-keys cache-miss
1120 silly fetch manifest @eslint/object-schema@^2.1.7
1121 silly packumentCache full:https://registry.npmjs.org/@eslint%2fobject-schema cache-miss
1122 silly fetch manifest @types/json-schema@^7.0.15
1123 silly packumentCache full:https://registry.npmjs.org/@types%2fjson-schema cache-miss
1124 silly fetch manifest espree@^10.0.1
1125 silly packumentCache full:https://registry.npmjs.org/espree cache-miss
1126 silly fetch manifest globals@^14.0.0
1127 silly packumentCache full:https://registry.npmjs.org/globals cache-miss
1128 silly fetch manifest import-fresh@^3.2.1
1129 silly packumentCache full:https://registry.npmjs.org/import-fresh cache-miss
1130 silly fetch manifest js-yaml@^4.1.1
1131 silly packumentCache full:https://registry.npmjs.org/js-yaml cache-miss
1132 silly fetch manifest strip-json-comments@^3.1.1
1133 silly packumentCache full:https://registry.npmjs.org/strip-json-comments cache-miss
1134 silly fetch manifest levn@^0.4.1
1135 silly packumentCache full:https://registry.npmjs.org/levn cache-miss
1136 silly fetch manifest @humanwhocodes/retry@^0.4.0
1137 silly packumentCache full:https://registry.npmjs.org/@humanwhocodes%2fretry cache-miss
1138 silly fetch manifest @humanfs/core@^0.19.2
1139 silly packumentCache full:https://registry.npmjs.org/@humanfs%2fcore cache-miss
1140 silly fetch manifest @humanfs/types@^0.15.0
1141 silly packumentCache full:https://registry.npmjs.org/@humanfs%2ftypes cache-miss
1142 silly fetch manifest uri-js@^4.2.2
1143 silly packumentCache full:https://registry.npmjs.org/uri-js cache-miss
1144 silly fetch manifest json-schema-traverse@^0.4.1
1145 silly packumentCache full:https://registry.npmjs.org/json-schema-traverse cache-miss
1146 silly fetch manifest fast-json-stable-stringify@^2.0.0
1147 silly packumentCache full:https://registry.npmjs.org/fast-json-stable-stringify cache-miss
1148 silly fetch manifest ansi-styles@^4.1.0
1149 silly packumentCache full:https://registry.npmjs.org/ansi-styles cache-miss
1150 silly fetch manifest supports-color@^7.1.0
1151 silly packumentCache full:https://registry.npmjs.org/supports-color cache-miss
1152 silly fetch manifest which@^2.0.1
1153 silly packumentCache full:https://registry.npmjs.org/which cache-miss
1154 silly fetch manifest path-key@^3.1.0
1155 silly packumentCache full:https://registry.npmjs.org/path-key cache-miss
1156 http cache https://registry.npmjs.org/eslint-visitor-keys 84ms (cache hit)
1157 silly packumentCache full:https://registry.npmjs.org/eslint-visitor-keys set size:69949 disposed:false
1158 silly fetch manifest shebang-command@^2.0.0
1159 silly packumentCache full:https://registry.npmjs.org/shebang-command cache-miss
1160 http cache https://registry.npmjs.org/@humanwhocodes%2fretry 85ms (cache hit)
1161 silly packumentCache full:https://registry.npmjs.org/@humanwhocodes%2fretry set size:42348 disposed:false
1162 silly fetch manifest esrecurse@^4.3.0
1163 silly packumentCache full:https://registry.npmjs.org/esrecurse cache-miss
1164 http cache https://registry.npmjs.org/espree 92ms (cache hit)
1165 silly packumentCache full:https://registry.npmjs.org/espree set size:326080 disposed:false
1166 silly fetch manifest estraverse@^5.2.0
1167 silly packumentCache full:https://registry.npmjs.org/estraverse cache-miss
1168 http cache https://registry.npmjs.org/globals 96ms (cache hit)
1169 silly packumentCache full:https://registry.npmjs.org/globals set size:319673 disposed:false
1170 silly fetch manifest acorn@^8.15.0
1171 silly packumentCache full:https://registry.npmjs.org/acorn cache-miss
1172 http fetch GET 200 https://registry.npmjs.org/import-fresh 132ms (cache miss)
1173 silly packumentCache full:https://registry.npmjs.org/import-fresh set size:undefined disposed:false
1174 silly fetch manifest acorn-jsx@^5.3.2
1175 silly packumentCache full:https://registry.npmjs.org/acorn-jsx cache-miss
1176 http fetch GET 200 https://registry.npmjs.org/levn 145ms (cache miss)
1177 silly packumentCache full:https://registry.npmjs.org/levn set size:undefined disposed:false
1178 silly fetch manifest estraverse@^5.1.0
1179 silly packumentCache full:https://registry.npmjs.org/estraverse cache-miss
1180 http fetch GET 200 https://registry.npmjs.org/strip-json-comments 158ms (cache miss)
1181 silly packumentCache full:https://registry.npmjs.org/strip-json-comments set size:undefined disposed:false
1182 silly fetch manifest flat-cache@^4.0.0
1183 silly packumentCache full:https://registry.npmjs.org/flat-cache cache-miss
1184 http fetch GET 200 https://registry.npmjs.org/@types%2fjson-schema 170ms (cache miss)
1185 silly packumentCache full:https://registry.npmjs.org/@types%2fjson-schema set size:undefined disposed:false
1186 silly fetch manifest locate-path@^6.0.0
1187 silly packumentCache full:https://registry.npmjs.org/locate-path cache-miss
1188 http fetch GET 200 https://registry.npmjs.org/which 200ms (cache revalidated)
1189 silly packumentCache full:https://registry.npmjs.org/which set size:70143 disposed:false
1190 silly fetch manifest path-exists@^4.0.0
1191 silly packumentCache full:https://registry.npmjs.org/path-exists cache-miss
1192 http fetch GET 200 https://registry.npmjs.org/uri-js 220ms (cache revalidated)
1193 silly packumentCache full:https://registry.npmjs.org/uri-js set size:42559 disposed:false
1194 silly fetch manifest is-glob@^4.0.3
1195 silly packumentCache full:https://registry.npmjs.org/is-glob cache-hit
1196 silly fetch manifest is-extglob@^2.1.1
1197 silly packumentCache full:https://registry.npmjs.org/is-extglob cache-miss
1198 http fetch GET 200 https://registry.npmjs.org/ansi-styles 221ms (cache revalidated)
1199 silly packumentCache full:https://registry.npmjs.org/ansi-styles set size:63233 disposed:false
1200 silly fetch manifest brace-expansion@^1.1.7
1201 silly packumentCache full:https://registry.npmjs.org/brace-expansion cache-miss
1202 http fetch GET 200 https://registry.npmjs.org/js-yaml 230ms (cache revalidated)
1203 silly packumentCache full:https://registry.npmjs.org/js-yaml set size:171743 disposed:false
1204 silly fetch manifest prelude-ls@^1.2.1
1205 silly packumentCache full:https://registry.npmjs.org/prelude-ls cache-miss
1206 http fetch GET 200 https://registry.npmjs.org/supports-color 267ms (cache revalidated)
1207 silly packumentCache full:https://registry.npmjs.org/supports-color set size:118680 disposed:false
1208 silly fetch manifest deep-is@^0.1.3
1209 silly packumentCache full:https://registry.npmjs.org/deep-is cache-miss
1210 http fetch GET 200 https://registry.npmjs.org/path-key 269ms (cache revalidated)
1211 silly packumentCache full:https://registry.npmjs.org/path-key set size:16975 disposed:false
1212 silly fetch manifest word-wrap@^1.2.5
1213 silly packumentCache full:https://registry.npmjs.org/word-wrap cache-miss
1214 http fetch GET 200 https://registry.npmjs.org/json-schema-traverse 278ms (cache revalidated)
1215 silly packumentCache full:https://registry.npmjs.org/json-schema-traverse set size:23537 disposed:false
1216 silly fetch manifest type-check@^0.4.0
1217 silly packumentCache full:https://registry.npmjs.org/type-check cache-miss
1218 http fetch GET 200 https://registry.npmjs.org/shebang-command 200ms (cache revalidated)
1219 silly packumentCache full:https://registry.npmjs.org/shebang-command set size:8525 disposed:false
1220 silly fetch manifest fast-levenshtein@^2.0.6
1221 silly packumentCache full:https://registry.npmjs.org/fast-levenshtein cache-miss
1222 http fetch GET 200 https://registry.npmjs.org/esrecurse 206ms (cache miss)
1223 silly packumentCache full:https://registry.npmjs.org/esrecurse set size:undefined disposed:false
1224 http fetch GET 200 https://registry.npmjs.org/estraverse 203ms (cache miss)
1225 silly packumentCache full:https://registry.npmjs.org/estraverse set size:undefined disposed:false
1226 http fetch GET 200 https://registry.npmjs.org/acorn 201ms (cache revalidated)
1227 silly packumentCache full:https://registry.npmjs.org/acorn set size:381366 disposed:false
1228 http fetch GET 200 https://registry.npmjs.org/@humanfs%2ftypes 308ms (cache miss)
1229 silly packumentCache full:https://registry.npmjs.org/@humanfs%2ftypes set size:undefined disposed:false
1230 http fetch GET 200 https://registry.npmjs.org/acorn-jsx 186ms (cache miss)
1231 silly packumentCache full:https://registry.npmjs.org/acorn-jsx set size:undefined disposed:false
1232 http fetch GET 200 https://registry.npmjs.org/locate-path 209ms (cache revalidated)
1233 silly packumentCache full:https://registry.npmjs.org/locate-path set size:31329 disposed:false
1234 http fetch GET 200 https://registry.npmjs.org/fast-json-stable-stringify 377ms (cache miss)
1235 silly packumentCache full:https://registry.npmjs.org/fast-json-stable-stringify set size:undefined disposed:false
1236 http fetch GET 200 https://registry.npmjs.org/estraverse 237ms (cache miss)
1237 silly packumentCache full:https://registry.npmjs.org/estraverse set size:undefined disposed:false
1238 http fetch GET 200 https://registry.npmjs.org/@humanfs%2fcore 386ms (cache miss)
1239 silly packumentCache full:https://registry.npmjs.org/@humanfs%2fcore set size:undefined disposed:false
1240 http fetch GET 200 https://registry.npmjs.org/flat-cache 233ms (cache miss)
1241 silly packumentCache full:https://registry.npmjs.org/flat-cache set size:undefined disposed:false
1242 http fetch GET 200 https://registry.npmjs.org/brace-expansion 174ms (cache revalidated)
1243 silly packumentCache full:https://registry.npmjs.org/brace-expansion set size:77035 disposed:false
1244 http fetch GET 200 https://registry.npmjs.org/is-extglob 181ms (cache revalidated)
1245 silly packumentCache full:https://registry.npmjs.org/is-extglob set size:11766 disposed:false
1246 http fetch GET 200 https://registry.npmjs.org/prelude-ls 179ms (cache miss)
1247 silly packumentCache full:https://registry.npmjs.org/prelude-ls set size:undefined disposed:false
1248 http fetch GET 200 https://registry.npmjs.org/deep-is 139ms (cache miss)
1249 silly packumentCache full:https://registry.npmjs.org/deep-is set size:undefined disposed:false
1250 http fetch GET 200 https://registry.npmjs.org/fast-levenshtein 157ms (cache miss)
1251 silly packumentCache full:https://registry.npmjs.org/fast-levenshtein set size:undefined disposed:false
1252 http fetch GET 200 https://registry.npmjs.org/word-wrap 169ms (cache miss)
1253 silly packumentCache full:https://registry.npmjs.org/word-wrap set size:undefined disposed:false
1254 http fetch GET 200 https://registry.npmjs.org/@eslint%2fobject-schema 514ms (cache miss)
1255 silly packumentCache full:https://registry.npmjs.org/@eslint%2fobject-schema set size:undefined disposed:false
1256 http fetch GET 200 https://registry.npmjs.org/type-check 301ms (cache miss)
1257 silly packumentCache full:https://registry.npmjs.org/type-check set size:undefined disposed:false
1258 http fetch GET 200 https://registry.npmjs.org/path-exists 380ms (cache revalidated)
1259 silly packumentCache full:https://registry.npmjs.org/path-exists set size:13704 disposed:false
1260 silly placeDep node_modules/@eslint-community/eslint-utils eslint-visitor-keys@3.4.3 OK for: @eslint-community/eslint-utils@4.9.1 want: ^3.4.3
1261 silly placeDep ROOT @eslint/object-schema@2.1.7 OK for: @eslint/config-array@0.21.2 want: ^2.1.7
1262 silly placeDep ROOT @types/json-schema@7.0.15 OK for: @eslint/core@0.17.0 want: ^7.0.15
1263 silly placeDep ROOT globals@14.0.0 OK for: @eslint/eslintrc@3.3.5 want: ^14.0.0
1264 silly placeDep ROOT import-fresh@3.3.1 OK for: @eslint/eslintrc@3.3.5 want: ^3.2.1
1265 silly placeDep ROOT js-yaml@4.3.0 OK for: @eslint/eslintrc@3.3.5 want: ^4.1.1
1266 silly placeDep ROOT strip-json-comments@3.1.1 OK for: @eslint/eslintrc@3.3.5 want: ^3.1.1
1267 silly fetch manifest resolve-from@^4.0.0
1268 silly packumentCache full:https://registry.npmjs.org/resolve-from cache-miss
1269 silly fetch manifest parent-module@^1.0.0
1270 silly packumentCache full:https://registry.npmjs.org/parent-module cache-miss
1271 silly fetch manifest argparse@^2.0.1
1272 silly packumentCache full:https://registry.npmjs.org/argparse cache-miss
1273 http fetch GET 200 https://registry.npmjs.org/parent-module 111ms (cache miss)
1274 silly packumentCache full:https://registry.npmjs.org/parent-module set size:undefined disposed:false
1275 http fetch GET 200 https://registry.npmjs.org/argparse 162ms (cache revalidated)
1276 silly packumentCache full:https://registry.npmjs.org/argparse set size:49266 disposed:false
1277 http fetch GET 200 https://registry.npmjs.org/resolve-from 167ms (cache revalidated)
1278 silly packumentCache full:https://registry.npmjs.org/resolve-from set size:12911 disposed:false
1279 silly placeDep ROOT levn@0.4.1 OK for: @eslint/plugin-kit@0.4.1 want: ^0.4.1
1280 silly fetch manifest type-check@~0.4.0
1281 silly packumentCache full:https://registry.npmjs.org/type-check cache-miss
1282 http cache https://registry.npmjs.org/type-check 8ms (cache hit)
1283 silly packumentCache full:https://registry.npmjs.org/type-check set size:21221 disposed:false
1284 silly placeDep ROOT @humanfs/core@0.19.2 OK for: @humanfs/node@0.16.8 want: ^0.19.2
1285 silly placeDep ROOT @humanfs/types@0.15.0 OK for: @humanfs/node@0.16.8 want: ^0.15.0
1286 silly placeDep ROOT fast-json-stable-stringify@2.1.0 OK for: ajv@6.15.0 want: ^2.0.0
1287 silly placeDep ROOT json-schema-traverse@0.4.1 OK for: ajv@6.15.0 want: ^0.4.1
1288 silly placeDep ROOT uri-js@4.4.1 OK for: ajv@6.15.0 want: ^4.2.2
1289 silly fetch manifest punycode@^2.1.0
1290 silly packumentCache full:https://registry.npmjs.org/punycode cache-miss
1291 http fetch GET 200 https://registry.npmjs.org/punycode 164ms (cache revalidated)
1292 silly packumentCache full:https://registry.npmjs.org/punycode set size:61278 disposed:false
1293 silly placeDep ROOT ansi-styles@4.3.0 OK for: chalk@4.1.2 want: ^4.1.0
1294 silly placeDep ROOT supports-color@7.2.0 OK for: chalk@4.1.2 want: ^7.1.0
1295 silly fetch manifest has-flag@^4.0.0
1296 silly packumentCache full:https://registry.npmjs.org/has-flag cache-miss
1297 http fetch GET 200 https://registry.npmjs.org/has-flag 193ms (cache revalidated)
1298 silly packumentCache full:https://registry.npmjs.org/has-flag set size:15180 disposed:false
1299 silly placeDep ROOT path-key@3.1.1 OK for: cross-spawn@7.0.6 want: ^3.1.0
1300 silly placeDep ROOT shebang-command@2.0.0 OK for: cross-spawn@7.0.6 want: ^2.0.0
1301 silly placeDep ROOT which@2.0.2 OK for: cross-spawn@7.0.6 want: ^2.0.1
1302 silly fetch manifest shebang-regex@^3.0.0
1303 silly packumentCache full:https://registry.npmjs.org/shebang-regex cache-miss
1304 silly fetch manifest isexe@^2.0.0
1305 silly packumentCache full:https://registry.npmjs.org/isexe cache-miss
1306 http fetch GET 200 https://registry.npmjs.org/shebang-regex 130ms (cache revalidated)
1307 silly packumentCache full:https://registry.npmjs.org/shebang-regex set size:9763 disposed:false
1308 http fetch GET 200 https://registry.npmjs.org/isexe 196ms (cache revalidated)
1309 silly packumentCache full:https://registry.npmjs.org/isexe set size:31756 disposed:false
1310 silly fetch manifest eslint@>=8.10
1311 silly packumentCache full:https://registry.npmjs.org/eslint cache-miss
1312 http cache https://registry.npmjs.org/eslint 16ms (cache hit)
1313 silly packumentCache full:https://registry.npmjs.org/eslint set size:2019015 disposed:false
1314 silly fetch manifest eslint@^3 || ^4 || ^5 || ^6 || ^7 || ^8 || ^9.7
1315 silly packumentCache full:https://registry.npmjs.org/eslint cache-miss
1316 http cache https://registry.npmjs.org/eslint 15ms (cache hit)
1317 silly packumentCache full:https://registry.npmjs.org/eslint set size:2019015 disposed:false
1318 silly fetch manifest eslint@^2 || ^3 || ^4 || ^5 || ^6 || ^7.2.0 || ^8 || ^9
1319 silly packumentCache full:https://registry.npmjs.org/eslint cache-miss
1320 http cache https://registry.npmjs.org/eslint 49ms (cache hit)
1321 silly packumentCache full:https://registry.npmjs.org/eslint set size:2019015 disposed:false
1322 silly fetch manifest typescript@>=4.8.4 <6.1.0
1323 silly packumentCache full:https://registry.npmjs.org/typescript cache-miss
1324 http cache https://registry.npmjs.org/typescript 51ms (cache hit)
1325 silly packumentCache full:https://registry.npmjs.org/typescript set size:15410956 disposed:false
1326 silly fetch manifest eslint@^3.0.0 || ^4.0.0 || ^5.0.0 || ^6.0.0 || ^7.0.0 || ^8.0.0-0 || ^9.0.0
1327 silly packumentCache full:https://registry.npmjs.org/eslint cache-miss
1328 http cache https://registry.npmjs.org/eslint 14ms (cache hit)
1329 silly packumentCache full:https://registry.npmjs.org/eslint set size:2019015 disposed:false
1330 silly fetch manifest eslint-plugin-import-x@*
1331 silly packumentCache full:https://registry.npmjs.org/eslint-plugin-import-x cache-miss
1332 http fetch GET 200 https://registry.npmjs.org/eslint-plugin-import-x 276ms (cache miss)
1333 silly packumentCache full:https://registry.npmjs.org/eslint-plugin-import-x set size:undefined disposed:false
1334 silly fetch manifest @typescript-eslint/utils@^8.56.0
1335 silly packumentCache full:https://registry.npmjs.org/@typescript-eslint%2futils cache-miss
1336 http fetch GET 200 https://registry.npmjs.org/@typescript-eslint%2futils 3112ms (cache miss)
1337 silly packumentCache full:https://registry.npmjs.org/@typescript-eslint%2futils set size:undefined disposed:false
1338 silly fetch manifest eslint-import-resolver-node@*
1339 silly packumentCache full:https://registry.npmjs.org/eslint-import-resolver-node cache-miss
1340 http fetch GET 200 https://registry.npmjs.org/eslint-import-resolver-node 143ms (cache miss)
1341 silly packumentCache full:https://registry.npmjs.org/eslint-import-resolver-node set size:undefined disposed:false
1342 silly placeDep ROOT @typescript-eslint/eslint-plugin@8.62.1 OK for: eslint-config-expo@10.0.0 want: ^8.18.2
1343 silly placeDep ROOT @typescript-eslint/parser@8.62.1 OK for: @typescript-eslint/eslint-plugin@8.62.1 want: ^8.62.1
1344 silly placeDep ROOT eslint-import-resolver-typescript@3.10.1 OK for: eslint-config-expo@10.0.0 want: ^3.6.3
1345 silly placeDep ROOT eslint-plugin-expo@1.1.0 OK for: eslint-config-expo@10.0.0 want: ^1.0.0
1346 silly placeDep ROOT eslint-plugin-import@2.32.0 OK for: eslint-config-expo@10.0.0 want: ^2.30.0
1347 silly placeDep ROOT eslint-plugin-react@7.37.5 OK for: eslint-config-expo@10.0.0 want: ^7.37.3
1348 silly placeDep ROOT eslint-plugin-react-hooks@5.2.0 OK for: eslint-config-expo@10.0.0 want: ^5.1.0
1349 silly placeDep node_modules/eslint-config-expo globals@16.5.0 OK for: eslint-config-expo@10.0.0 want: ^16.0.0
1350 silly fetch manifest ignore@^7.0.5
1351 silly packumentCache full:https://registry.npmjs.org/ignore cache-hit
1352 silly fetch manifest ts-api-utils@^2.5.0
1353 silly packumentCache full:https://registry.npmjs.org/ts-api-utils cache-miss
1354 silly fetch manifest @typescript-eslint/utils@8.62.1
1355 silly packumentCache full:https://registry.npmjs.org/@typescript-eslint%2futils cache-miss
1356 silly fetch manifest @typescript-eslint/type-utils@8.62.1
1357 silly packumentCache full:https://registry.npmjs.org/@typescript-eslint%2ftype-utils cache-miss
1358 silly fetch manifest @typescript-eslint/visitor-keys@8.62.1
1359 silly packumentCache full:https://registry.npmjs.org/@typescript-eslint%2fvisitor-keys cache-miss
1360 silly fetch manifest @typescript-eslint/scope-manager@8.62.1
1361 silly packumentCache full:https://registry.npmjs.org/@typescript-eslint%2fscope-manager cache-miss
1362 silly fetch manifest @typescript-eslint/types@8.62.1
1363 silly packumentCache full:https://registry.npmjs.org/@typescript-eslint%2ftypes cache-miss
1364 silly fetch manifest @typescript-eslint/visitor-keys@8.62.1
1365 silly packumentCache full:https://registry.npmjs.org/@typescript-eslint%2fvisitor-keys cache-miss
1366 silly fetch manifest @typescript-eslint/scope-manager@8.62.1
1367 silly packumentCache full:https://registry.npmjs.org/@typescript-eslint%2fscope-manager cache-miss
1368 silly fetch manifest @typescript-eslint/typescript-estree@8.62.1
1369 silly packumentCache full:https://registry.npmjs.org/@typescript-eslint%2ftypescript-estree cache-miss
1370 silly fetch manifest tinyglobby@^0.2.13
1371 silly packumentCache full:https://registry.npmjs.org/tinyglobby cache-miss
1372 silly fetch manifest stable-hash@^0.0.5
1373 silly packumentCache full:https://registry.npmjs.org/stable-hash cache-miss
1374 silly fetch manifest get-tsconfig@^4.10.0
1375 silly packumentCache full:https://registry.npmjs.org/get-tsconfig cache-miss
1376 silly fetch manifest is-bun-module@^2.0.0
1377 silly packumentCache full:https://registry.npmjs.org/is-bun-module cache-miss
1378 silly fetch manifest unrs-resolver@^1.6.2
1379 silly packumentCache full:https://registry.npmjs.org/unrs-resolver cache-miss
1380 silly fetch manifest @nolyfill/is-core-module@1.0.39
1381 silly packumentCache full:https://registry.npmjs.org/@nolyfill%2fis-core-module cache-miss
1382 silly fetch manifest @typescript-eslint/types@^8.59.0
1383 silly packumentCache full:https://registry.npmjs.org/@typescript-eslint%2ftypes cache-miss
1384 silly fetch manifest @typescript-eslint/utils@^8.59.0
1385 silly packumentCache full:https://registry.npmjs.org/@typescript-eslint%2futils cache-miss
1386 silly fetch manifest @rtsao/scc@^1.1.0
1387 silly packumentCache full:https://registry.npmjs.org/@rtsao%2fscc cache-miss
1388 silly fetch manifest array-includes@^3.1.9
1389 silly packumentCache full:https://registry.npmjs.org/array-includes cache-miss
1390 http cache https://registry.npmjs.org/@typescript-eslint%2futils 62ms (cache hit)
1391 silly packumentCache full:https://registry.npmjs.org/@typescript-eslint%2futils set size:10352461 disposed:false
1392 silly fetch manifest array.prototype.findlastindex@^1.2.6
1393 silly packumentCache full:https://registry.npmjs.org/array.prototype.findlastindex cache-miss
1394 http cache https://registry.npmjs.org/@typescript-eslint%2futils 141ms (cache hit)
1395 silly packumentCache full:https://registry.npmjs.org/@typescript-eslint%2futils set size:10352461 disposed:false
1396 silly fetch manifest array.prototype.flat@^1.3.3
1397 silly packumentCache full:https://registry.npmjs.org/array.prototype.flat cache-miss
1398 http fetch GET 200 https://registry.npmjs.org/@rtsao%2fscc 282ms (cache miss)
1399 silly packumentCache full:https://registry.npmjs.org/@rtsao%2fscc set size:undefined disposed:false
1400 silly fetch manifest array.prototype.flatmap@^1.3.3
1401 silly packumentCache full:https://registry.npmjs.org/array.prototype.flatmap cache-miss
1402 http fetch GET 200 https://registry.npmjs.org/is-bun-module 288ms (cache miss)
1403 silly packumentCache full:https://registry.npmjs.org/is-bun-module set size:undefined disposed:false
1404 silly fetch manifest debug@^3.2.7
1405 silly packumentCache full:https://registry.npmjs.org/debug cache-hit
1406 silly fetch manifest doctrine@^2.1.0
1407 silly packumentCache full:https://registry.npmjs.org/doctrine cache-miss
1408 http fetch GET 200 https://registry.npmjs.org/stable-hash 292ms (cache miss)
1409 silly packumentCache full:https://registry.npmjs.org/stable-hash set size:undefined disposed:false
1410 silly fetch manifest eslint-import-resolver-node@^0.3.9
1411 silly packumentCache full:https://registry.npmjs.org/eslint-import-resolver-node cache-miss
1412 http fetch GET 200 https://registry.npmjs.org/@nolyfill%2fis-core-module 294ms (cache miss)
1413 silly packumentCache full:https://registry.npmjs.org/@nolyfill%2fis-core-module set size:undefined disposed:false
1414 silly fetch manifest eslint-module-utils@^2.12.1
1415 silly packumentCache full:https://registry.npmjs.org/eslint-module-utils cache-miss
1416 http fetch GET 200 https://registry.npmjs.org/get-tsconfig 297ms (cache miss)
1417 silly packumentCache full:https://registry.npmjs.org/get-tsconfig set size:undefined disposed:false
1418 silly fetch manifest hasown@^2.0.2
1419 silly packumentCache full:https://registry.npmjs.org/hasown cache-miss
1420 http fetch GET 200 https://registry.npmjs.org/unrs-resolver 300ms (cache miss)
1421 silly packumentCache full:https://registry.npmjs.org/unrs-resolver set size:undefined disposed:false
1422 silly fetch manifest is-core-module@^2.16.1
1423 silly packumentCache full:https://registry.npmjs.org/is-core-module cache-miss
1424 http cache https://registry.npmjs.org/eslint-import-resolver-node 24ms (cache hit)
1425 silly packumentCache full:https://registry.npmjs.org/eslint-import-resolver-node set size:39118 disposed:false
1426 silly fetch manifest object.fromentries@^2.0.8
1427 silly packumentCache full:https://registry.npmjs.org/object.fromentries cache-miss
1428 http fetch GET 200 https://registry.npmjs.org/ts-api-utils 345ms (cache miss)
1429 silly packumentCache full:https://registry.npmjs.org/ts-api-utils set size:undefined disposed:false
1430 silly fetch manifest object.groupby@^1.0.3
1431 silly packumentCache full:https://registry.npmjs.org/object.groupby cache-miss
1432 http fetch GET 200 https://registry.npmjs.org/array-includes 612ms (cache miss)
1433 silly packumentCache full:https://registry.npmjs.org/array-includes set size:undefined disposed:false
1434 silly fetch manifest object.values@^1.2.1
1435 silly packumentCache full:https://registry.npmjs.org/object.values cache-miss
1436 http fetch GET 200 https://registry.npmjs.org/array.prototype.flat 632ms (cache miss)
1437 silly packumentCache full:https://registry.npmjs.org/array.prototype.flat set size:undefined disposed:false
1438 silly fetch manifest string.prototype.trimend@^1.0.9
1439 silly packumentCache full:https://registry.npmjs.org/string.prototype.trimend cache-miss
1440 http fetch GET 200 https://registry.npmjs.org/tinyglobby 875ms (cache revalidated)
1441 silly packumentCache full:https://registry.npmjs.org/tinyglobby set size:54291 disposed:false
1442 silly fetch manifest tsconfig-paths@^3.15.0
1443 silly packumentCache full:https://registry.npmjs.org/tsconfig-paths cache-miss
1444 http fetch GET 200 https://registry.npmjs.org/array.prototype.findlastindex 779ms (cache miss)
1445 silly packumentCache full:https://registry.npmjs.org/array.prototype.findlastindex set size:undefined disposed:false
1446 silly fetch manifest array-includes@^3.1.8
1447 silly packumentCache full:https://registry.npmjs.org/array-includes cache-miss
1448 http cache https://registry.npmjs.org/array-includes 12ms (cache hit)
1449 silly packumentCache full:https://registry.npmjs.org/array-includes set size:77143 disposed:false
1450 silly fetch manifest array.prototype.findlast@^1.2.5
1451 silly packumentCache full:https://registry.npmjs.org/array.prototype.findlast cache-miss
1452 http fetch GET 200 https://registry.npmjs.org/array.prototype.flatmap 734ms (cache miss)
1453 silly packumentCache full:https://registry.npmjs.org/array.prototype.flatmap set size:undefined disposed:false
1454 silly fetch manifest array.prototype.tosorted@^1.1.4
1455 silly packumentCache full:https://registry.npmjs.org/array.prototype.tosorted cache-miss
1456 http fetch GET 200 https://registry.npmjs.org/doctrine 737ms (cache miss)
1457 silly packumentCache full:https://registry.npmjs.org/doctrine set size:undefined disposed:false
1458 silly fetch manifest es-iterator-helpers@^1.2.1
1459 silly packumentCache full:https://registry.npmjs.org/es-iterator-helpers cache-miss
1460 http fetch GET 200 https://registry.npmjs.org/eslint-module-utils 770ms (cache miss)
1461 silly packumentCache full:https://registry.npmjs.org/eslint-module-utils set size:undefined disposed:false
1462 silly fetch manifest estraverse@^5.3.0
1463 silly packumentCache full:https://registry.npmjs.org/estraverse cache-miss
1464 http cache https://registry.npmjs.org/estraverse 26ms (cache hit)
1465 silly packumentCache full:https://registry.npmjs.org/estraverse set size:62412 disposed:false
1466 silly fetch manifest hasown@^2.0.2
1467 silly packumentCache full:https://registry.npmjs.org/hasown cache-miss
1468 http fetch GET 200 https://registry.npmjs.org/hasown 869ms (cache revalidated)
1469 silly packumentCache full:https://registry.npmjs.org/hasown set size:18361 disposed:false
1470 silly fetch manifest jsx-ast-utils@^2.4.1 || ^3.0.0
1471 silly packumentCache full:https://registry.npmjs.org/jsx-ast-utils cache-miss
1472 http fetch GET 200 https://registry.npmjs.org/@typescript-eslint%2fvisitor-keys 1188ms (cache miss)
1473 silly packumentCache full:https://registry.npmjs.org/@typescript-eslint%2fvisitor-keys set size:undefined disposed:false
1474 silly fetch manifest object.entries@^1.1.9
1475 silly packumentCache full:https://registry.npmjs.org/object.entries cache-miss
1476 http fetch GET 200 https://registry.npmjs.org/is-core-module 988ms (cache revalidated)
1477 silly packumentCache full:https://registry.npmjs.org/is-core-module set size:74378 disposed:false
1478 silly fetch manifest object.fromentries@^2.0.8
1479 silly packumentCache full:https://registry.npmjs.org/object.fromentries cache-miss
1480 http fetch GET 200 https://registry.npmjs.org/object.groupby 961ms (cache miss)
1481 silly packumentCache full:https://registry.npmjs.org/object.groupby set size:undefined disposed:false
1482 silly fetch manifest object.values@^1.2.1
1483 silly packumentCache full:https://registry.npmjs.org/object.values cache-miss
1484 http fetch GET 200 https://registry.npmjs.org/object.values 694ms (cache miss)
1485 silly packumentCache full:https://registry.npmjs.org/object.values set size:undefined disposed:false
1486 silly fetch manifest prop-types@^15.8.1
1487 silly packumentCache full:https://registry.npmjs.org/prop-types cache-miss
1488 http fetch GET 200 https://registry.npmjs.org/object.fromentries 999ms (cache miss)
1489 silly packumentCache full:https://registry.npmjs.org/object.fromentries set size:undefined disposed:false
1490 silly fetch manifest resolve@^2.0.0-next.5
1491 silly packumentCache full:https://registry.npmjs.org/resolve cache-miss
1492 http fetch GET 200 https://registry.npmjs.org/string.prototype.trimend 505ms (cache miss)
1493 silly packumentCache full:https://registry.npmjs.org/string.prototype.trimend set size:undefined disposed:false
1494 silly fetch manifest string.prototype.matchall@^4.0.12
1495 silly packumentCache full:https://registry.npmjs.org/string.prototype.matchall cache-miss
1496 http fetch GET 200 https://registry.npmjs.org/tsconfig-paths 488ms (cache miss)
1497 silly packumentCache full:https://registry.npmjs.org/tsconfig-paths set size:undefined disposed:false
1498 silly fetch manifest string.prototype.repeat@^1.0.0
1499 silly packumentCache full:https://registry.npmjs.org/string.prototype.repeat cache-miss
1500 http fetch GET 200 https://registry.npmjs.org/array.prototype.tosorted 360ms (cache miss)
1501 silly packumentCache full:https://registry.npmjs.org/array.prototype.tosorted set size:undefined disposed:false
1502 http fetch GET 200 https://registry.npmjs.org/@typescript-eslint%2fvisitor-keys 1398ms (cache miss)
1503 silly packumentCache full:https://registry.npmjs.org/@typescript-eslint%2fvisitor-keys set size:undefined disposed:false
1504 http fetch GET 200 https://registry.npmjs.org/es-iterator-helpers 475ms (cache miss)
1505 silly packumentCache full:https://registry.npmjs.org/es-iterator-helpers set size:undefined disposed:false
1506 http fetch GET 200 https://registry.npmjs.org/hasown 414ms (cache revalidated)
1507 silly packumentCache full:https://registry.npmjs.org/hasown set size:18361 disposed:false
1508 silly packumentCache full:https://registry.npmjs.org/hasown dispose
1509 http fetch GET 200 https://registry.npmjs.org/array.prototype.findlast 625ms (cache miss)
1510 silly packumentCache full:https://registry.npmjs.org/array.prototype.findlast set size:undefined disposed:false
1511 http fetch GET 200 https://registry.npmjs.org/jsx-ast-utils 370ms (cache miss)
1512 silly packumentCache full:https://registry.npmjs.org/jsx-ast-utils set size:undefined disposed:false
1513 http fetch GET 200 https://registry.npmjs.org/object.entries 302ms (cache miss)
1514 silly packumentCache full:https://registry.npmjs.org/object.entries set size:undefined disposed:false
1515 http fetch GET 200 https://registry.npmjs.org/object.fromentries 296ms (cache miss)
1516 silly packumentCache full:https://registry.npmjs.org/object.fromentries set size:undefined disposed:false
1517 http fetch GET 200 https://registry.npmjs.org/object.values 290ms (cache miss)
1518 silly packumentCache full:https://registry.npmjs.org/object.values set size:undefined disposed:false
1519 http fetch GET 200 https://registry.npmjs.org/prop-types 293ms (cache miss)
1520 silly packumentCache full:https://registry.npmjs.org/prop-types set size:undefined disposed:false
1521 http fetch GET 200 https://registry.npmjs.org/resolve 297ms (cache revalidated)
1522 silly packumentCache full:https://registry.npmjs.org/resolve set size:244568 disposed:false
1523 http fetch GET 200 https://registry.npmjs.org/string.prototype.matchall 330ms (cache miss)
1524 silly packumentCache full:https://registry.npmjs.org/string.prototype.matchall set size:undefined disposed:false
1525 http fetch GET 200 https://registry.npmjs.org/@typescript-eslint%2fscope-manager 1762ms (cache miss)
1526 silly packumentCache full:https://registry.npmjs.org/@typescript-eslint%2fscope-manager set size:undefined disposed:false
1527 http fetch GET 200 https://registry.npmjs.org/string.prototype.repeat 470ms (cache miss)
1528 silly packumentCache full:https://registry.npmjs.org/string.prototype.repeat set size:undefined disposed:false
1529 http fetch GET 200 https://registry.npmjs.org/@typescript-eslint%2ftypes 1861ms (cache miss)
1530 silly packumentCache full:https://registry.npmjs.org/@typescript-eslint%2ftypes set size:undefined disposed:false
1531 http fetch GET 200 https://registry.npmjs.org/@typescript-eslint%2fscope-manager 2345ms (cache miss)
1532 silly packumentCache full:https://registry.npmjs.org/@typescript-eslint%2fscope-manager set size:undefined disposed:false
1533 http fetch GET 200 https://registry.npmjs.org/@typescript-eslint%2ftype-utils 2415ms (cache miss)
1534 silly packumentCache full:https://registry.npmjs.org/@typescript-eslint%2ftype-utils set size:undefined disposed:false
1535 http fetch GET 200 https://registry.npmjs.org/@typescript-eslint%2ftypes 2600ms (cache miss)
1536 silly packumentCache full:https://registry.npmjs.org/@typescript-eslint%2ftypes set size:undefined disposed:false
1537 http fetch GET 200 https://registry.npmjs.org/@typescript-eslint%2ftypescript-estree 2708ms (cache miss)
1538 silly packumentCache full:https://registry.npmjs.org/@typescript-eslint%2ftypescript-estree set size:undefined disposed:false
1539 silly fetch manifest eslint@^8.57.0 || ^9.0.0 || ^10.0.0
1540 silly packumentCache full:https://registry.npmjs.org/eslint cache-miss
1541 http cache https://registry.npmjs.org/eslint 61ms (cache hit)
1542 silly packumentCache full:https://registry.npmjs.org/eslint set size:2019015 disposed:false
1543 silly placeDep ROOT @typescript-eslint/scope-manager@8.62.1 OK for: @typescript-eslint/eslint-plugin@8.62.1 want: 8.62.1
1544 silly placeDep ROOT @typescript-eslint/type-utils@8.62.1 OK for: @typescript-eslint/eslint-plugin@8.62.1 want: 8.62.1
1545 silly placeDep ROOT @typescript-eslint/utils@8.62.1 OK for: @typescript-eslint/eslint-plugin@8.62.1 want: 8.62.1
1546 silly placeDep ROOT @typescript-eslint/visitor-keys@8.62.1 OK for: @typescript-eslint/eslint-plugin@8.62.1 want: 8.62.1
1547 silly placeDep node_modules/@typescript-eslint/eslint-plugin ignore@7.0.5 OK for: @typescript-eslint/eslint-plugin@8.62.1 want: ^7.0.5
1548 silly placeDep ROOT ts-api-utils@2.5.0 OK for: @typescript-eslint/eslint-plugin@8.62.1 want: ^2.5.0
1549 silly fetch manifest eslint-visitor-keys@^5.0.0
1550 silly packumentCache full:https://registry.npmjs.org/eslint-visitor-keys cache-hit
1551 silly placeDep ROOT @typescript-eslint/types@8.62.1 OK for: @typescript-eslint/parser@8.62.1 want: 8.62.1
1552 silly placeDep ROOT @typescript-eslint/typescript-estree@8.62.1 OK for: @typescript-eslint/parser@8.62.1 want: 8.62.1
1553 silly fetch manifest semver@^7.7.3
1554 silly packumentCache full:https://registry.npmjs.org/semver cache-hit
1555 silly fetch manifest minimatch@^10.2.2
1556 silly packumentCache full:https://registry.npmjs.org/minimatch cache-hit
1557 silly fetch manifest tinyglobby@^0.2.15
1558 silly packumentCache full:https://registry.npmjs.org/tinyglobby cache-hit
1559 silly fetch manifest @typescript-eslint/tsconfig-utils@8.62.1
1560 silly packumentCache full:https://registry.npmjs.org/@typescript-eslint%2ftsconfig-utils cache-miss
1561 silly fetch manifest @typescript-eslint/project-service@8.62.1
1562 silly packumentCache full:https://registry.npmjs.org/@typescript-eslint%2fproject-service cache-miss
1563 http fetch GET 200 https://registry.npmjs.org/@typescript-eslint%2ftsconfig-utils 359ms (cache miss)
1564 silly packumentCache full:https://registry.npmjs.org/@typescript-eslint%2ftsconfig-utils set size:undefined disposed:false
1565 http fetch GET 200 https://registry.npmjs.org/@typescript-eslint%2fproject-service 512ms (cache miss)
1566 silly packumentCache full:https://registry.npmjs.org/@typescript-eslint%2fproject-service set size:undefined disposed:false
1567 silly placeDep ROOT @typescript-eslint/project-service@8.62.1 OK for: @typescript-eslint/typescript-estree@8.62.1 want: 8.62.1
1568 silly placeDep ROOT @typescript-eslint/tsconfig-utils@8.62.1 OK for: @typescript-eslint/typescript-estree@8.62.1 want: 8.62.1
1569 silly placeDep node_modules/@typescript-eslint/typescript-estree minimatch@10.2.5 OK for: @typescript-eslint/typescript-estree@8.62.1 want: ^10.2.2
1570 silly placeDep node_modules/@typescript-eslint/typescript-estree semver@7.8.5 OK for: @typescript-eslint/typescript-estree@8.62.1 want: ^7.7.3
1571 silly placeDep ROOT tinyglobby@0.2.17 OK for: @typescript-eslint/typescript-estree@8.62.1 want: ^0.2.15
1572 silly fetch manifest @typescript-eslint/tsconfig-utils@^8.62.1
1573 silly packumentCache full:https://registry.npmjs.org/@typescript-eslint%2ftsconfig-utils cache-miss
1574 silly fetch manifest brace-expansion@^5.0.5
1575 silly packumentCache full:https://registry.npmjs.org/brace-expansion cache-hit
1576 silly fetch manifest fdir@^6.5.0
1577 silly packumentCache full:https://registry.npmjs.org/fdir cache-miss
1578 silly fetch manifest picomatch@^4.0.4
1579 silly packumentCache full:https://registry.npmjs.org/picomatch cache-miss
1580 http cache https://registry.npmjs.org/@typescript-eslint%2ftsconfig-utils 17ms (cache hit)
1581 silly packumentCache full:https://registry.npmjs.org/@typescript-eslint%2ftsconfig-utils set size:1419366 disposed:false
1582 http fetch GET 200 https://registry.npmjs.org/picomatch 134ms (cache revalidated)
1583 silly packumentCache full:https://registry.npmjs.org/picomatch set size:128942 disposed:false
1584 http fetch GET 200 https://registry.npmjs.org/fdir 279ms (cache revalidated)
1585 silly packumentCache full:https://registry.npmjs.org/fdir set size:136182 disposed:false
1586 silly placeDep node_modules/@typescript-eslint/visitor-keys eslint-visitor-keys@5.0.1 OK for: @typescript-eslint/visitor-keys@8.62.1 want: ^5.0.0
1587 silly placeDep ROOT @nolyfill/is-core-module@1.0.39 OK for: eslint-import-resolver-typescript@3.10.1 want: 1.0.39
1588 silly placeDep ROOT get-tsconfig@4.14.0 OK for: eslint-import-resolver-typescript@3.10.1 want: ^4.10.0
1589 silly placeDep ROOT is-bun-module@2.0.0 OK for: eslint-import-resolver-typescript@3.10.1 want: ^2.0.0
1590 silly placeDep ROOT stable-hash@0.0.5 OK for: eslint-import-resolver-typescript@3.10.1 want: ^0.0.5
1591 silly placeDep ROOT unrs-resolver@1.12.2 OK for: eslint-import-resolver-typescript@3.10.1 want: ^1.6.2
1592 silly fetch manifest resolve-pkg-maps@^1.0.0
1593 silly packumentCache full:https://registry.npmjs.org/resolve-pkg-maps cache-miss
1594 silly fetch manifest semver@^7.7.1
1595 silly packumentCache full:https://registry.npmjs.org/semver cache-hit
1596 silly fetch manifest napi-postinstall@^0.3.4
1597 silly packumentCache full:https://registry.npmjs.org/napi-postinstall cache-miss
1598 silly fetch manifest @unrs/resolver-binding-darwin-arm64@1.12.2
1599 silly packumentCache full:https://registry.npmjs.org/@unrs%2fresolver-binding-darwin-arm64 cache-miss
1600 silly fetch manifest @unrs/resolver-binding-android-arm64@1.12.2
1601 silly packumentCache full:https://registry.npmjs.org/@unrs%2fresolver-binding-android-arm64 cache-miss
1602 silly fetch manifest @unrs/resolver-binding-win32-arm64-msvc@1.12.2
1603 silly packumentCache full:https://registry.npmjs.org/@unrs%2fresolver-binding-win32-arm64-msvc cache-miss
1604 silly fetch manifest @unrs/resolver-binding-linux-arm64-gnu@1.12.2
1605 silly packumentCache full:https://registry.npmjs.org/@unrs%2fresolver-binding-linux-arm64-gnu cache-miss
1606 silly fetch manifest @unrs/resolver-binding-linux-arm64-musl@1.12.2
1607 silly packumentCache full:https://registry.npmjs.org/@unrs%2fresolver-binding-linux-arm64-musl cache-miss
1608 silly fetch manifest @unrs/resolver-binding-openharmony-arm64@1.12.2
1609 silly packumentCache full:https://registry.npmjs.org/@unrs%2fresolver-binding-openharmony-arm64 cache-miss
1610 silly fetch manifest @unrs/resolver-binding-android-arm-eabi@1.12.2
1611 silly packumentCache full:https://registry.npmjs.org/@unrs%2fresolver-binding-android-arm-eabi cache-miss
1612 silly fetch manifest @unrs/resolver-binding-linux-arm-gnueabihf@1.12.2
1613 silly packumentCache full:https://registry.npmjs.org/@unrs%2fresolver-binding-linux-arm-gnueabihf cache-miss
1614 silly fetch manifest @unrs/resolver-binding-linux-arm-musleabihf@1.12.2
1615 silly packumentCache full:https://registry.npmjs.org/@unrs%2fresolver-binding-linux-arm-musleabihf cache-miss
1616 silly fetch manifest @unrs/resolver-binding-win32-ia32-msvc@1.12.2
1617 silly packumentCache full:https://registry.npmjs.org/@unrs%2fresolver-binding-win32-ia32-msvc cache-miss
1618 silly fetch manifest @unrs/resolver-binding-linux-loong64-gnu@1.12.2
1619 silly packumentCache full:https://registry.npmjs.org/@unrs%2fresolver-binding-linux-loong64-gnu cache-miss
1620 silly fetch manifest @unrs/resolver-binding-linux-loong64-musl@1.12.2
1621 silly packumentCache full:https://registry.npmjs.org/@unrs%2fresolver-binding-linux-loong64-musl cache-miss
1622 silly fetch manifest @unrs/resolver-binding-linux-ppc64-gnu@1.12.2
1623 silly packumentCache full:https://registry.npmjs.org/@unrs%2fresolver-binding-linux-ppc64-gnu cache-miss
1624 silly fetch manifest @unrs/resolver-binding-linux-riscv64-gnu@1.12.2
1625 silly packumentCache full:https://registry.npmjs.org/@unrs%2fresolver-binding-linux-riscv64-gnu cache-miss
1626 silly fetch manifest @unrs/resolver-binding-linux-riscv64-musl@1.12.2
1627 silly packumentCache full:https://registry.npmjs.org/@unrs%2fresolver-binding-linux-riscv64-musl cache-miss
1628 silly fetch manifest @unrs/resolver-binding-linux-s390x-gnu@1.12.2
1629 silly packumentCache full:https://registry.npmjs.org/@unrs%2fresolver-binding-linux-s390x-gnu cache-miss
1630 silly fetch manifest @unrs/resolver-binding-wasm32-wasi@1.12.2
1631 silly packumentCache full:https://registry.npmjs.org/@unrs%2fresolver-binding-wasm32-wasi cache-miss
1632 http fetch GET 200 https://registry.npmjs.org/@unrs%2fresolver-binding-darwin-arm64 136ms (cache miss)
1633 silly packumentCache full:https://registry.npmjs.org/@unrs%2fresolver-binding-darwin-arm64 set size:undefined disposed:false
1634 silly fetch manifest @unrs/resolver-binding-darwin-x64@1.12.2
1635 silly packumentCache full:https://registry.npmjs.org/@unrs%2fresolver-binding-darwin-x64 cache-miss
1636 http fetch GET 200 https://registry.npmjs.org/@unrs%2fresolver-binding-android-arm64 141ms (cache miss)
1637 silly packumentCache full:https://registry.npmjs.org/@unrs%2fresolver-binding-android-arm64 set size:undefined disposed:false
1638 silly fetch manifest @unrs/resolver-binding-win32-x64-msvc@1.12.2
1639 silly packumentCache full:https://registry.npmjs.org/@unrs%2fresolver-binding-win32-x64-msvc cache-miss
1640 http fetch GET 200 https://registry.npmjs.org/@unrs%2fresolver-binding-linux-loong64-musl 168ms (cache miss)
1641 silly packumentCache full:https://registry.npmjs.org/@unrs%2fresolver-binding-linux-loong64-musl set size:undefined disposed:false
1642 silly fetch manifest @unrs/resolver-binding-freebsd-x64@1.12.2
1643 silly packumentCache full:https://registry.npmjs.org/@unrs%2fresolver-binding-freebsd-x64 cache-miss
1644 http fetch GET 200 https://registry.npmjs.org/@unrs%2fresolver-binding-linux-arm64-gnu 175ms (cache miss)
1645 silly packumentCache full:https://registry.npmjs.org/@unrs%2fresolver-binding-linux-arm64-gnu set size:undefined disposed:false
1646 silly fetch manifest @unrs/resolver-binding-linux-x64-gnu@1.12.2
1647 silly packumentCache full:https://registry.npmjs.org/@unrs%2fresolver-binding-linux-x64-gnu cache-miss
1648 http fetch GET 200 https://registry.npmjs.org/@unrs%2fresolver-binding-linux-loong64-gnu 177ms (cache miss)
1649 silly packumentCache full:https://registry.npmjs.org/@unrs%2fresolver-binding-linux-loong64-gnu set size:undefined disposed:false
1650 silly fetch manifest @unrs/resolver-binding-linux-x64-musl@1.12.2
1651 silly packumentCache full:https://registry.npmjs.org/@unrs%2fresolver-binding-linux-x64-musl cache-miss
1652 http fetch GET 200 https://registry.npmjs.org/@unrs%2fresolver-binding-openharmony-arm64 189ms (cache miss)
1653 silly packumentCache full:https://registry.npmjs.org/@unrs%2fresolver-binding-openharmony-arm64 set size:undefined disposed:false
1654 http fetch GET 200 https://registry.npmjs.org/@unrs%2fresolver-binding-linux-arm-gnueabihf 189ms (cache miss)
1655 silly packumentCache full:https://registry.npmjs.org/@unrs%2fresolver-binding-linux-arm-gnueabihf set size:undefined disposed:false
1656 http fetch GET 200 https://registry.npmjs.org/@unrs%2fresolver-binding-android-arm-eabi 190ms (cache miss)
1657 silly packumentCache full:https://registry.npmjs.org/@unrs%2fresolver-binding-android-arm-eabi set size:undefined disposed:false
1658 http fetch GET 200 https://registry.npmjs.org/resolve-pkg-maps 195ms (cache miss)
1659 silly packumentCache full:https://registry.npmjs.org/resolve-pkg-maps set size:undefined disposed:false
1660 http fetch GET 200 https://registry.npmjs.org/napi-postinstall 195ms (cache miss)
1661 silly packumentCache full:https://registry.npmjs.org/napi-postinstall set size:undefined disposed:false
1662 http fetch GET 200 https://registry.npmjs.org/@unrs%2fresolver-binding-win32-arm64-msvc 196ms (cache miss)
1663 silly packumentCache full:https://registry.npmjs.org/@unrs%2fresolver-binding-win32-arm64-msvc set size:undefined disposed:false
1664 http fetch GET 200 https://registry.npmjs.org/@unrs%2fresolver-binding-linux-riscv64-gnu 192ms (cache miss)
1665 silly packumentCache full:https://registry.npmjs.org/@unrs%2fresolver-binding-linux-riscv64-gnu set size:undefined disposed:false
1666 http fetch GET 200 https://registry.npmjs.org/@unrs%2fresolver-binding-win32-ia32-msvc 196ms (cache miss)
1667 silly packumentCache full:https://registry.npmjs.org/@unrs%2fresolver-binding-win32-ia32-msvc set size:undefined disposed:false
1668 http fetch GET 200 https://registry.npmjs.org/@unrs%2fresolver-binding-linux-arm-musleabihf 212ms (cache miss)
1669 silly packumentCache full:https://registry.npmjs.org/@unrs%2fresolver-binding-linux-arm-musleabihf set size:undefined disposed:false
1670 http fetch GET 200 https://registry.npmjs.org/@unrs%2fresolver-binding-linux-arm64-musl 215ms (cache miss)
1671 silly packumentCache full:https://registry.npmjs.org/@unrs%2fresolver-binding-linux-arm64-musl set size:undefined disposed:false
1672 http fetch GET 200 https://registry.npmjs.org/@unrs%2fresolver-binding-linux-ppc64-gnu 270ms (cache miss)
1673 silly packumentCache full:https://registry.npmjs.org/@unrs%2fresolver-binding-linux-ppc64-gnu set size:undefined disposed:false
1674 http fetch GET 200 https://registry.npmjs.org/@unrs%2fresolver-binding-linux-riscv64-musl 273ms (cache miss)
1675 silly packumentCache full:https://registry.npmjs.org/@unrs%2fresolver-binding-linux-riscv64-musl set size:undefined disposed:false
1676 http fetch GET 200 https://registry.npmjs.org/@unrs%2fresolver-binding-wasm32-wasi 273ms (cache miss)
1677 silly packumentCache full:https://registry.npmjs.org/@unrs%2fresolver-binding-wasm32-wasi set size:undefined disposed:false
1678 http fetch GET 200 https://registry.npmjs.org/@unrs%2fresolver-binding-darwin-x64 157ms (cache miss)
1679 silly packumentCache full:https://registry.npmjs.org/@unrs%2fresolver-binding-darwin-x64 set size:undefined disposed:false
1680 http fetch GET 200 https://registry.npmjs.org/@unrs%2fresolver-binding-linux-s390x-gnu 292ms (cache miss)
1681 silly packumentCache full:https://registry.npmjs.org/@unrs%2fresolver-binding-linux-s390x-gnu set size:undefined disposed:false
1682 http fetch GET 200 https://registry.npmjs.org/@unrs%2fresolver-binding-win32-x64-msvc 158ms (cache miss)
1683 silly packumentCache full:https://registry.npmjs.org/@unrs%2fresolver-binding-win32-x64-msvc set size:undefined disposed:false
1684 http fetch GET 200 https://registry.npmjs.org/@unrs%2fresolver-binding-freebsd-x64 161ms (cache miss)
1685 silly packumentCache full:https://registry.npmjs.org/@unrs%2fresolver-binding-freebsd-x64 set size:undefined disposed:false
1686 http fetch GET 200 https://registry.npmjs.org/@unrs%2fresolver-binding-linux-x64-gnu 176ms (cache miss)
1687 silly packumentCache full:https://registry.npmjs.org/@unrs%2fresolver-binding-linux-x64-gnu set size:undefined disposed:false
1688 http fetch GET 200 https://registry.npmjs.org/@unrs%2fresolver-binding-linux-x64-musl 172ms (cache miss)
1689 silly packumentCache full:https://registry.npmjs.org/@unrs%2fresolver-binding-linux-x64-musl set size:undefined disposed:false
1690 silly placeDep ROOT @rtsao/scc@1.1.0 OK for: eslint-plugin-import@2.32.0 want: ^1.1.0
1691 silly placeDep ROOT array-includes@3.1.9 OK for: eslint-plugin-import@2.32.0 want: ^3.1.9
1692 silly placeDep ROOT array.prototype.findlastindex@1.2.6 OK for: eslint-plugin-import@2.32.0 want: ^1.2.6
1693 silly placeDep ROOT array.prototype.flat@1.3.3 OK for: eslint-plugin-import@2.32.0 want: ^1.3.3
1694 silly placeDep ROOT array.prototype.flatmap@1.3.3 OK for: eslint-plugin-import@2.32.0 want: ^1.3.3
1695 silly placeDep node_modules/eslint-plugin-import debug@3.2.7 OK for: eslint-plugin-import@2.32.0 want: ^3.2.7
1696 silly placeDep ROOT doctrine@2.1.0 OK for: eslint-plugin-import@2.32.0 want: ^2.1.0
1697 silly placeDep ROOT eslint-import-resolver-node@0.3.10 OK for: eslint-plugin-import@2.32.0 want: ^0.3.9
1698 silly placeDep ROOT eslint-module-utils@2.14.0 OK for: eslint-plugin-import@2.32.0 want: ^2.12.1
1699 silly placeDep ROOT hasown@2.0.4 OK for: eslint-plugin-import@2.32.0 want: ^2.0.2
1700 silly placeDep ROOT is-core-module@2.16.2 OK for: eslint-plugin-import@2.32.0 want: ^2.16.1
1701 silly placeDep ROOT object.fromentries@2.0.8 OK for: eslint-plugin-import@2.32.0 want: ^2.0.8
1702 silly placeDep ROOT object.groupby@1.0.3 OK for: eslint-plugin-import@2.32.0 want: ^1.0.3
1703 silly placeDep ROOT object.values@1.2.1 OK for: eslint-plugin-import@2.32.0 want: ^1.2.1
1704 silly placeDep ROOT string.prototype.trimend@1.0.10 OK for: eslint-plugin-import@2.32.0 want: ^1.0.9
1705 silly placeDep ROOT tsconfig-paths@3.15.0 OK for: eslint-plugin-import@2.32.0 want: ^3.15.0
1706 silly fetch manifest call-bind@^1.0.8
1707 silly packumentCache full:https://registry.npmjs.org/call-bind cache-miss
1708 silly fetch manifest call-bound@^1.0.4
1709 silly packumentCache full:https://registry.npmjs.org/call-bound cache-miss
1710 silly fetch manifest define-properties@^1.2.1
1711 silly packumentCache full:https://registry.npmjs.org/define-properties cache-miss
1712 silly fetch manifest es-abstract@^1.24.0
1713 silly packumentCache full:https://registry.npmjs.org/es-abstract cache-miss
1714 silly fetch manifest es-object-atoms@^1.1.1
1715 silly packumentCache full:https://registry.npmjs.org/es-object-atoms cache-miss
1716 silly fetch manifest get-intrinsic@^1.3.0
1717 silly packumentCache full:https://registry.npmjs.org/get-intrinsic cache-miss
1718 silly fetch manifest is-string@^1.1.1
1719 silly packumentCache full:https://registry.npmjs.org/is-string cache-miss
1720 silly fetch manifest math-intrinsics@^1.1.0
1721 silly packumentCache full:https://registry.npmjs.org/math-intrinsics cache-miss
1722 silly fetch manifest call-bind@^1.0.8
1723 silly packumentCache full:https://registry.npmjs.org/call-bind cache-miss
1724 silly fetch manifest call-bound@^1.0.4
1725 silly packumentCache full:https://registry.npmjs.org/call-bound cache-miss
1726 silly fetch manifest define-properties@^1.2.1
1727 silly packumentCache full:https://registry.npmjs.org/define-properties cache-miss
1728 silly fetch manifest es-abstract@^1.23.9
1729 silly packumentCache full:https://registry.npmjs.org/es-abstract cache-miss
1730 silly fetch manifest es-errors@^1.3.0
1731 silly packumentCache full:https://registry.npmjs.org/es-errors cache-miss
1732 silly fetch manifest es-object-atoms@^1.1.1
1733 silly packumentCache full:https://registry.npmjs.org/es-object-atoms cache-miss
1734 silly fetch manifest es-shim-unscopables@^1.1.0
1735 silly packumentCache full:https://registry.npmjs.org/es-shim-unscopables cache-miss
1736 silly fetch manifest call-bind@^1.0.8
1737 silly packumentCache full:https://registry.npmjs.org/call-bind cache-miss
1738 silly fetch manifest define-properties@^1.2.1
1739 silly packumentCache full:https://registry.npmjs.org/define-properties cache-miss
1740 silly fetch manifest es-abstract@^1.23.5
1741 silly packumentCache full:https://registry.npmjs.org/es-abstract cache-miss
1742 silly fetch manifest es-shim-unscopables@^1.0.2
1743 silly packumentCache full:https://registry.npmjs.org/es-shim-unscopables cache-miss
1744 http fetch GET 200 https://registry.npmjs.org/call-bound 117ms (cache miss)
1745 silly packumentCache full:https://registry.npmjs.org/call-bound set size:undefined disposed:false
1746 silly fetch manifest call-bind@^1.0.8
1747 silly packumentCache full:https://registry.npmjs.org/call-bind cache-miss
1748 http fetch GET 200 https://registry.npmjs.org/define-properties 124ms (cache miss)
1749 silly packumentCache full:https://registry.npmjs.org/define-properties set size:undefined disposed:false
1750 silly fetch manifest es-abstract@^1.23.5
1751 silly packumentCache full:https://registry.npmjs.org/es-abstract cache-miss
1752 http fetch GET 200 https://registry.npmjs.org/define-properties 142ms (cache miss)
1753 silly packumentCache full:https://registry.npmjs.org/define-properties set size:undefined disposed:false
1754 silly fetch manifest es-shim-unscopables@^1.0.2
1755 silly packumentCache full:https://registry.npmjs.org/es-shim-unscopables cache-miss
1756 http fetch GET 200 https://registry.npmjs.org/es-shim-unscopables 141ms (cache miss)
1757 silly packumentCache full:https://registry.npmjs.org/es-shim-unscopables set size:undefined disposed:false
1758 silly fetch manifest resolve@^2.0.0-next.6
1759 silly packumentCache full:https://registry.npmjs.org/resolve cache-hit
1760 silly fetch manifest function-bind@^1.1.2
1761 silly packumentCache full:https://registry.npmjs.org/function-bind cache-miss
1762 http fetch GET 200 https://registry.npmjs.org/call-bound 149ms (cache miss)
1763 silly packumentCache full:https://registry.npmjs.org/call-bound set size:undefined disposed:false
1764 silly fetch manifest call-bind@^1.0.7
1765 silly packumentCache full:https://registry.npmjs.org/call-bind cache-miss
1766 http fetch GET 200 https://registry.npmjs.org/es-abstract 167ms (cache miss)
1767 silly packumentCache full:https://registry.npmjs.org/es-abstract set size:undefined disposed:false
1768 silly fetch manifest es-abstract@^1.23.2
1769 silly packumentCache full:https://registry.npmjs.org/es-abstract cache-miss
1770 http fetch GET 200 https://registry.npmjs.org/es-shim-unscopables 174ms (cache miss)
1771 silly packumentCache full:https://registry.npmjs.org/es-shim-unscopables set size:undefined disposed:false
1772 silly fetch manifest es-object-atoms@^1.0.0
1773 silly packumentCache full:https://registry.npmjs.org/es-object-atoms cache-miss
1774 http fetch GET 200 https://registry.npmjs.org/define-properties 187ms (cache miss)
1775 silly packumentCache full:https://registry.npmjs.org/define-properties set size:undefined disposed:false
1776 silly fetch manifest call-bind@^1.0.7
1777 silly packumentCache full:https://registry.npmjs.org/call-bind cache-miss
1778 http fetch GET 200 https://registry.npmjs.org/call-bind 197ms (cache miss)
1779 silly packumentCache full:https://registry.npmjs.org/call-bind set size:undefined disposed:false
1780 silly fetch manifest es-abstract@^1.23.2
1781 silly packumentCache full:https://registry.npmjs.org/es-abstract cache-miss
1782 http fetch GET 200 https://registry.npmjs.org/is-string 197ms (cache miss)
1783 silly packumentCache full:https://registry.npmjs.org/is-string set size:undefined disposed:false
1784 silly fetch manifest call-bound@^1.0.3
1785 silly packumentCache full:https://registry.npmjs.org/call-bound cache-miss
1786 http cache https://registry.npmjs.org/es-shim-unscopables 56ms (cache hit)
1787 silly packumentCache full:https://registry.npmjs.org/es-shim-unscopables set size:13965 disposed:false
1788 silly fetch manifest es-object-atoms@^1.0.0
1789 silly packumentCache full:https://registry.npmjs.org/es-object-atoms cache-miss
1790 http fetch GET 200 https://registry.npmjs.org/call-bind 200ms (cache miss)
1791 silly packumentCache full:https://registry.npmjs.org/call-bind set size:undefined disposed:false
1792 silly fetch manifest call-bind@^1.0.9
1793 silly packumentCache full:https://registry.npmjs.org/call-bind cache-miss
1794 http fetch GET 200 https://registry.npmjs.org/call-bind 201ms (cache miss)
1795 silly packumentCache full:https://registry.npmjs.org/call-bind set size:undefined disposed:false
1796 silly fetch manifest es-object-atoms@^1.1.2
1797 silly packumentCache full:https://registry.npmjs.org/es-object-atoms cache-miss
1798 http fetch GET 200 https://registry.npmjs.org/es-errors 208ms (cache revalidated)
1799 silly packumentCache full:https://registry.npmjs.org/es-errors set size:16918 disposed:false
1800 silly fetch manifest json5@^1.0.2
1801 silly packumentCache full:https://registry.npmjs.org/json5 cache-hit
1802 silly fetch manifest minimist@^1.2.6
1803 silly packumentCache full:https://registry.npmjs.org/minimist cache-miss
1804 http cache https://registry.npmjs.org/es-abstract 42ms (cache hit)
1805 silly packumentCache full:https://registry.npmjs.org/es-abstract set size:384124 disposed:false
1806 silly fetch manifest strip-bom@^3.0.0
1807 silly packumentCache full:https://registry.npmjs.org/strip-bom cache-miss
1808 http fetch GET 200 https://registry.npmjs.org/es-object-atoms 224ms (cache revalidated)
1809 silly packumentCache full:https://registry.npmjs.org/es-object-atoms set size:18278 disposed:false
1810 silly fetch manifest @types/json5@^0.0.29
1811 silly packumentCache full:https://registry.npmjs.org/@types%2fjson5 cache-miss
1812 http fetch GET 200 https://registry.npmjs.org/get-intrinsic 226ms (cache revalidated)
1813 silly packumentCache full:https://registry.npmjs.org/get-intrinsic set size:60985 disposed:false
1814 http fetch GET 200 https://registry.npmjs.org/es-abstract 230ms (cache miss)
1815 silly packumentCache full:https://registry.npmjs.org/es-abstract set size:undefined disposed:false
1816 silly packumentCache full:https://registry.npmjs.org/es-abstract dispose
1817 http fetch GET 200 https://registry.npmjs.org/es-abstract 229ms (cache miss)
1818 silly packumentCache full:https://registry.npmjs.org/es-abstract set size:undefined disposed:true
1819 http cache https://registry.npmjs.org/call-bind 48ms (cache hit)
1820 silly packumentCache full:https://registry.npmjs.org/call-bind set size:32985 disposed:false
1821 http cache https://registry.npmjs.org/call-bound 45ms (cache hit)
1822 silly packumentCache full:https://registry.npmjs.org/call-bound set size:15317 disposed:false
1823 http cache https://registry.npmjs.org/es-abstract 49ms (cache hit)
1824 silly packumentCache full:https://registry.npmjs.org/es-abstract set size:384124 disposed:false
1825 http cache https://registry.npmjs.org/call-bind 48ms (cache hit)
1826 silly packumentCache full:https://registry.npmjs.org/call-bind set size:32985 disposed:false
1827 silly packumentCache full:https://registry.npmjs.org/call-bind dispose
1828 http fetch GET 200 https://registry.npmjs.org/es-object-atoms 254ms (cache revalidated)
1829 silly packumentCache full:https://registry.npmjs.org/es-object-atoms set size:18278 disposed:false
1830 silly packumentCache full:https://registry.npmjs.org/es-object-atoms dispose
1831 http fetch GET 200 https://registry.npmjs.org/math-intrinsics 257ms (cache revalidated)
1832 silly packumentCache full:https://registry.npmjs.org/math-intrinsics set size:9265 disposed:false
1833 http fetch GET 200 https://registry.npmjs.org/call-bind 144ms (cache miss)
1834 silly packumentCache full:https://registry.npmjs.org/call-bind set size:undefined disposed:true
1835 silly packumentCache full:https://registry.npmjs.org/call-bind dispose
1836 http fetch GET 200 https://registry.npmjs.org/call-bind 156ms (cache miss)
1837 silly packumentCache full:https://registry.npmjs.org/call-bind set size:undefined disposed:true
1838 http fetch GET 200 https://registry.npmjs.org/function-bind 170ms (cache revalidated)
1839 silly packumentCache full:https://registry.npmjs.org/function-bind set size:15733 disposed:false
1840 http fetch GET 200 https://registry.npmjs.org/es-abstract 195ms (cache miss)
1841 silly packumentCache full:https://registry.npmjs.org/es-abstract set size:undefined disposed:false
1842 silly packumentCache full:https://registry.npmjs.org/es-abstract dispose
1843 http fetch GET 200 https://registry.npmjs.org/@types%2fjson5 139ms (cache miss)
1844 silly packumentCache full:https://registry.npmjs.org/@types%2fjson5 set size:undefined disposed:false
1845 http fetch GET 200 https://registry.npmjs.org/strip-bom 148ms (cache miss)
1846 silly packumentCache full:https://registry.npmjs.org/strip-bom set size:undefined disposed:false
1847 http fetch GET 200 https://registry.npmjs.org/es-object-atoms 199ms (cache revalidated)
1848 silly packumentCache full:https://registry.npmjs.org/es-object-atoms set size:18278 disposed:true
1849 silly packumentCache full:https://registry.npmjs.org/es-object-atoms dispose
1850 http fetch GET 200 https://registry.npmjs.org/es-object-atoms 182ms (cache revalidated)
1851 silly packumentCache full:https://registry.npmjs.org/es-object-atoms set size:18278 disposed:true
1852 silly packumentCache full:https://registry.npmjs.org/es-object-atoms dispose
1853 http fetch GET 200 https://registry.npmjs.org/minimist 172ms (cache revalidated)
1854 silly packumentCache full:https://registry.npmjs.org/minimist set size:77063 disposed:false
1855 http fetch GET 200 https://registry.npmjs.org/es-object-atoms 181ms (cache revalidated)
1856 silly packumentCache full:https://registry.npmjs.org/es-object-atoms set size:18278 disposed:true
1857 silly packumentCache full:https://registry.npmjs.org/es-object-atoms dispose
1858 silly placeDep ROOT call-bind@1.0.9 OK for: array-includes@3.1.9 want: ^1.0.8
1859 silly placeDep ROOT call-bound@1.0.4 OK for: array-includes@3.1.9 want: ^1.0.4
1860 silly placeDep ROOT define-properties@1.2.1 OK for: array-includes@3.1.9 want: ^1.2.1
1861 silly placeDep ROOT es-abstract@1.24.2 OK for: array-includes@3.1.9 want: ^1.24.0
1862 silly placeDep ROOT es-object-atoms@1.1.2 OK for: array-includes@3.1.9 want: ^1.1.1
1863 silly placeDep ROOT get-intrinsic@1.3.0 OK for: array-includes@3.1.9 want: ^1.3.0
1864 silly placeDep ROOT is-string@1.1.1 OK for: array-includes@3.1.9 want: ^1.1.1
1865 silly placeDep ROOT math-intrinsics@1.1.0 OK for: array-includes@3.1.9 want: ^1.1.0
1866 silly fetch manifest call-bind-apply-helpers@^1.0.2
1867 silly packumentCache full:https://registry.npmjs.org/call-bind-apply-helpers cache-miss
1868 silly fetch manifest es-define-property@^1.0.1
1869 silly packumentCache full:https://registry.npmjs.org/es-define-property cache-miss
1870 silly fetch manifest set-function-length@^1.2.2
1871 silly packumentCache full:https://registry.npmjs.org/set-function-length cache-miss
1872 silly fetch manifest call-bind-apply-helpers@^1.0.2
1873 silly packumentCache full:https://registry.npmjs.org/call-bind-apply-helpers cache-miss
1874 silly fetch manifest define-data-property@^1.0.1
1875 silly packumentCache full:https://registry.npmjs.org/define-data-property cache-miss
1876 silly fetch manifest has-property-descriptors@^1.0.0
1877 silly packumentCache full:https://registry.npmjs.org/has-property-descriptors cache-miss
1878 silly fetch manifest object-keys@^1.1.1
1879 silly packumentCache full:https://registry.npmjs.org/object-keys cache-miss
1880 silly fetch manifest array-buffer-byte-length@^1.0.2
1881 silly packumentCache full:https://registry.npmjs.org/array-buffer-byte-length cache-miss
1882 silly fetch manifest arraybuffer.prototype.slice@^1.0.4
1883 silly packumentCache full:https://registry.npmjs.org/arraybuffer.prototype.slice cache-miss
1884 silly fetch manifest available-typed-arrays@^1.0.7
1885 silly packumentCache full:https://registry.npmjs.org/available-typed-arrays cache-miss
1886 silly fetch manifest data-view-buffer@^1.0.2
1887 silly packumentCache full:https://registry.npmjs.org/data-view-buffer cache-miss
1888 silly fetch manifest data-view-byte-length@^1.0.2
1889 silly packumentCache full:https://registry.npmjs.org/data-view-byte-length cache-miss
1890 silly fetch manifest data-view-byte-offset@^1.0.1
1891 silly packumentCache full:https://registry.npmjs.org/data-view-byte-offset cache-miss
1892 silly fetch manifest es-define-property@^1.0.1
1893 silly packumentCache full:https://registry.npmjs.org/es-define-property cache-miss
1894 silly fetch manifest es-set-tostringtag@^2.1.0
1895 silly packumentCache full:https://registry.npmjs.org/es-set-tostringtag cache-miss
1896 silly fetch manifest es-to-primitive@^1.3.0
1897 silly packumentCache full:https://registry.npmjs.org/es-to-primitive cache-miss
1898 silly fetch manifest function.prototype.name@^1.1.8
1899 silly packumentCache full:https://registry.npmjs.org/function.prototype.name cache-miss
1900 silly fetch manifest get-proto@^1.0.1
1901 silly packumentCache full:https://registry.npmjs.org/get-proto cache-miss
1902 silly fetch manifest get-symbol-description@^1.1.0
1903 silly packumentCache full:https://registry.npmjs.org/get-symbol-description cache-miss
1904 http fetch GET 200 https://registry.npmjs.org/define-data-property 114ms (cache miss)
1905 silly packumentCache full:https://registry.npmjs.org/define-data-property set size:undefined disposed:false
1906 silly fetch manifest globalthis@^1.0.4
1907 silly packumentCache full:https://registry.npmjs.org/globalthis cache-miss
1908 http fetch GET 200 https://registry.npmjs.org/has-property-descriptors 116ms (cache miss)
1909 silly packumentCache full:https://registry.npmjs.org/has-property-descriptors set size:undefined disposed:false
1910 silly fetch manifest gopd@^1.2.0
1911 silly packumentCache full:https://registry.npmjs.org/gopd cache-miss
1912 http fetch GET 200 https://registry.npmjs.org/object-keys 141ms (cache miss)
1913 silly packumentCache full:https://registry.npmjs.org/object-keys set size:undefined disposed:false
1914 silly fetch manifest has-property-descriptors@^1.0.2
1915 silly packumentCache full:https://registry.npmjs.org/has-property-descriptors cache-miss
1916 http fetch GET 200 https://registry.npmjs.org/array-buffer-byte-length 155ms (cache miss)
1917 silly packumentCache full:https://registry.npmjs.org/array-buffer-byte-length set size:undefined disposed:false
1918 silly fetch manifest has-proto@^1.2.0
1919 silly packumentCache full:https://registry.npmjs.org/has-proto cache-miss
1920 http fetch GET 200 https://registry.npmjs.org/set-function-length 174ms (cache miss)
1921 silly packumentCache full:https://registry.npmjs.org/set-function-length set size:undefined disposed:false
1922 silly fetch manifest has-symbols@^1.1.0
1923 silly packumentCache full:https://registry.npmjs.org/has-symbols cache-miss
1924 http fetch GET 200 https://registry.npmjs.org/available-typed-arrays 174ms (cache miss)
1925 silly packumentCache full:https://registry.npmjs.org/available-typed-arrays set size:undefined disposed:false
1926 silly fetch manifest internal-slot@^1.1.0
1927 silly packumentCache full:https://registry.npmjs.org/internal-slot cache-miss
1928 http fetch GET 200 https://registry.npmjs.org/data-view-byte-offset 175ms (cache miss)
1929 silly packumentCache full:https://registry.npmjs.org/data-view-byte-offset set size:undefined disposed:false
1930 silly fetch manifest is-array-buffer@^3.0.5
1931 silly packumentCache full:https://registry.npmjs.org/is-array-buffer cache-miss
1932 http fetch GET 200 https://registry.npmjs.org/data-view-byte-length 179ms (cache miss)
1933 silly packumentCache full:https://registry.npmjs.org/data-view-byte-length set size:undefined disposed:false
1934 silly fetch manifest is-callable@^1.2.7
1935 silly packumentCache full:https://registry.npmjs.org/is-callable cache-miss
1936 http fetch GET 200 https://registry.npmjs.org/call-bind-apply-helpers 185ms (cache revalidated)
1937 silly packumentCache full:https://registry.npmjs.org/call-bind-apply-helpers set size:12744 disposed:false
1938 silly fetch manifest is-data-view@^1.0.2
1939 silly packumentCache full:https://registry.npmjs.org/is-data-view cache-miss
1940 http fetch GET 200 https://registry.npmjs.org/es-define-property 189ms (cache revalidated)
1941 silly packumentCache full:https://registry.npmjs.org/es-define-property set size:8542 disposed:false
1942 silly fetch manifest is-negative-zero@^2.0.3
1943 silly packumentCache full:https://registry.npmjs.org/is-negative-zero cache-miss
1944 http fetch GET 200 https://registry.npmjs.org/arraybuffer.prototype.slice 189ms (cache miss)
1945 silly packumentCache full:https://registry.npmjs.org/arraybuffer.prototype.slice set size:undefined disposed:false
1946 silly fetch manifest is-regex@^1.2.1
1947 silly packumentCache full:https://registry.npmjs.org/is-regex cache-miss
1948 http fetch GET 200 https://registry.npmjs.org/data-view-buffer 192ms (cache miss)
1949 silly packumentCache full:https://registry.npmjs.org/data-view-buffer set size:undefined disposed:false
1950 silly fetch manifest is-set@^2.0.3
1951 silly packumentCache full:https://registry.npmjs.org/is-set cache-miss
1952 http fetch GET 200 https://registry.npmjs.org/function.prototype.name 190ms (cache miss)
1953 silly packumentCache full:https://registry.npmjs.org/function.prototype.name set size:undefined disposed:false
1954 silly fetch manifest is-shared-array-buffer@^1.0.4
1955 silly packumentCache full:https://registry.npmjs.org/is-shared-array-buffer cache-miss
1956 http cache https://registry.npmjs.org/has-property-descriptors 54ms (cache hit)
1957 silly packumentCache full:https://registry.npmjs.org/has-property-descriptors set size:12452 disposed:false
1958 silly fetch manifest is-typed-array@^1.1.15
1959 silly packumentCache full:https://registry.npmjs.org/is-typed-array cache-miss
1960 http fetch GET 200 https://registry.npmjs.org/get-symbol-description 193ms (cache miss)
1961 silly packumentCache full:https://registry.npmjs.org/get-symbol-description set size:undefined disposed:false
1962 silly fetch manifest is-weakref@^1.1.1
1963 silly packumentCache full:https://registry.npmjs.org/is-weakref cache-miss
1964 http fetch GET 200 https://registry.npmjs.org/es-to-primitive 200ms (cache miss)
1965 silly packumentCache full:https://registry.npmjs.org/es-to-primitive set size:undefined disposed:false
1966 silly fetch manifest object-inspect@^1.13.4
1967 silly packumentCache full:https://registry.npmjs.org/object-inspect cache-miss
1968 http fetch GET 200 https://registry.npmjs.org/call-bind-apply-helpers 211ms (cache revalidated)
1969 silly packumentCache full:https://registry.npmjs.org/call-bind-apply-helpers set size:12744 disposed:false
1970 silly packumentCache full:https://registry.npmjs.org/call-bind-apply-helpers dispose
1971 silly fetch manifest object.assign@^4.1.7
1972 silly packumentCache full:https://registry.npmjs.org/object.assign cache-miss
1973 http fetch GET 200 https://registry.npmjs.org/es-define-property 208ms (cache revalidated)
1974 silly packumentCache full:https://registry.npmjs.org/es-define-property set size:8542 disposed:false
1975 silly packumentCache full:https://registry.npmjs.org/es-define-property dispose
1976 silly fetch manifest own-keys@^1.0.1
1977 silly packumentCache full:https://registry.npmjs.org/own-keys cache-miss
1978 http fetch GET 200 https://registry.npmjs.org/es-set-tostringtag 232ms (cache revalidated)
1979 silly packumentCache full:https://registry.npmjs.org/es-set-tostringtag set size:22094 disposed:false
1980 silly fetch manifest regexp.prototype.flags@^1.5.4
1981 silly packumentCache full:https://registry.npmjs.org/regexp.prototype.flags cache-miss
1982 http fetch GET 200 https://registry.npmjs.org/get-proto 237ms (cache revalidated)
1983 silly packumentCache full:https://registry.npmjs.org/get-proto set size:8300 disposed:false
1984 silly fetch manifest safe-array-concat@^1.1.3
1985 silly packumentCache full:https://registry.npmjs.org/safe-array-concat cache-miss
1986 http fetch GET 200 https://registry.npmjs.org/gopd 155ms (cache revalidated)
1987 silly packumentCache full:https://registry.npmjs.org/gopd set size:11458 disposed:false
1988 silly fetch manifest safe-push-apply@^1.0.0
1989 silly packumentCache full:https://registry.npmjs.org/safe-push-apply cache-miss
1990 http fetch GET 200 https://registry.npmjs.org/globalthis 173ms (cache miss)
1991 silly packumentCache full:https://registry.npmjs.org/globalthis set size:undefined disposed:false
1992 silly fetch manifest safe-regex-test@^1.1.0
1993 silly packumentCache full:https://registry.npmjs.org/safe-regex-test cache-miss
1994 http fetch GET 200 https://registry.npmjs.org/has-proto 133ms (cache miss)
1995 silly packumentCache full:https://registry.npmjs.org/has-proto set size:undefined disposed:false
1996 silly fetch manifest set-proto@^1.0.0
1997 silly packumentCache full:https://registry.npmjs.org/set-proto cache-miss
1998 http fetch GET 200 https://registry.npmjs.org/internal-slot 131ms (cache miss)
1999 silly packumentCache full:https://registry.npmjs.org/internal-slot set size:undefined disposed:false
2000 silly fetch manifest stop-iteration-iterator@^1.1.0
2001 silly packumentCache full:https://registry.npmjs.org/stop-iteration-iterator cache-miss
2002 http fetch GET 200 https://registry.npmjs.org/is-weakref 119ms (cache miss)
2003 silly packumentCache full:https://registry.npmjs.org/is-weakref set size:undefined disposed:false
2004 silly fetch manifest string.prototype.trim@^1.2.10
2005 silly packumentCache full:https://registry.npmjs.org/string.prototype.trim cache-miss
2006 http fetch GET 200 https://registry.npmjs.org/is-array-buffer 151ms (cache miss)
2007 silly packumentCache full:https://registry.npmjs.org/is-array-buffer set size:undefined disposed:false
2008 silly fetch manifest string.prototype.trimstart@^1.0.8
2009 silly packumentCache full:https://registry.npmjs.org/string.prototype.trimstart cache-miss
2010 http fetch GET 200 https://registry.npmjs.org/is-typed-array 138ms (cache miss)
2011 silly packumentCache full:https://registry.npmjs.org/is-typed-array set size:undefined disposed:false
2012 silly fetch manifest typed-array-buffer@^1.0.3
2013 silly packumentCache full:https://registry.npmjs.org/typed-array-buffer cache-miss
2014 http fetch GET 200 https://registry.npmjs.org/is-data-view 163ms (cache miss)
2015 silly packumentCache full:https://registry.npmjs.org/is-data-view set size:undefined disposed:false
2016 silly fetch manifest typed-array-byte-length@^1.0.3
2017 silly packumentCache full:https://registry.npmjs.org/typed-array-byte-length cache-miss
2018 http fetch GET 200 https://registry.npmjs.org/is-set 158ms (cache miss)
2019 silly packumentCache full:https://registry.npmjs.org/is-set set size:undefined disposed:false
2020 silly fetch manifest typed-array-byte-offset@^1.0.4
2021 silly packumentCache full:https://registry.npmjs.org/typed-array-byte-offset cache-miss
2022 http fetch GET 200 https://registry.npmjs.org/is-regex 164ms (cache miss)
2023 silly packumentCache full:https://registry.npmjs.org/is-regex set size:undefined disposed:false
2024 silly fetch manifest typed-array-length@^1.0.7
2025 silly packumentCache full:https://registry.npmjs.org/typed-array-length cache-miss
2026 http fetch GET 200 https://registry.npmjs.org/is-negative-zero 169ms (cache miss)
2027 silly packumentCache full:https://registry.npmjs.org/is-negative-zero set size:undefined disposed:false
2028 silly fetch manifest unbox-primitive@^1.1.0
2029 silly packumentCache full:https://registry.npmjs.org/unbox-primitive cache-miss
2030 http fetch GET 200 https://registry.npmjs.org/is-callable 179ms (cache miss)
2031 silly packumentCache full:https://registry.npmjs.org/is-callable set size:undefined disposed:false
2032 silly fetch manifest which-typed-array@^1.1.19
2033 silly packumentCache full:https://registry.npmjs.org/which-typed-array cache-miss
2034 http fetch GET 200 https://registry.npmjs.org/is-shared-array-buffer 169ms (cache miss)
2035 silly packumentCache full:https://registry.npmjs.org/is-shared-array-buffer set size:undefined disposed:false
2036 silly fetch manifest has-symbols@^1.1.0
2037 silly packumentCache full:https://registry.npmjs.org/has-symbols cache-miss
2038 http fetch GET 200 https://registry.npmjs.org/object-inspect 170ms (cache miss)
2039 silly packumentCache full:https://registry.npmjs.org/object-inspect set size:undefined disposed:false
2040 silly fetch manifest has-tostringtag@^1.0.2
2041 silly packumentCache full:https://registry.npmjs.org/has-tostringtag cache-miss
2042 http fetch GET 200 https://registry.npmjs.org/object.assign 174ms (cache miss)
2043 silly packumentCache full:https://registry.npmjs.org/object.assign set size:undefined disposed:false
2044 http fetch GET 200 https://registry.npmjs.org/own-keys 181ms (cache miss)
2045 silly packumentCache full:https://registry.npmjs.org/own-keys set size:undefined disposed:false
2046 http fetch GET 200 https://registry.npmjs.org/has-symbols 228ms (cache revalidated)
2047 silly packumentCache full:https://registry.npmjs.org/has-symbols set size:21550 disposed:false
2048 http fetch GET 200 https://registry.npmjs.org/safe-push-apply 142ms (cache miss)
2049 silly packumentCache full:https://registry.npmjs.org/safe-push-apply set size:undefined disposed:false
2050 http fetch GET 200 https://registry.npmjs.org/set-proto 123ms (cache miss)
2051 silly packumentCache full:https://registry.npmjs.org/set-proto set size:undefined disposed:false
2052 http fetch GET 200 https://registry.npmjs.org/safe-array-concat 182ms (cache miss)
2053 silly packumentCache full:https://registry.npmjs.org/safe-array-concat set size:undefined disposed:false
2054 http fetch GET 200 https://registry.npmjs.org/regexp.prototype.flags 192ms (cache miss)
2055 silly packumentCache full:https://registry.npmjs.org/regexp.prototype.flags set size:undefined disposed:false
2056 http fetch GET 200 https://registry.npmjs.org/safe-regex-test 144ms (cache miss)
2057 silly packumentCache full:https://registry.npmjs.org/safe-regex-test set size:undefined disposed:false
2058 http fetch GET 200 https://registry.npmjs.org/stop-iteration-iterator 151ms (cache miss)
2059 silly packumentCache full:https://registry.npmjs.org/stop-iteration-iterator set size:undefined disposed:false
2060 http fetch GET 200 https://registry.npmjs.org/string.prototype.trim 146ms (cache miss)
2061 silly packumentCache full:https://registry.npmjs.org/string.prototype.trim set size:undefined disposed:false
2062 http fetch GET 200 https://registry.npmjs.org/string.prototype.trimstart 139ms (cache miss)
2063 silly packumentCache full:https://registry.npmjs.org/string.prototype.trimstart set size:undefined disposed:false
2064 http fetch GET 200 https://registry.npmjs.org/typed-array-buffer 144ms (cache miss)
2065 silly packumentCache full:https://registry.npmjs.org/typed-array-buffer set size:undefined disposed:false
2066 http fetch GET 200 https://registry.npmjs.org/typed-array-byte-length 141ms (cache miss)
2067 silly packumentCache full:https://registry.npmjs.org/typed-array-byte-length set size:undefined disposed:false
2068 http fetch GET 200 https://registry.npmjs.org/unbox-primitive 136ms (cache miss)
2069 silly packumentCache full:https://registry.npmjs.org/unbox-primitive set size:undefined disposed:false
2070 http fetch GET 200 https://registry.npmjs.org/typed-array-length 142ms (cache miss)
2071 silly packumentCache full:https://registry.npmjs.org/typed-array-length set size:undefined disposed:false
2072 http fetch GET 200 https://registry.npmjs.org/has-tostringtag 128ms (cache revalidated)
2073 silly packumentCache full:https://registry.npmjs.org/has-tostringtag set size:13945 disposed:false
2074 http fetch GET 200 https://registry.npmjs.org/typed-array-byte-offset 158ms (cache miss)
2075 silly packumentCache full:https://registry.npmjs.org/typed-array-byte-offset set size:undefined disposed:false
2076 http fetch GET 200 https://registry.npmjs.org/which-typed-array 151ms (cache miss)
2077 silly packumentCache full:https://registry.npmjs.org/which-typed-array set size:undefined disposed:false
2078 http fetch GET 200 https://registry.npmjs.org/has-symbols 158ms (cache revalidated)
2079 silly packumentCache full:https://registry.npmjs.org/has-symbols set size:21550 disposed:false
2080 silly packumentCache full:https://registry.npmjs.org/has-symbols dispose
2081 silly placeDep ROOT es-errors@1.3.0 OK for: array.prototype.findlastindex@1.2.6 want: ^1.3.0
2082 silly placeDep ROOT es-shim-unscopables@1.1.0 OK for: array.prototype.findlastindex@1.2.6 want: ^1.1.0
2083 silly placeDep ROOT call-bind-apply-helpers@1.0.2 OK for: call-bind@1.0.9 want: ^1.0.2
2084 silly placeDep ROOT es-define-property@1.0.1 OK for: call-bind@1.0.9 want: ^1.0.1
2085 silly placeDep ROOT set-function-length@1.2.2 OK for: call-bind@1.0.9 want: ^1.2.2
2086 silly fetch manifest define-data-property@^1.1.4
2087 silly packumentCache full:https://registry.npmjs.org/define-data-property cache-miss
2088 silly fetch manifest gopd@^1.0.1
2089 silly packumentCache full:https://registry.npmjs.org/gopd cache-hit
2090 http cache https://registry.npmjs.org/define-data-property 10ms (cache hit)
2091 silly packumentCache full:https://registry.npmjs.org/define-data-property set size:28048 disposed:false
2092 silly placeDep ROOT function-bind@1.1.2 OK for: call-bind-apply-helpers@1.0.2 want: ^1.1.2
2093 silly placeDep ROOT define-data-property@1.1.4 OK for: define-properties@1.2.1 want: ^1.0.1
2094 silly placeDep ROOT has-property-descriptors@1.0.2 OK for: define-properties@1.2.1 want: ^1.0.0
2095 silly placeDep ROOT object-keys@1.1.1 OK for: define-properties@1.2.1 want: ^1.1.1
2096 silly placeDep ROOT gopd@1.2.0 OK for: define-data-property@1.1.4 want: ^1.0.1
2097 silly placeDep ROOT array-buffer-byte-length@1.0.2 OK for: es-abstract@1.24.2 want: ^1.0.2
2098 silly placeDep ROOT arraybuffer.prototype.slice@1.0.4 OK for: es-abstract@1.24.2 want: ^1.0.4
2099 silly placeDep ROOT available-typed-arrays@1.0.7 OK for: es-abstract@1.24.2 want: ^1.0.7
2100 silly placeDep ROOT data-view-buffer@1.0.2 OK for: es-abstract@1.24.2 want: ^1.0.2
2101 silly placeDep ROOT data-view-byte-length@1.0.2 OK for: es-abstract@1.24.2 want: ^1.0.2
2102 silly placeDep ROOT data-view-byte-offset@1.0.1 OK for: es-abstract@1.24.2 want: ^1.0.1
2103 silly placeDep ROOT es-set-tostringtag@2.1.0 OK for: es-abstract@1.24.2 want: ^2.1.0
2104 silly placeDep ROOT es-to-primitive@1.3.4 OK for: es-abstract@1.24.2 want: ^1.3.0
2105 silly placeDep ROOT function.prototype.name@1.2.0 OK for: es-abstract@1.24.2 want: ^1.1.8
2106 silly placeDep ROOT get-proto@1.0.1 OK for: es-abstract@1.24.2 want: ^1.0.1
2107 silly placeDep ROOT get-symbol-description@1.1.0 OK for: es-abstract@1.24.2 want: ^1.1.0
2108 silly placeDep ROOT globalthis@1.0.4 OK for: es-abstract@1.24.2 want: ^1.0.4
2109 silly placeDep ROOT has-proto@1.2.0 OK for: es-abstract@1.24.2 want: ^1.2.0
2110 silly placeDep ROOT has-symbols@1.1.0 OK for: es-abstract@1.24.2 want: ^1.1.0
2111 silly placeDep ROOT internal-slot@1.1.0 OK for: es-abstract@1.24.2 want: ^1.1.0
2112 silly placeDep ROOT is-array-buffer@3.0.5 OK for: es-abstract@1.24.2 want: ^3.0.5
2113 silly placeDep ROOT is-callable@1.2.7 OK for: es-abstract@1.24.2 want: ^1.2.7
2114 silly placeDep ROOT is-data-view@1.0.2 OK for: es-abstract@1.24.2 want: ^1.0.2
2115 silly placeDep ROOT is-negative-zero@2.0.3 OK for: es-abstract@1.24.2 want: ^2.0.3
2116 silly placeDep ROOT is-regex@1.2.1 OK for: es-abstract@1.24.2 want: ^1.2.1
2117 silly placeDep ROOT is-set@2.0.3 OK for: es-abstract@1.24.2 want: ^2.0.3
2118 silly placeDep ROOT is-shared-array-buffer@1.0.4 OK for: es-abstract@1.24.2 want: ^1.0.4
2119 silly placeDep ROOT is-typed-array@1.1.15 OK for: es-abstract@1.24.2 want: ^1.1.15
2120 silly placeDep ROOT is-weakref@1.1.1 OK for: es-abstract@1.24.2 want: ^1.1.1
2121 silly placeDep ROOT object-inspect@1.13.4 OK for: es-abstract@1.24.2 want: ^1.13.4
2122 silly placeDep ROOT object.assign@4.1.7 OK for: es-abstract@1.24.2 want: ^4.1.7
2123 silly placeDep ROOT own-keys@1.0.1 OK for: es-abstract@1.24.2 want: ^1.0.1
2124 silly placeDep ROOT regexp.prototype.flags@1.5.4 OK for: es-abstract@1.24.2 want: ^1.5.4
2125 silly placeDep ROOT safe-array-concat@1.1.4 OK for: es-abstract@1.24.2 want: ^1.1.3
2126 silly placeDep ROOT safe-push-apply@1.0.0 OK for: es-abstract@1.24.2 want: ^1.0.0
2127 silly placeDep ROOT safe-regex-test@1.1.0 OK for: es-abstract@1.24.2 want: ^1.1.0
2128 silly placeDep ROOT set-proto@1.0.0 OK for: es-abstract@1.24.2 want: ^1.0.0
2129 silly placeDep ROOT stop-iteration-iterator@1.1.0 OK for: es-abstract@1.24.2 want: ^1.1.0
2130 silly placeDep ROOT string.prototype.trim@1.2.11 OK for: es-abstract@1.24.2 want: ^1.2.10
2131 silly placeDep ROOT string.prototype.trimstart@1.0.8 OK for: es-abstract@1.24.2 want: ^1.0.8
2132 silly placeDep ROOT typed-array-buffer@1.0.3 OK for: es-abstract@1.24.2 want: ^1.0.3
2133 silly placeDep ROOT typed-array-byte-length@1.0.3 OK for: es-abstract@1.24.2 want: ^1.0.3
2134 silly placeDep ROOT typed-array-byte-offset@1.0.4 OK for: es-abstract@1.24.2 want: ^1.0.4
2135 silly placeDep ROOT typed-array-length@1.0.8 OK for: es-abstract@1.24.2 want: ^1.0.7
2136 silly placeDep ROOT unbox-primitive@1.1.0 OK for: es-abstract@1.24.2 want: ^1.1.0
2137 silly placeDep ROOT which-typed-array@1.1.22 OK for: es-abstract@1.24.2 want: ^1.1.19
2138 silly fetch manifest is-array-buffer@^3.0.4
2139 silly packumentCache full:https://registry.npmjs.org/is-array-buffer cache-miss
2140 silly fetch manifest possible-typed-array-names@^1.0.0
2141 silly packumentCache full:https://registry.npmjs.org/possible-typed-array-names cache-miss
2142 silly fetch manifest is-data-view@^1.0.1
2143 silly packumentCache full:https://registry.npmjs.org/is-data-view cache-miss
2144 silly fetch manifest is-symbol@^1.1.1
2145 silly packumentCache full:https://registry.npmjs.org/is-symbol cache-miss
2146 silly fetch manifest is-date-object@^1.1.0
2147 silly packumentCache full:https://registry.npmjs.org/is-date-object cache-miss
2148 silly fetch manifest es-abstract-get@^1.0.0
2149 silly packumentCache full:https://registry.npmjs.org/es-abstract-get cache-miss
2150 silly fetch manifest is-document.all@^1.0.0
2151 silly packumentCache full:https://registry.npmjs.org/is-document.all cache-miss
2152 silly fetch manifest functions-have-names@^1.2.3
2153 silly packumentCache full:https://registry.npmjs.org/functions-have-names cache-miss
2154 silly fetch manifest dunder-proto@^1.0.1
2155 silly packumentCache full:https://registry.npmjs.org/dunder-proto cache-miss
2156 silly fetch manifest dunder-proto@^1.0.0
2157 silly packumentCache full:https://registry.npmjs.org/dunder-proto cache-miss
2158 silly fetch manifest side-channel@^1.1.0
2159 silly packumentCache full:https://registry.npmjs.org/side-channel cache-miss
2160 silly fetch manifest is-typed-array@^1.1.13
2161 silly packumentCache full:https://registry.npmjs.org/is-typed-array cache-miss
2162 silly fetch manifest which-typed-array@^1.1.16
2163 silly packumentCache full:https://registry.npmjs.org/which-typed-array cache-miss
2164 silly fetch manifest set-function-name@^2.0.2
2165 silly packumentCache full:https://registry.npmjs.org/set-function-name cache-miss
2166 silly fetch manifest isarray@^2.0.5
2167 silly packumentCache full:https://registry.npmjs.org/isarray cache-miss
2168 silly fetch manifest isarray@^2.0.5
2169 silly packumentCache full:https://registry.npmjs.org/isarray cache-miss
2170 silly fetch manifest dunder-proto@^1.0.1
2171 silly packumentCache full:https://registry.npmjs.org/dunder-proto cache-miss
2172 silly fetch manifest for-each@^0.3.3
2173 silly packumentCache full:https://registry.npmjs.org/for-each cache-miss
2174 silly fetch manifest for-each@^0.3.3
2175 silly packumentCache full:https://registry.npmjs.org/for-each cache-miss
2176 http cache https://registry.npmjs.org/is-array-buffer 40ms (cache hit)
2177 silly packumentCache full:https://registry.npmjs.org/is-array-buffer set size:33562 disposed:false
2178 silly fetch manifest reflect.getprototypeof@^1.0.9
2179 silly packumentCache full:https://registry.npmjs.org/reflect.getprototypeof cache-miss
2180 http cache https://registry.npmjs.org/is-typed-array 38ms (cache hit)
2181 silly packumentCache full:https://registry.npmjs.org/is-typed-array set size:79965 disposed:false
2182 silly fetch manifest for-each@^0.3.5
2183 silly packumentCache full:https://registry.npmjs.org/for-each cache-miss
2184 http cache https://registry.npmjs.org/which-typed-array 38ms (cache hit)
2185 silly packumentCache full:https://registry.npmjs.org/which-typed-array set size:101551 disposed:false
2186 silly fetch manifest possible-typed-array-names@^1.1.0
2187 silly packumentCache full:https://registry.npmjs.org/possible-typed-array-names cache-miss
2188 http cache https://registry.npmjs.org/is-data-view 47ms (cache hit)
2189 silly packumentCache full:https://registry.npmjs.org/is-data-view set size:13756 disposed:false
2190 silly fetch manifest reflect.getprototypeof@^1.0.10
2191 silly packumentCache full:https://registry.npmjs.org/reflect.getprototypeof cache-miss
2192 http fetch GET 200 https://registry.npmjs.org/is-symbol 120ms (cache miss)
2193 silly packumentCache full:https://registry.npmjs.org/is-symbol set size:undefined disposed:false
2194 silly fetch manifest has-bigints@^1.0.2
2195 silly packumentCache full:https://registry.npmjs.org/has-bigints cache-miss
2196 http fetch GET 200 https://registry.npmjs.org/possible-typed-array-names 145ms (cache miss)
2197 silly packumentCache full:https://registry.npmjs.org/possible-typed-array-names set size:undefined disposed:false
2198 silly fetch manifest which-boxed-primitive@^1.1.1
2199 silly packumentCache full:https://registry.npmjs.org/which-boxed-primitive cache-miss
2200 http fetch GET 200 https://registry.npmjs.org/es-abstract-get 147ms (cache miss)
2201 silly packumentCache full:https://registry.npmjs.org/es-abstract-get set size:undefined disposed:false
2202 silly fetch manifest for-each@^0.3.5
2203 silly packumentCache full:https://registry.npmjs.org/for-each cache-miss
2204 http fetch GET 200 https://registry.npmjs.org/for-each 155ms (cache miss)
2205 silly packumentCache full:https://registry.npmjs.org/for-each set size:undefined disposed:false
2206 http fetch GET 200 https://registry.npmjs.org/is-document.all 165ms (cache miss)
2207 silly packumentCache full:https://registry.npmjs.org/is-document.all set size:undefined disposed:false
2208 http fetch GET 200 https://registry.npmjs.org/isarray 160ms (cache miss)
2209 silly packumentCache full:https://registry.npmjs.org/isarray set size:undefined disposed:false
2210 http fetch GET 200 https://registry.npmjs.org/is-date-object 169ms (cache miss)
2211 silly packumentCache full:https://registry.npmjs.org/is-date-object set size:undefined disposed:false
2212 http fetch GET 200 https://registry.npmjs.org/functions-have-names 169ms (cache miss)
2213 silly packumentCache full:https://registry.npmjs.org/functions-have-names set size:undefined disposed:false
2214 http fetch GET 200 https://registry.npmjs.org/side-channel 171ms (cache miss)
2215 silly packumentCache full:https://registry.npmjs.org/side-channel set size:undefined disposed:false
2216 http fetch GET 200 https://registry.npmjs.org/set-function-name 170ms (cache miss)
2217 silly packumentCache full:https://registry.npmjs.org/set-function-name set size:undefined disposed:false
2218 http fetch GET 200 https://registry.npmjs.org/for-each 134ms (cache miss)
2219 silly packumentCache full:https://registry.npmjs.org/for-each set size:undefined disposed:false
2220 http fetch GET 200 https://registry.npmjs.org/isarray 172ms (cache miss)
2221 silly packumentCache full:https://registry.npmjs.org/isarray set size:undefined disposed:false
2222 http fetch GET 200 https://registry.npmjs.org/for-each 172ms (cache miss)
2223 silly packumentCache full:https://registry.npmjs.org/for-each set size:undefined disposed:false
2224 http fetch GET 200 https://registry.npmjs.org/possible-typed-array-names 137ms (cache miss)
2225 silly packumentCache full:https://registry.npmjs.org/possible-typed-array-names set size:undefined disposed:false
2226 http fetch GET 200 https://registry.npmjs.org/reflect.getprototypeof 145ms (cache miss)
2227 silly packumentCache full:https://registry.npmjs.org/reflect.getprototypeof set size:undefined disposed:false
2228 http fetch GET 200 https://registry.npmjs.org/reflect.getprototypeof 169ms (cache miss)
2229 silly packumentCache full:https://registry.npmjs.org/reflect.getprototypeof set size:undefined disposed:false
2230 http fetch GET 200 https://registry.npmjs.org/dunder-proto 265ms (cache revalidated)
2231 silly packumentCache full:https://registry.npmjs.org/dunder-proto set size:8256 disposed:false
2232 http fetch GET 200 https://registry.npmjs.org/dunder-proto 274ms (cache revalidated)
2233 silly packumentCache full:https://registry.npmjs.org/dunder-proto set size:8256 disposed:false
2234 silly packumentCache full:https://registry.npmjs.org/dunder-proto dispose
2235 http fetch GET 200 https://registry.npmjs.org/dunder-proto 276ms (cache revalidated)
2236 silly packumentCache full:https://registry.npmjs.org/dunder-proto set size:8256 disposed:true
2237 silly packumentCache full:https://registry.npmjs.org/dunder-proto dispose
2238 http fetch GET 200 https://registry.npmjs.org/has-bigints 163ms (cache miss)
2239 silly packumentCache full:https://registry.npmjs.org/has-bigints set size:undefined disposed:false
2240 http fetch GET 200 https://registry.npmjs.org/for-each 143ms (cache miss)
2241 silly packumentCache full:https://registry.npmjs.org/for-each set size:undefined disposed:false
2242 http fetch GET 200 https://registry.npmjs.org/which-boxed-primitive 149ms (cache miss)
2243 silly packumentCache full:https://registry.npmjs.org/which-boxed-primitive set size:undefined disposed:false
2244 silly placeDep ROOT possible-typed-array-names@1.1.0 OK for: available-typed-arrays@1.0.7 want: ^1.0.0
2245 silly placeDep ROOT has-tostringtag@1.0.2 OK for: es-set-tostringtag@2.1.0 want: ^1.0.2
2246 silly placeDep ROOT es-abstract-get@1.0.0 OK for: es-to-primitive@1.3.4 want: ^1.0.0
2247 silly placeDep ROOT is-date-object@1.1.0 OK for: es-to-primitive@1.3.4 want: ^1.1.0
2248 silly placeDep ROOT is-symbol@1.1.1 OK for: es-to-primitive@1.3.4 want: ^1.1.1
2249 silly placeDep node_modules/eslint-import-resolver-node debug@3.2.7 OK for: eslint-import-resolver-node@0.3.10 want: ^3.2.7
2250 silly placeDep ROOT resolve@2.0.0-next.7 OK for: eslint-import-resolver-node@0.3.10 want: ^2.0.0-next.6
2251 silly fetch manifest node-exports-info@^1.6.0
2252 silly packumentCache full:https://registry.npmjs.org/node-exports-info cache-miss
2253 silly fetch manifest path-parse@^1.0.7
2254 silly packumentCache full:https://registry.npmjs.org/path-parse cache-miss
2255 silly fetch manifest supports-preserve-symlinks-flag@^1.0.0
2256 silly packumentCache full:https://registry.npmjs.org/supports-preserve-symlinks-flag cache-miss
2257 http fetch GET 200 https://registry.npmjs.org/path-parse 141ms (cache revalidated)
2258 silly packumentCache full:https://registry.npmjs.org/path-parse set size:14523 disposed:false
2259 http fetch GET 200 https://registry.npmjs.org/supports-preserve-symlinks-flag 146ms (cache revalidated)
2260 silly packumentCache full:https://registry.npmjs.org/supports-preserve-symlinks-flag set size:6802 disposed:false
2261 http fetch GET 200 https://registry.npmjs.org/node-exports-info 149ms (cache miss)
2262 silly packumentCache full:https://registry.npmjs.org/node-exports-info set size:undefined disposed:false
2263 silly placeDep node_modules/eslint-module-utils debug@3.2.7 OK for: eslint-module-utils@2.14.0 want: ^3.2.7
2264 silly placeDep ROOT array.prototype.findlast@1.2.5 OK for: eslint-plugin-react@7.37.5 want: ^1.2.5
2265 silly placeDep ROOT array.prototype.tosorted@1.1.4 OK for: eslint-plugin-react@7.37.5 want: ^1.1.4
2266 silly placeDep ROOT es-iterator-helpers@1.3.3 OK for: eslint-plugin-react@7.37.5 want: ^1.2.1
2267 silly placeDep ROOT estraverse@5.3.0 OK for: eslint-plugin-react@7.37.5 want: ^5.3.0
2268 silly placeDep ROOT jsx-ast-utils@3.3.5 OK for: eslint-plugin-react@7.37.5 want: ^2.4.1 || ^3.0.0
2269 silly placeDep ROOT object.entries@1.1.9 OK for: eslint-plugin-react@7.37.5 want: ^1.1.9
2270 silly placeDep ROOT prop-types@15.8.1 OK for: eslint-plugin-react@7.37.5 want: ^15.8.1
2271 silly placeDep ROOT string.prototype.matchall@4.0.12 OK for: eslint-plugin-react@7.37.5 want: ^4.0.12
2272 silly placeDep ROOT string.prototype.repeat@1.0.0 OK for: eslint-plugin-react@7.37.5 want: ^1.0.0
2273 silly fetch manifest iterator.prototype@^1.1.5
2274 silly packumentCache full:https://registry.npmjs.org/iterator.prototype cache-miss
2275 silly fetch manifest loose-envify@^1.4.0
2276 silly packumentCache full:https://registry.npmjs.org/loose-envify cache-miss
2277 silly fetch manifest object-assign@^4.1.1
2278 silly packumentCache full:https://registry.npmjs.org/object-assign cache-miss
2279 silly fetch manifest react-is@^16.13.1
2280 silly packumentCache full:https://registry.npmjs.org/react-is cache-miss
2281 http cache https://registry.npmjs.org/react-is 30ms (cache hit)
2282 silly packumentCache full:https://registry.npmjs.org/react-is set size:5473575 disposed:false
2283 http fetch GET 200 https://registry.npmjs.org/iterator.prototype 135ms (cache miss)
2284 silly packumentCache full:https://registry.npmjs.org/iterator.prototype set size:undefined disposed:false
2285 http fetch GET 200 https://registry.npmjs.org/loose-envify 142ms (cache revalidated)
2286 silly packumentCache full:https://registry.npmjs.org/loose-envify set size:12559 disposed:false
2287 http fetch GET 200 https://registry.npmjs.org/object-assign 147ms (cache revalidated)
2288 silly packumentCache full:https://registry.npmjs.org/object-assign set size:28988 disposed:false
2289 silly placeDep ROOT iterator.prototype@1.1.5 OK for: es-iterator-helpers@1.3.3 want: ^1.1.5
2290 silly placeDep ROOT esrecurse@4.3.0 OK for: eslint-scope@8.4.0 want: ^4.3.0
2291 silly placeDep ROOT acorn@8.17.0 OK for: espree@10.4.0 want: ^8.15.0
2292 silly placeDep ROOT acorn-jsx@5.3.2 OK for: espree@10.4.0 want: ^5.3.2
2293 silly fetch manifest expo@*
2294 silly packumentCache full:https://registry.npmjs.org/expo cache-miss
2295 http cache https://registry.npmjs.org/expo 22ms (cache hit)
2296 silly packumentCache full:https://registry.npmjs.org/expo set size:3896460 disposed:false
2297 silly fetch manifest react@*
2298 silly packumentCache full:https://registry.npmjs.org/react cache-miss
2299 http cache https://registry.npmjs.org/react 28ms (cache hit)
2300 silly packumentCache full:https://registry.npmjs.org/react set size:6765208 disposed:false
2301 silly fetch manifest react-dom@*
2302 silly packumentCache full:https://registry.npmjs.org/react-dom cache-miss
2303 http cache https://registry.npmjs.org/react-dom 33ms (cache hit)
2304 silly packumentCache full:https://registry.npmjs.org/react-dom set size:9055010 disposed:false
2305 silly fetch manifest react-native@*
2306 silly packumentCache full:https://registry.npmjs.org/react-native cache-miss
2307 http cache https://registry.npmjs.org/react-native 52ms (cache hit)
2308 silly packumentCache full:https://registry.npmjs.org/react-native set size:15431683 disposed:false
2309 silly fetch manifest @react-native/jest-preset@0.86.0
2310 silly packumentCache full:https://registry.npmjs.org/@react-native%2fjest-preset cache-miss
2311 http fetch GET 200 https://registry.npmjs.org/@react-native%2fjest-preset 402ms (cache revalidated)
2312 silly packumentCache full:https://registry.npmjs.org/@react-native%2fjest-preset set size:237478 disposed:false
2313 silly fetch manifest @types/react@^19.1.1
2314 silly packumentCache full:https://registry.npmjs.org/@types%2freact cache-miss
2315 http cache https://registry.npmjs.org/@types%2freact 19ms (cache hit)
2316 silly packumentCache full:https://registry.npmjs.org/@types%2freact set size:2632776 disposed:false
2317 silly fetch manifest react-native-web@*
2318 silly packumentCache full:https://registry.npmjs.org/react-native-web cache-miss
2319 http cache https://registry.npmjs.org/react-native-web 13ms (cache hit)
2320 silly packumentCache full:https://registry.npmjs.org/react-native-web set size:1090416 disposed:false
2321 silly fetch manifest expo-router@*
2322 silly packumentCache full:https://registry.npmjs.org/expo-router cache-miss
2323 http cache https://registry.npmjs.org/expo-router 15ms (cache hit)
2324 silly packumentCache full:https://registry.npmjs.org/expo-router set size:1973016 disposed:false
2325 silly fetch manifest @testing-library/react-native@>= 13.2.0
2326 silly packumentCache full:https://registry.npmjs.org/@testing-library%2freact-native cache-hit
2327 silly fetch manifest expo-constants@^57.0.3
2328 silly packumentCache full:https://registry.npmjs.org/expo-constants cache-miss
2329 http cache https://registry.npmjs.org/expo-constants 12ms (cache hit)
2330 silly packumentCache full:https://registry.npmjs.org/expo-constants set size:1122660 disposed:false
2331 silly fetch manifest expo-linking@^57.0.1
2332 silly packumentCache full:https://registry.npmjs.org/expo-linking cache-hit
2333 silly fetch manifest react-native-gesture-handler@*
2334 silly packumentCache full:https://registry.npmjs.org/react-native-gesture-handler cache-miss
2335 http cache https://registry.npmjs.org/react-native-gesture-handler 13ms (cache hit)
2336 silly packumentCache full:https://registry.npmjs.org/react-native-gesture-handler set size:1172620 disposed:false
2337 silly fetch manifest react-native-reanimated@*
2338 silly packumentCache full:https://registry.npmjs.org/react-native-reanimated cache-miss
2339 http cache https://registry.npmjs.org/react-native-reanimated 43ms (cache hit)
2340 silly packumentCache full:https://registry.npmjs.org/react-native-reanimated set size:11050607 disposed:false
2341 silly fetch manifest react-native-worklets@0.10.x
2342 silly packumentCache full:https://registry.npmjs.org/react-native-worklets cache-miss
2343 http cache https://registry.npmjs.org/react-native-worklets 17ms (cache hit)
2344 silly packumentCache full:https://registry.npmjs.org/react-native-worklets set size:2849351 disposed:false
2345 silly fetch manifest @babel/core@*
2346 silly packumentCache full:https://registry.npmjs.org/@babel%2fcore cache-hit
2347 silly fetch manifest @react-native/metro-config@*
2348 silly packumentCache full:https://registry.npmjs.org/@react-native%2fmetro-config cache-miss
2349 http fetch GET 200 https://registry.npmjs.org/@react-native%2fmetro-config 503ms (cache revalidated)
2350 silly packumentCache full:https://registry.npmjs.org/@react-native%2fmetro-config set size:2254293 disposed:false
2351 silly fetch manifest react-native-safe-area-context@>= 5.4.0
2352 silly packumentCache full:https://registry.npmjs.org/react-native-safe-area-context cache-hit
2353 silly placeDep ROOT @babel/runtime@7.29.7 OK for: expo@54.0.35 want: ^7.20.0
2354 silly placeDep node_modules/expo @expo/cli@54.0.25 CONFLICT for: expo@54.0.35 want: 54.0.25
2355 silly placeDep ROOT @expo/config@12.0.13 OK for: expo@54.0.35 want: ~12.0.13
2356 silly placeDep ROOT @expo/config-plugins@54.0.4 OK for: expo@54.0.35 want: ~54.0.4
2357 silly placeDep ROOT @expo/devtools@0.1.8 OK for: expo@54.0.35 want: 0.1.8
2358 silly placeDep ROOT @expo/fingerprint@0.15.5 OK for: expo@54.0.35 want: 0.15.5
2359 silly placeDep ROOT @expo/metro@54.2.0 OK for: expo@54.0.35 want: ~54.2.0
2360 silly placeDep node_modules/expo @expo/metro-config@54.0.16 CONFLICT for: expo@54.0.35 want: 54.0.16
2361 silly placeDep ROOT @ungap/structured-clone@1.3.2 OK for: expo@54.0.35 want: ^1.3.0
2362 silly placeDep node_modules/expo babel-preset-expo@54.0.11 CONFLICT for: expo@54.0.35 want: ~54.0.11
2363 silly placeDep ROOT react-refresh@0.14.2 OK for: babel-preset-expo@54.0.11 want: >=0.14.0 <1.0.0
2364 silly placeDep node_modules/expo expo-asset@12.0.13 CONFLICT for: expo@54.0.35 want: ~12.0.13
2365 silly placeDep node_modules/expo expo-file-system@19.0.23 CONFLICT for: expo@54.0.35 want: ~19.0.23
2366 silly placeDep node_modules/expo expo-keep-awake@15.0.8 CONFLICT for: expo@54.0.35 want: ~15.0.8
2367 silly placeDep ROOT expo-modules-autolinking@3.0.26 OK for: expo@54.0.35 want: 3.0.26
2368 silly placeDep ROOT expo-modules-core@3.0.30 OK for: expo@54.0.35 want: 3.0.30
2369 silly placeDep ROOT pretty-format@29.7.0 OK for: expo@54.0.35 want: ^29.7.0
2370 silly placeDep ROOT whatwg-url-without-unicode@8.0.0-3 OK for: expo@54.0.35 want: 8.0.0-3
2371 silly fetch manifest ws@^8.12.1
2372 silly packumentCache full:https://registry.npmjs.org/ws cache-hit
2373 silly fetch manifest arg@^5.0.2
2374 silly packumentCache full:https://registry.npmjs.org/arg cache-miss
2375 silly fetch manifest ora@^3.4.0
2376 silly packumentCache full:https://registry.npmjs.org/ora cache-miss
2377 silly fetch manifest tar@^7.5.2
2378 silly packumentCache full:https://registry.npmjs.org/tar cache-miss
2379 silly fetch manifest glob@^13.0.0
2380 silly packumentCache full:https://registry.npmjs.org/glob cache-hit
2381 silly fetch manifest send@^0.19.0
2382 silly packumentCache full:https://registry.npmjs.org/send cache-miss
2383 silly fetch manifest getenv@^2.0.0
2384 silly packumentCache full:https://registry.npmjs.org/getenv cache-miss
2385 silly fetch manifest semver@^7.6.0
2386 silly packumentCache full:https://registry.npmjs.org/semver cache-hit
2387 silly fetch manifest undici@^6.18.2
2388 silly packumentCache full:https://registry.npmjs.org/undici cache-miss
2389 silly fetch manifest accepts@^1.3.8
2390 silly packumentCache full:https://registry.npmjs.org/accepts cache-miss
2391 silly fetch manifest ci-info@^3.3.0
2392 silly packumentCache full:https://registry.npmjs.org/ci-info cache-miss
2393 silly fetch manifest connect@^3.7.0
2394 silly packumentCache full:https://registry.npmjs.org/connect cache-miss
2395 silly fetch manifest prompts@^2.3.2
2396 silly packumentCache full:https://registry.npmjs.org/prompts cache-miss
2397 silly fetch manifest resolve@^1.22.2
2398 silly packumentCache full:https://registry.npmjs.org/resolve cache-hit
2399 silly fetch manifest slugify@^1.3.4
2400 silly packumentCache full:https://registry.npmjs.org/slugify cache-miss
2401 silly fetch manifest progress@^2.0.3
2402 silly packumentCache full:https://registry.npmjs.org/progress cache-miss
2403 silly fetch manifest requireg@^0.2.2
2404 silly packumentCache full:https://registry.npmjs.org/requireg cache-miss
2405 silly fetch manifest minimatch@^9.0.0
2406 silly packumentCache full:https://registry.npmjs.org/minimatch cache-hit
2407 silly fetch manifest picomatch@^4.0.3
2408 silly packumentCache full:https://registry.npmjs.org/picomatch cache-hit
2409 silly fetch manifest wrap-ansi@^7.0.0
2410 silly packumentCache full:https://registry.npmjs.org/wrap-ansi cache-miss
2411 silly fetch manifest @urql/core@^5.0.6
2412 silly packumentCache full:https://registry.npmjs.org/@urql%2fcore cache-miss
2413 silly fetch manifest better-opn@~3.0.2
2414 silly packumentCache full:https://registry.npmjs.org/better-opn cache-miss
2415 silly fetch manifest env-editor@^0.4.1
2416 silly packumentCache full:https://registry.npmjs.org/env-editor cache-miss
2417 silly fetch manifest node-forge@^1.3.3
2418 silly packumentCache full:https://registry.npmjs.org/node-forge cache-miss
2419 silly fetch manifest @expo/plist@^0.4.9
2420 silly packumentCache full:https://registry.npmjs.org/@expo%2fplist cache-miss
2421 http fetch GET 200 https://registry.npmjs.org/requireg 140ms (cache miss)
2422 silly packumentCache full:https://registry.npmjs.org/requireg set size:undefined disposed:false
2423 silly fetch manifest compression@^1.7.4
2424 silly packumentCache full:https://registry.npmjs.org/compression cache-miss
2425 http fetch GET 200 https://registry.npmjs.org/env-editor 144ms (cache miss)
2426 silly packumentCache full:https://registry.npmjs.org/env-editor set size:undefined disposed:false
2427 silly fetch manifest lan-network@^0.2.1
2428 silly packumentCache full:https://registry.npmjs.org/lan-network cache-miss
2429 http fetch GET 200 https://registry.npmjs.org/slugify 158ms (cache revalidated)
2430 silly packumentCache full:https://registry.npmjs.org/slugify set size:103522 disposed:false
2431 silly fetch manifest pretty-bytes@^5.6.0
2432 silly packumentCache full:https://registry.npmjs.org/pretty-bytes cache-miss
2433 http fetch GET 200 https://registry.npmjs.org/send 172ms (cache revalidated)
2434 silly packumentCache full:https://registry.npmjs.org/send set size:152810 disposed:false
2435 silly fetch manifest resolve-from@^5.0.0
2436 silly packumentCache full:https://registry.npmjs.org/resolve-from cache-hit
2437 silly fetch manifest @expo/devcert@^1.2.1
2438 silly packumentCache full:https://registry.npmjs.org/@expo%2fdevcert cache-miss
2439 http fetch GET 200 https://registry.npmjs.org/accepts 185ms (cache revalidated)
2440 silly packumentCache full:https://registry.npmjs.org/accepts set size:77054 disposed:false
2441 silly fetch manifest bplist-parser@^0.3.1
2442 silly packumentCache full:https://registry.npmjs.org/bplist-parser cache-miss
2443 http fetch GET 200 https://registry.npmjs.org/prompts 196ms (cache revalidated)
2444 silly packumentCache full:https://registry.npmjs.org/prompts set size:115896 disposed:false
2445 silly fetch manifest terminal-link@^2.1.1
2446 silly packumentCache full:https://registry.npmjs.org/terminal-link cache-miss
2447 http fetch GET 200 https://registry.npmjs.org/progress 198ms (cache revalidated)
2448 silly packumentCache full:https://registry.npmjs.org/progress set size:34179 disposed:false
2449 silly fetch manifest @expo/xcpretty@^4.3.0
2450 silly packumentCache full:https://registry.npmjs.org/@expo%2fxcpretty cache-miss
2451 http fetch GET 200 https://registry.npmjs.org/ora 212ms (cache revalidated)
2452 silly packumentCache full:https://registry.npmjs.org/ora set size:147148 disposed:false
2453 silly fetch manifest bplist-creator@0.1.0
2454 silly packumentCache full:https://registry.npmjs.org/bplist-creator cache-miss
2455 http fetch GET 200 https://registry.npmjs.org/ci-info 212ms (cache revalidated)
2456 silly packumentCache full:https://registry.npmjs.org/ci-info set size:91363 disposed:false
2457 silly fetch manifest freeport-async@^2.0.0
2458 silly packumentCache full:https://registry.npmjs.org/freeport-async cache-miss
2459 http fetch GET 200 https://registry.npmjs.org/wrap-ansi 208ms (cache revalidated)
2460 silly packumentCache full:https://registry.npmjs.org/wrap-ansi set size:55299 disposed:false
2461 silly fetch manifest @expo/json-file@^10.0.16
2462 silly packumentCache full:https://registry.npmjs.org/@expo%2fjson-file cache-miss
2463 http fetch GET 200 https://registry.npmjs.org/undici 245ms (cache miss)
2464 silly packumentCache full:https://registry.npmjs.org/undici set size:undefined disposed:false
2465 silly fetch manifest @expo/osascript@^2.3.8
2466 silly packumentCache full:https://registry.npmjs.org/@expo%2fosascript cache-miss
2467 http fetch GET 200 https://registry.npmjs.org/compression 171ms (cache revalidated)
2468 silly packumentCache full:https://registry.npmjs.org/compression set size:98424 disposed:false
2469 silly fetch manifest @expo/ws-tunnel@^1.0.1
2470 silly packumentCache full:https://registry.npmjs.org/@expo%2fws-tunnel cache-miss
2471 http fetch GET 200 https://registry.npmjs.org/pretty-bytes 174ms (cache miss)
2472 silly packumentCache full:https://registry.npmjs.org/pretty-bytes set size:undefined disposed:false
2473 silly fetch manifest npm-package-arg@^11.0.0
2474 silly packumentCache full:https://registry.npmjs.org/npm-package-arg cache-miss
2475 http fetch GET 200 https://registry.npmjs.org/arg 347ms (cache revalidated)
2476 silly packumentCache full:https://registry.npmjs.org/arg set size:67036 disposed:false
2477 silly fetch manifest qrcode-terminal@0.11.0
2478 silly packumentCache full:https://registry.npmjs.org/qrcode-terminal cache-miss
2479 http fetch GET 200 https://registry.npmjs.org/getenv 351ms (cache revalidated)
2480 silly packumentCache full:https://registry.npmjs.org/getenv set size:20110 disposed:false
2481 silly fetch manifest resolve.exports@^2.0.3
2482 silly packumentCache full:https://registry.npmjs.org/resolve.exports cache-miss
2483 http fetch GET 200 https://registry.npmjs.org/connect 352ms (cache revalidated)
2484 silly packumentCache full:https://registry.npmjs.org/connect set size:438385 disposed:false
2485 silly fetch manifest @expo/image-utils@^0.8.8
2486 silly packumentCache full:https://registry.npmjs.org/@expo%2fimage-utils cache-miss
2487 http fetch GET 200 https://registry.npmjs.org/bplist-parser 181ms (cache revalidated)
2488 silly packumentCache full:https://registry.npmjs.org/bplist-parser set size:21877 disposed:false
2489 silly fetch manifest @expo/spawn-async@^1.7.2
2490 silly packumentCache full:https://registry.npmjs.org/@expo%2fspawn-async cache-miss
2491 http fetch GET 200 https://registry.npmjs.org/node-forge 360ms (cache revalidated)
2492 silly packumentCache full:https://registry.npmjs.org/node-forge set size:394631 disposed:false
2493 silly fetch manifest @expo/metro-config@~54.0.16
2494 silly packumentCache full:https://registry.npmjs.org/@expo%2fmetro-config cache-miss
2495 http cache https://registry.npmjs.org/@expo%2fmetro-config 19ms (cache hit)
2496 silly packumentCache full:https://registry.npmjs.org/@expo%2fmetro-config set size:1600275 disposed:false
2497 silly fetch manifest source-map-support@~0.5.21
2498 silly packumentCache full:https://registry.npmjs.org/source-map-support cache-miss
2499 http fetch GET 200 https://registry.npmjs.org/tar 418ms (cache revalidated)
2500 silly packumentCache full:https://registry.npmjs.org/tar set size:571726 disposed:false
2501 silly fetch manifest structured-headers@^0.4.1
2502 silly packumentCache full:https://registry.npmjs.org/structured-headers cache-miss
2503 http fetch GET 200 https://registry.npmjs.org/better-opn 420ms (cache revalidated)
2504 silly packumentCache full:https://registry.npmjs.org/better-opn set size:48876 disposed:false
2505 silly fetch manifest @0no-co/graphql.web@^1.0.8
2506 silly packumentCache full:https://registry.npmjs.org/@0no-co%2fgraphql.web cache-miss
2507 http fetch GET 200 https://registry.npmjs.org/terminal-link 237ms (cache revalidated)
2508 silly packumentCache full:https://registry.npmjs.org/terminal-link set size:26728 disposed:false
2509 silly fetch manifest require-from-string@^2.0.2
2510 silly packumentCache full:https://registry.npmjs.org/require-from-string cache-miss
2511 http fetch GET 200 https://registry.npmjs.org/lan-network 306ms (cache revalidated)
2512 silly packumentCache full:https://registry.npmjs.org/lan-network set size:65284 disposed:false
2513 silly fetch manifest @urql/exchange-retry@^1.3.0
2514 silly packumentCache full:https://registry.npmjs.org/@urql%2fexchange-retry cache-miss
2515 http fetch GET 200 https://registry.npmjs.org/freeport-async 305ms (cache miss)
2516 silly packumentCache full:https://registry.npmjs.org/freeport-async set size:undefined disposed:false
2517 silly fetch manifest @expo/package-manager@^1.9.10
2518 silly packumentCache full:https://registry.npmjs.org/@expo%2fpackage-manager cache-miss
2519 http fetch GET 200 https://registry.npmjs.org/source-map-support 182ms (cache revalidated)
2520 silly packumentCache full:https://registry.npmjs.org/source-map-support set size:125488 disposed:false
2521 silly fetch manifest @react-native/dev-middleware@0.81.5
2522 silly packumentCache full:https://registry.npmjs.org/@react-native%2fdev-middleware cache-miss
2523 http fetch GET 200 https://registry.npmjs.org/bplist-creator 407ms (cache revalidated)
2524 silly packumentCache full:https://registry.npmjs.org/bplist-creator set size:18748 disposed:false
2525 silly fetch manifest @expo/code-signing-certificates@^0.0.6
2526 silly packumentCache full:https://registry.npmjs.org/@expo%2fcode-signing-certificates cache-miss
2527 http fetch GET 200 https://registry.npmjs.org/npm-package-arg 306ms (cache revalidated)
2528 silly packumentCache full:https://registry.npmjs.org/npm-package-arg set size:133940 disposed:false
2529 silly fetch manifest sucrase@~3.35.1
2530 silly packumentCache full:https://registry.npmjs.org/sucrase cache-miss
2531 http fetch GET 200 https://registry.npmjs.org/resolve.exports 302ms (cache miss)
2532 silly packumentCache full:https://registry.npmjs.org/resolve.exports set size:undefined disposed:false
2533 silly fetch manifest deepmerge@^4.3.1
2534 silly packumentCache full:https://registry.npmjs.org/deepmerge cache-miss
2535 http fetch GET 200 https://registry.npmjs.org/qrcode-terminal 383ms (cache revalidated)
2536 silly packumentCache full:https://registry.npmjs.org/qrcode-terminal set size:29799 disposed:false
2537 silly fetch manifest @expo/json-file@^10.0.8
2538 silly packumentCache full:https://registry.npmjs.org/@expo%2fjson-file cache-miss
2539 http fetch GET 200 https://registry.npmjs.org/require-from-string 308ms (cache revalidated)
2540 silly packumentCache full:https://registry.npmjs.org/require-from-string set size:15128 disposed:false
2541 silly fetch manifest @babel/code-frame@~7.10.4
2542 silly packumentCache full:https://registry.npmjs.org/@babel%2fcode-frame cache-hit
2543 silly fetch manifest @expo/config-types@^54.0.10
2544 silly packumentCache full:https://registry.npmjs.org/@expo%2fconfig-types cache-miss
2545 http fetch GET 200 https://registry.npmjs.org/structured-headers 358ms (cache revalidated)
2546 silly packumentCache full:https://registry.npmjs.org/structured-headers set size:38215 disposed:false
2547 silly fetch manifest resolve-workspace-root@^2.0.0
2548 silly packumentCache full:https://registry.npmjs.org/resolve-workspace-root cache-miss
2549 http fetch GET 200 https://registry.npmjs.org/@expo%2fplist 802ms (cache revalidated)
2550 silly packumentCache full:https://registry.npmjs.org/@expo%2fplist set size:567362 disposed:false
2551 silly fetch manifest slash@^3.0.0
2552 silly packumentCache full:https://registry.npmjs.org/slash cache-miss
2553 http fetch GET 200 https://registry.npmjs.org/@urql%2fcore 822ms (cache revalidated)
2554 silly packumentCache full:https://registry.npmjs.org/@urql%2fcore set size:1257917 disposed:false
2555 silly fetch manifest xcode@^3.0.1
2556 silly packumentCache full:https://registry.npmjs.org/xcode cache-miss
2557 http fetch GET 200 https://registry.npmjs.org/@expo%2fws-tunnel 545ms (cache revalidated)
2558 silly packumentCache full:https://registry.npmjs.org/@expo%2fws-tunnel set size:24472 disposed:false
2559 silly fetch manifest semver@^7.5.4
2560 silly packumentCache full:https://registry.npmjs.org/semver cache-hit
2561 silly fetch manifest xml2js@0.6.0
2562 silly packumentCache full:https://registry.npmjs.org/xml2js cache-miss
2563 http fetch GET 200 https://registry.npmjs.org/@expo%2fxcpretty 694ms (cache revalidated)
2564 silly packumentCache full:https://registry.npmjs.org/@expo%2fxcpretty set size:123694 disposed:false
2565 silly fetch manifest slugify@^1.6.6
2566 silly packumentCache full:https://registry.npmjs.org/slugify cache-hit
2567 silly fetch manifest @expo/plist@^0.4.8
2568 silly packumentCache full:https://registry.npmjs.org/@expo%2fplist cache-hit
2569 silly fetch manifest @expo/json-file@~10.0.8
2570 silly packumentCache full:https://registry.npmjs.org/@expo%2fjson-file cache-miss
2571 http fetch GET 200 https://registry.npmjs.org/deepmerge 266ms (cache revalidated)
2572 silly packumentCache full:https://registry.npmjs.org/deepmerge set size:101897 disposed:false
2573 silly fetch manifest @expo/config-types@^54.0.10
2574 silly packumentCache full:https://registry.npmjs.org/@expo%2fconfig-types cache-miss
2575 http fetch GET 200 https://registry.npmjs.org/@expo%2fdevcert 748ms (cache revalidated)
2576 silly packumentCache full:https://registry.npmjs.org/@expo%2fdevcert set size:37695 disposed:false
2577 silly fetch manifest @expo/sdk-runtime-versions@^1.0.0
2578 silly packumentCache full:https://registry.npmjs.org/@expo%2fsdk-runtime-versions cache-miss
2579 http fetch GET 200 https://registry.npmjs.org/sucrase 291ms (cache revalidated)
2580 silly packumentCache full:https://registry.npmjs.org/sucrase set size:449399 disposed:false
2581 silly fetch manifest p-limit@^3.1.0
2582 silly packumentCache full:https://registry.npmjs.org/p-limit cache-miss
2583 http fetch GET 200 https://registry.npmjs.org/@expo%2fjson-file 900ms (cache revalidated)
2584 silly packumentCache full:https://registry.npmjs.org/@expo%2fjson-file set size:772806 disposed:false
2585 silly fetch manifest @expo/spawn-async@^1.7.2
2586 silly packumentCache full:https://registry.npmjs.org/@expo%2fspawn-async cache-miss
2587 http fetch GET 200 https://registry.npmjs.org/@expo%2fjson-file 398ms (cache revalidated)
2588 silly packumentCache full:https://registry.npmjs.org/@expo%2fjson-file set size:772806 disposed:false
2589 silly packumentCache full:https://registry.npmjs.org/@expo%2fjson-file dispose
2590 silly fetch manifest metro@0.83.3
2591 silly packumentCache full:https://registry.npmjs.org/metro cache-miss
2592 http fetch GET 200 https://registry.npmjs.org/@expo%2fosascript 881ms (cache revalidated)
2593 silly packumentCache full:https://registry.npmjs.org/@expo%2fosascript set size:655472 disposed:false
2594 silly fetch manifest metro-core@0.83.3
2595 silly packumentCache full:https://registry.npmjs.org/metro-core cache-miss
2596 http fetch GET 200 https://registry.npmjs.org/xml2js 279ms (cache revalidated)
2597 silly packumentCache full:https://registry.npmjs.org/xml2js set size:198018 disposed:false
2598 silly fetch manifest metro-cache@0.83.3
2599 silly packumentCache full:https://registry.npmjs.org/metro-cache cache-miss
2600 http fetch GET 200 https://registry.npmjs.org/@expo%2fimage-utils 791ms (cache revalidated)
2601 silly packumentCache full:https://registry.npmjs.org/@expo%2fimage-utils set size:812368 disposed:false
2602 silly fetch manifest metro-config@0.83.3
2603 silly packumentCache full:https://registry.npmjs.org/metro-config cache-miss
2604 http fetch GET 200 https://registry.npmjs.org/slash 340ms (cache revalidated)
2605 silly packumentCache full:https://registry.npmjs.org/slash set size:20337 disposed:false
2606 silly fetch manifest metro-runtime@0.83.3
2607 silly packumentCache full:https://registry.npmjs.org/metro-runtime cache-hit
2608 silly fetch manifest metro-file-map@0.83.3
2609 silly packumentCache full:https://registry.npmjs.org/metro-file-map cache-miss
2610 http fetch GET 200 https://registry.npmjs.org/@expo%2fspawn-async 803ms (cache revalidated)
2611 silly packumentCache full:https://registry.npmjs.org/@expo%2fspawn-async set size:41260 disposed:false
2612 silly fetch manifest metro-resolver@0.83.3
2613 silly packumentCache full:https://registry.npmjs.org/metro-resolver cache-miss
2614 http fetch GET 200 https://registry.npmjs.org/resolve-workspace-root 418ms (cache revalidated)
2615 silly packumentCache full:https://registry.npmjs.org/resolve-workspace-root set size:11680 disposed:false
2616 silly fetch manifest metro-cache-key@0.83.3
2617 silly packumentCache full:https://registry.npmjs.org/metro-cache-key cache-miss
2618 http fetch GET 200 https://registry.npmjs.org/xcode 376ms (cache revalidated)
2619 silly packumentCache full:https://registry.npmjs.org/xcode set size:5234429 disposed:false
2620 silly fetch manifest metro-source-map@0.83.3
2621 silly packumentCache full:https://registry.npmjs.org/metro-source-map cache-hit
2622 silly fetch manifest metro-symbolicate@0.83.3
2623 silly packumentCache full:https://registry.npmjs.org/metro-symbolicate cache-miss
2624 http fetch GET 200 https://registry.npmjs.org/@expo%2fjson-file 362ms (cache revalidated)
2625 silly packumentCache full:https://registry.npmjs.org/@expo%2fjson-file set size:772806 disposed:true
2626 silly packumentCache full:https://registry.npmjs.org/@expo%2fjson-file dispose
2627 silly fetch manifest metro-minify-terser@0.83.3
2628 silly packumentCache full:https://registry.npmjs.org/metro-minify-terser cache-miss
2629 http fetch GET 200 https://registry.npmjs.org/p-limit 323ms (cache revalidated)
2630 silly packumentCache full:https://registry.npmjs.org/p-limit set size:61867 disposed:false
2631 silly fetch manifest metro-transform-worker@0.83.3
2632 silly packumentCache full:https://registry.npmjs.org/metro-transform-worker cache-miss
2633 http fetch GET 200 https://registry.npmjs.org/@0no-co%2fgraphql.web 883ms (cache revalidated)
2634 silly packumentCache full:https://registry.npmjs.org/@0no-co%2fgraphql.web set size:233298 disposed:false
2635 silly fetch manifest metro-babel-transformer@0.83.3
2636 silly packumentCache full:https://registry.npmjs.org/metro-babel-transformer cache-miss
2637 http fetch GET 200 https://registry.npmjs.org/@expo%2fspawn-async 193ms (cache revalidated)
2638 silly packumentCache full:https://registry.npmjs.org/@expo%2fspawn-async set size:41260 disposed:false
2639 silly packumentCache full:https://registry.npmjs.org/@expo%2fspawn-async dispose
2640 silly fetch manifest metro-transform-plugins@0.83.3
2641 silly packumentCache full:https://registry.npmjs.org/metro-transform-plugins cache-miss
2642 http fetch GET 200 https://registry.npmjs.org/metro-file-map 174ms (cache revalidated)
2643 silly packumentCache full:https://registry.npmjs.org/metro-file-map set size:190745 disposed:false
2644 silly fetch manifest dotenv@~16.4.5
2645 silly packumentCache full:https://registry.npmjs.org/dotenv cache-miss
2646 http fetch GET 200 https://registry.npmjs.org/@expo%2fpackage-manager 821ms (cache revalidated)
2647 silly packumentCache full:https://registry.npmjs.org/@expo%2fpackage-manager set size:885467 disposed:false
2648 silly fetch manifest postcss@~8.4.32
2649 silly packumentCache full:https://registry.npmjs.org/postcss cache-miss
2650 http fetch GET 200 https://registry.npmjs.org/@urql%2fexchange-retry 903ms (cache revalidated)
2651 silly packumentCache full:https://registry.npmjs.org/@urql%2fexchange-retry set size:292883 disposed:false
2652 silly fetch manifest jsc-safe-url@^0.2.4
2653 silly packumentCache full:https://registry.npmjs.org/jsc-safe-url cache-miss
2654 http fetch GET 200 https://registry.npmjs.org/@react-native%2fdev-middleware 841ms (cache revalidated)
2655 silly packumentCache full:https://registry.npmjs.org/@react-native%2fdev-middleware set size:2477436 disposed:false
2656 silly fetch manifest lightningcss@^1.30.1
2657 silly packumentCache full:https://registry.npmjs.org/lightningcss cache-miss
2658 http fetch GET 200 https://registry.npmjs.org/metro-cache-key 260ms (cache revalidated)
2659 silly packumentCache full:https://registry.npmjs.org/metro-cache-key set size:202195 disposed:false
2660 silly fetch manifest dotenv-expand@~11.0.6
2661 silly packumentCache full:https://registry.npmjs.org/dotenv-expand cache-miss
2662 http fetch GET 200 https://registry.npmjs.org/metro 328ms (cache revalidated)
2663 silly packumentCache full:https://registry.npmjs.org/metro set size:729078 disposed:false
2664 silly fetch manifest hermes-parser@^0.29.1
2665 silly packumentCache full:https://registry.npmjs.org/hermes-parser cache-miss
2666 http fetch GET 200 https://registry.npmjs.org/metro-minify-terser 209ms (cache revalidated)
2667 silly packumentCache full:https://registry.npmjs.org/metro-minify-terser set size:269059 disposed:false
2668 silly fetch manifest @expo/json-file@~10.0.16
2669 silly packumentCache full:https://registry.npmjs.org/@expo%2fjson-file cache-hit
2670 silly fetch manifest @babel/preset-react@^7.22.15
2671 silly packumentCache full:https://registry.npmjs.org/@babel%2fpreset-react cache-miss
2672 http fetch GET 200 https://registry.npmjs.org/metro-cache 335ms (cache revalidated)
2673 silly packumentCache full:https://registry.npmjs.org/metro-cache set size:372462 disposed:false
2674 silly fetch manifest @babel/preset-typescript@^7.23.0
2675 silly packumentCache full:https://registry.npmjs.org/@babel%2fpreset-typescript cache-hit
2676 silly fetch manifest @react-native/babel-preset@0.81.5
2677 silly packumentCache full:https://registry.npmjs.org/@react-native%2fbabel-preset cache-miss
2678 http fetch GET 200 https://registry.npmjs.org/metro-core 345ms (cache revalidated)
2679 silly packumentCache full:https://registry.npmjs.org/metro-core set size:391881 disposed:false
2680 silly fetch manifest babel-plugin-react-compiler@^1.0.0
2681 silly packumentCache full:https://registry.npmjs.org/babel-plugin-react-compiler cache-miss
2682 http fetch GET 200 https://registry.npmjs.org/@expo%2fcode-signing-certificates 876ms (cache revalidated)
2683 silly packumentCache full:https://registry.npmjs.org/@expo%2fcode-signing-certificates set size:29541 disposed:false
2684 silly fetch manifest babel-plugin-react-native-web@~0.21.0
2685 silly packumentCache full:https://registry.npmjs.org/babel-plugin-react-native-web cache-miss
2686 http fetch GET 200 https://registry.npmjs.org/metro-babel-transformer 187ms (cache revalidated)
2687 silly packumentCache full:https://registry.npmjs.org/metro-babel-transformer set size:259527 disposed:false
2688 silly fetch manifest @babel/plugin-transform-runtime@^7.24.7
2689 silly packumentCache full:https://registry.npmjs.org/@babel%2fplugin-transform-runtime cache-miss
2690 http fetch GET 200 https://registry.npmjs.org/metro-config 359ms (cache revalidated)
2691 silly packumentCache full:https://registry.npmjs.org/metro-config set size:333163 disposed:false
2692 silly fetch manifest @babel/plugin-proposal-decorators@^7.12.9
2693 silly packumentCache full:https://registry.npmjs.org/@babel%2fplugin-proposal-decorators cache-miss
2694 http fetch GET 200 https://registry.npmjs.org/metro-resolver 349ms (cache revalidated)
2695 silly packumentCache full:https://registry.npmjs.org/metro-resolver set size:360880 disposed:false
2696 silly fetch manifest babel-plugin-syntax-hermes-parser@^0.29.1
2697 silly packumentCache full:https://registry.npmjs.org/babel-plugin-syntax-hermes-parser cache-hit
2698 silly fetch manifest babel-plugin-transform-flow-enums@^0.0.2
2699 silly packumentCache full:https://registry.npmjs.org/babel-plugin-transform-flow-enums cache-miss
2700 http fetch GET 200 https://registry.npmjs.org/@expo%2fconfig-types 818ms (cache revalidated)
2701 silly packumentCache full:https://registry.npmjs.org/@expo%2fconfig-types set size:800756 disposed:false
2702 silly fetch manifest @babel/plugin-transform-parameters@^7.24.7
2703 silly packumentCache full:https://registry.npmjs.org/@babel%2fplugin-transform-parameters cache-miss
2704 http fetch GET 200 https://registry.npmjs.org/@expo%2fconfig-types 654ms (cache revalidated)
2705 silly packumentCache full:https://registry.npmjs.org/@expo%2fconfig-types set size:800756 disposed:false
2706 silly packumentCache full:https://registry.npmjs.org/@expo%2fconfig-types dispose
2707 silly fetch manifest @babel/plugin-transform-private-methods@^7.24.7
2708 silly packumentCache full:https://registry.npmjs.org/@babel%2fplugin-transform-private-methods cache-miss
2709 http fetch GET 200 https://registry.npmjs.org/dotenv 247ms (cache revalidated)
2710 silly packumentCache full:https://registry.npmjs.org/dotenv set size:277818 disposed:false
2711 silly fetch manifest @babel/plugin-syntax-export-default-from@^7.24.7
2712 silly packumentCache full:https://registry.npmjs.org/@babel%2fplugin-syntax-export-default-from cache-miss
2713 http fetch GET 200 https://registry.npmjs.org/postcss 248ms (cache revalidated)
2714 silly packumentCache full:https://registry.npmjs.org/postcss set size:726591 disposed:false
2715 silly fetch manifest @babel/plugin-transform-flow-strip-types@^7.25.2
2716 silly packumentCache full:https://registry.npmjs.org/@babel%2fplugin-transform-flow-strip-types cache-miss
2717 http fetch GET 200 https://registry.npmjs.org/metro-symbolicate 375ms (cache revalidated)
2718 silly packumentCache full:https://registry.npmjs.org/metro-symbolicate set size:261666 disposed:false
2719 silly fetch manifest @babel/plugin-transform-modules-commonjs@^7.24.8
2720 silly packumentCache full:https://registry.npmjs.org/@babel%2fplugin-transform-modules-commonjs cache-miss
2721 http fetch GET 200 https://registry.npmjs.org/metro-transform-worker 364ms (cache revalidated)
2722 silly packumentCache full:https://registry.npmjs.org/metro-transform-worker set size:257454 disposed:false
2723 silly fetch manifest @babel/plugin-proposal-export-default-from@^7.24.7
2724 silly packumentCache full:https://registry.npmjs.org/@babel%2fplugin-proposal-export-default-from cache-miss
2725 http fetch GET 200 https://registry.npmjs.org/lightningcss 189ms (cache revalidated)
2726 silly packumentCache full:https://registry.npmjs.org/lightningcss set size:186753 disposed:false
2727 silly fetch manifest @babel/plugin-transform-class-static-block@^7.27.1
2728 silly packumentCache full:https://registry.npmjs.org/@babel%2fplugin-transform-class-static-block cache-miss
2729 http fetch GET 200 https://registry.npmjs.org/hermes-parser 173ms (cache revalidated)
2730 silly packumentCache full:https://registry.npmjs.org/hermes-parser set size:170002 disposed:false
2731 silly fetch manifest @babel/plugin-transform-object-rest-spread@^7.24.7
2732 silly packumentCache full:https://registry.npmjs.org/@babel%2fplugin-transform-object-rest-spread cache-miss
2733 http fetch GET 200 https://registry.npmjs.org/babel-plugin-react-compiler 162ms (cache revalidated)
2734 silly packumentCache full:https://registry.npmjs.org/babel-plugin-react-compiler set size:1356999 disposed:false
2735 silly fetch manifest @babel/plugin-transform-export-namespace-from@^7.25.9
2736 silly packumentCache full:https://registry.npmjs.org/@babel%2fplugin-transform-export-namespace-from cache-miss
2737 http fetch GET 200 https://registry.npmjs.org/dotenv-expand 215ms (cache revalidated)
2738 silly packumentCache full:https://registry.npmjs.org/dotenv-expand set size:69432 disposed:false
2739 silly fetch manifest @babel/plugin-transform-private-property-in-object@^7.24.7
2740 silly packumentCache full:https://registry.npmjs.org/@babel%2fplugin-transform-private-property-in-object cache-miss
2741 http fetch GET 200 https://registry.npmjs.org/@babel%2fplugin-transform-runtime 177ms (cache revalidated)
2742 silly packumentCache full:https://registry.npmjs.org/@babel%2fplugin-transform-runtime set size:468058 disposed:false
2743 silly fetch manifest commander@^7.2.0
2744 silly packumentCache full:https://registry.npmjs.org/commander cache-hit
2745 silly fetch manifest react-is@^18.0.0
2746 silly packumentCache full:https://registry.npmjs.org/react-is cache-miss
2747 http fetch GET 200 https://registry.npmjs.org/@babel%2fplugin-proposal-decorators 175ms (cache revalidated)
2748 silly packumentCache full:https://registry.npmjs.org/@babel%2fplugin-proposal-decorators set size:387831 disposed:false
2749 silly fetch manifest ansi-styles@^5.0.0
2750 silly packumentCache full:https://registry.npmjs.org/ansi-styles cache-hit
2751 silly fetch manifest @jest/schemas@^29.6.3
2752 silly packumentCache full:https://registry.npmjs.org/@jest%2fschemas cache-miss
2753 http fetch GET 200 https://registry.npmjs.org/@expo%2fsdk-runtime-versions 783ms (cache revalidated)
2754 silly packumentCache full:https://registry.npmjs.org/@expo%2fsdk-runtime-versions set size:4827 disposed:false
2755 silly fetch manifest buffer@^5.4.3
2756 silly packumentCache full:https://registry.npmjs.org/buffer cache-miss
2757 http fetch GET 200 https://registry.npmjs.org/metro-transform-plugins 389ms (cache revalidated)
2758 silly packumentCache full:https://registry.npmjs.org/metro-transform-plugins set size:248837 disposed:false
2759 silly fetch manifest punycode@^2.1.1
2760 silly packumentCache full:https://registry.npmjs.org/punycode cache-hit
2761 silly fetch manifest webidl-conversions@^5.0.0
2762 silly packumentCache full:https://registry.npmjs.org/webidl-conversions cache-miss
2763 http cache https://registry.npmjs.org/react-is 39ms (cache hit)
2764 silly packumentCache full:https://registry.npmjs.org/react-is set size:5473575 disposed:false
2765 http fetch GET 200 https://registry.npmjs.org/jsc-safe-url 446ms (cache revalidated)
2766 silly packumentCache full:https://registry.npmjs.org/jsc-safe-url set size:13143 disposed:false
2767 http fetch GET 200 https://registry.npmjs.org/@babel%2fplugin-transform-flow-strip-types 215ms (cache revalidated)
2768 silly packumentCache full:https://registry.npmjs.org/@babel%2fplugin-transform-flow-strip-types set size:254815 disposed:false
2769 http fetch GET 200 https://registry.npmjs.org/@babel%2fplugin-transform-modules-commonjs 193ms (cache revalidated)
2770 silly packumentCache full:https://registry.npmjs.org/@babel%2fplugin-transform-modules-commonjs set size:313445 disposed:false
2771 http fetch GET 200 https://registry.npmjs.org/@babel%2fplugin-transform-class-static-block 186ms (cache revalidated)
2772 silly packumentCache full:https://registry.npmjs.org/@babel%2fplugin-transform-class-static-block set size:109709 disposed:false
2773 http fetch GET 200 https://registry.npmjs.org/babel-plugin-react-native-web 334ms (cache revalidated)
2774 silly packumentCache full:https://registry.npmjs.org/babel-plugin-react-native-web set size:325655 disposed:false
2775 http fetch GET 200 https://registry.npmjs.org/@babel%2fplugin-transform-private-property-in-object 159ms (cache revalidated)
2776 silly packumentCache full:https://registry.npmjs.org/@babel%2fplugin-transform-private-property-in-object set size:105192 disposed:false
2777 http fetch GET 200 https://registry.npmjs.org/@babel%2fpreset-react 365ms (cache miss)
2778 silly packumentCache full:https://registry.npmjs.org/@babel%2fpreset-react set size:undefined disposed:false
2779 http fetch GET 200 https://registry.npmjs.org/babel-plugin-transform-flow-enums 361ms (cache revalidated)
2780 silly packumentCache full:https://registry.npmjs.org/babel-plugin-transform-flow-enums set size:8046 disposed:false
2781 http fetch GET 200 https://registry.npmjs.org/@babel%2fplugin-transform-private-methods 321ms (cache revalidated)
2782 silly packumentCache full:https://registry.npmjs.org/@babel%2fplugin-transform-private-methods set size:91777 disposed:false
2783 http fetch GET 200 https://registry.npmjs.org/buffer 227ms (cache miss)
2784 silly packumentCache full:https://registry.npmjs.org/buffer set size:undefined disposed:false
2785 http fetch GET 200 https://registry.npmjs.org/webidl-conversions 232ms (cache revalidated)
2786 silly packumentCache full:https://registry.npmjs.org/webidl-conversions set size:46073 disposed:false
2787 http fetch GET 200 https://registry.npmjs.org/@babel%2fplugin-transform-export-namespace-from 330ms (cache revalidated)
2788 silly packumentCache full:https://registry.npmjs.org/@babel%2fplugin-transform-export-namespace-from set size:93020 disposed:false
2789 http fetch GET 200 https://registry.npmjs.org/@react-native%2fbabel-preset 583ms (cache revalidated)
2790 silly packumentCache full:https://registry.npmjs.org/@react-native%2fbabel-preset set size:4306436 disposed:false
2791 http fetch GET 200 https://registry.npmjs.org/@jest%2fschemas 400ms (cache revalidated)
2792 silly packumentCache full:https://registry.npmjs.org/@jest%2fschemas set size:72050 disposed:false
2793 http fetch GET 200 https://registry.npmjs.org/@babel%2fplugin-syntax-export-default-from 515ms (cache revalidated)
2794 silly packumentCache full:https://registry.npmjs.org/@babel%2fplugin-syntax-export-default-from set size:195220 disposed:false
2795 http fetch GET 200 https://registry.npmjs.org/@babel%2fplugin-transform-parameters 539ms (cache revalidated)
2796 silly packumentCache full:https://registry.npmjs.org/@babel%2fplugin-transform-parameters set size:282283 disposed:false
2797 http fetch GET 200 https://registry.npmjs.org/@babel%2fplugin-proposal-export-default-from 503ms (cache revalidated)
2798 silly packumentCache full:https://registry.npmjs.org/@babel%2fplugin-proposal-export-default-from set size:217537 disposed:false
2799 http fetch GET 200 https://registry.npmjs.org/@babel%2fplugin-transform-object-rest-spread 498ms (cache revalidated)
2800 silly packumentCache full:https://registry.npmjs.org/@babel%2fplugin-transform-object-rest-spread set size:118192 disposed:false
2801 silly placeDep node_modules/@expo/config @babel/code-frame@7.10.4 OK for: @expo/config@12.0.13 want: ~7.10.4
2802 silly placeDep ROOT @expo/config-types@54.0.10 OK for: @expo/config@12.0.13 want: ^54.0.10
2803 silly placeDep ROOT @expo/json-file@10.2.0 OK for: @expo/config@12.0.13 want: ^10.0.8
2804 silly placeDep ROOT deepmerge@4.3.1 OK for: @expo/config@12.0.13 want: ^4.3.1
2805 silly placeDep ROOT getenv@2.0.0 OK for: @expo/config@12.0.13 want: ^2.0.0
2806 silly placeDep ROOT glob@13.0.6 OK for: @expo/config@12.0.13 want: ^13.0.0
2807 silly placeDep ROOT require-from-string@2.0.2 OK for: @expo/config@12.0.13 want: ^2.0.2
2808 silly placeDep ROOT resolve-from@5.0.0 OK for: @expo/config@12.0.13 want: ^5.0.0
2809 silly placeDep ROOT resolve-workspace-root@2.0.1 OK for: @expo/config@12.0.13 want: ^2.0.0
2810 silly placeDep node_modules/@expo/config semver@7.8.5 OK for: @expo/config@12.0.13 want: ^7.6.0
2811 silly placeDep ROOT slugify@1.6.9 OK for: @expo/config@12.0.13 want: ^1.3.4
2812 silly placeDep ROOT sucrase@3.35.1 OK for: @expo/config@12.0.13 want: ~3.35.1
2813 silly fetch manifest @babel/highlight@^7.10.4
2814 silly packumentCache full:https://registry.npmjs.org/@babel%2fhighlight cache-miss
2815 silly fetch manifest minipass@^7.1.3
2816 silly packumentCache full:https://registry.npmjs.org/minipass cache-miss
2817 silly fetch manifest path-scurry@^2.0.2
2818 silly packumentCache full:https://registry.npmjs.org/path-scurry cache-miss
2819 silly fetch manifest commander@^4.0.0
2820 silly packumentCache full:https://registry.npmjs.org/commander cache-hit
2821 silly fetch manifest lines-and-columns@^1.1.6
2822 silly packumentCache full:https://registry.npmjs.org/lines-and-columns cache-miss
2823 silly fetch manifest mz@^2.7.0
2824 silly packumentCache full:https://registry.npmjs.org/mz cache-miss
2825 silly fetch manifest pirates@^4.0.1
2826 silly packumentCache full:https://registry.npmjs.org/pirates cache-miss
2827 silly fetch manifest ts-interface-checker@^0.1.9
2828 silly packumentCache full:https://registry.npmjs.org/ts-interface-checker cache-miss
2829 http fetch GET 200 https://registry.npmjs.org/minipass 118ms (cache revalidated)
2830 silly packumentCache full:https://registry.npmjs.org/minipass set size:276925 disposed:false
2831 http fetch GET 200 https://registry.npmjs.org/path-scurry 133ms (cache revalidated)
2832 silly packumentCache full:https://registry.npmjs.org/path-scurry set size:117612 disposed:false
2833 http fetch GET 200 https://registry.npmjs.org/mz 163ms (cache revalidated)
2834 silly packumentCache full:https://registry.npmjs.org/mz set size:42731 disposed:false
2835 http fetch GET 200 https://registry.npmjs.org/pirates 165ms (cache revalidated)
2836 silly packumentCache full:https://registry.npmjs.org/pirates set size:51327 disposed:false
2837 http fetch GET 200 https://registry.npmjs.org/ts-interface-checker 167ms (cache revalidated)
2838 silly packumentCache full:https://registry.npmjs.org/ts-interface-checker set size:58946 disposed:false
2839 http fetch GET 200 https://registry.npmjs.org/lines-and-columns 169ms (cache revalidated)
2840 silly packumentCache full:https://registry.npmjs.org/lines-and-columns set size:73796 disposed:false
2841 http fetch GET 200 https://registry.npmjs.org/@babel%2fhighlight 489ms (cache revalidated)
2842 silly packumentCache full:https://registry.npmjs.org/@babel%2fhighlight set size:154219 disposed:false
2843 silly placeDep node_modules/@expo/config-plugins @expo/json-file@10.0.16 OK for: @expo/config-plugins@54.0.4 want: ~10.0.8
2844 silly placeDep ROOT @expo/plist@0.4.9 OK for: @expo/config-plugins@54.0.4 want: ^0.4.8
2845 silly placeDep ROOT @expo/sdk-runtime-versions@1.0.0 OK for: @expo/config-plugins@54.0.4 want: ^1.0.0
2846 silly placeDep node_modules/@expo/config-plugins semver@7.8.5 OK for: @expo/config-plugins@54.0.4 want: ^7.5.4
2847 silly placeDep ROOT slash@3.0.0 OK for: @expo/config-plugins@54.0.4 want: ^3.0.0
2848 silly placeDep ROOT xcode@3.0.1 OK for: @expo/config-plugins@54.0.4 want: ^3.0.1
2849 silly placeDep ROOT xml2js@0.6.0 OK for: @expo/config-plugins@54.0.4 want: 0.6.0
2850 silly fetch manifest base64-js@^1.2.3
2851 silly packumentCache full:https://registry.npmjs.org/base64-js cache-hit
2852 silly fetch manifest xmlbuilder@^15.1.1
2853 silly packumentCache full:https://registry.npmjs.org/xmlbuilder cache-miss
2854 silly fetch manifest @xmldom/xmldom@^0.8.8
2855 silly packumentCache full:https://registry.npmjs.org/@xmldom%2fxmldom cache-miss
2856 silly fetch manifest uuid@^7.0.3
2857 silly packumentCache full:https://registry.npmjs.org/uuid cache-miss
2858 silly fetch manifest simple-plist@^1.1.0
2859 silly packumentCache full:https://registry.npmjs.org/simple-plist cache-miss
2860 silly fetch manifest sax@>=0.6.0
2861 silly packumentCache full:https://registry.npmjs.org/sax cache-miss
2862 silly fetch manifest xmlbuilder@~11.0.0
2863 silly packumentCache full:https://registry.npmjs.org/xmlbuilder cache-miss
2864 http fetch GET 200 https://registry.npmjs.org/xmlbuilder 118ms (cache revalidated)
2865 silly packumentCache full:https://registry.npmjs.org/xmlbuilder set size:158707 disposed:false
2866 http fetch GET 200 https://registry.npmjs.org/@xmldom%2fxmldom 147ms (cache revalidated)
2867 silly packumentCache full:https://registry.npmjs.org/@xmldom%2fxmldom set size:166253 disposed:false
2868 http fetch GET 200 https://registry.npmjs.org/uuid 152ms (cache revalidated)
2869 silly packumentCache full:https://registry.npmjs.org/uuid set size:256419 disposed:false
2870 http fetch GET 200 https://registry.npmjs.org/sax 161ms (cache revalidated)
2871 silly packumentCache full:https://registry.npmjs.org/sax set size:91199 disposed:false
2872 http fetch GET 200 https://registry.npmjs.org/xmlbuilder 164ms (cache revalidated)
2873 silly packumentCache full:https://registry.npmjs.org/xmlbuilder set size:158707 disposed:false
2874 silly packumentCache full:https://registry.npmjs.org/xmlbuilder dispose
2875 http fetch GET 200 https://registry.npmjs.org/simple-plist 297ms (cache revalidated)
2876 silly packumentCache full:https://registry.npmjs.org/simple-plist set size:46135 disposed:false
2877 silly placeDep ROOT @expo/spawn-async@1.8.0 OK for: @expo/fingerprint@0.15.5 want: ^1.7.2
2878 silly placeDep ROOT arg@5.0.2 OK for: @expo/fingerprint@0.15.5 want: ^5.0.2
2879 silly placeDep node_modules/@expo/fingerprint minimatch@10.2.5 OK for: @expo/fingerprint@0.15.5 want: ^10.2.2
2880 silly placeDep ROOT p-limit@3.1.0 OK for: @expo/fingerprint@0.15.5 want: ^3.1.0
2881 silly placeDep node_modules/@expo/fingerprint semver@7.8.5 OK for: @expo/fingerprint@0.15.5 want: ^7.6.0
2882 silly fetch manifest yocto-queue@^0.1.0
2883 silly packumentCache full:https://registry.npmjs.org/yocto-queue cache-miss
2884 http fetch GET 200 https://registry.npmjs.org/yocto-queue 146ms (cache miss)
2885 silly packumentCache full:https://registry.npmjs.org/yocto-queue set size:undefined disposed:false
2886 silly placeDep ROOT metro@0.83.3 OK for: @expo/metro@54.2.0 want: 0.83.3
2887 silly placeDep ROOT metro-babel-transformer@0.83.3 OK for: @expo/metro@54.2.0 want: 0.83.3
2888 silly placeDep ROOT metro-cache@0.83.3 OK for: @expo/metro@54.2.0 want: 0.83.3
2889 silly placeDep ROOT metro-cache-key@0.83.3 OK for: @expo/metro@54.2.0 want: 0.83.3
2890 silly placeDep ROOT metro-config@0.83.3 OK for: @expo/metro@54.2.0 want: 0.83.3
2891 silly placeDep ROOT metro-core@0.83.3 OK for: @expo/metro@54.2.0 want: 0.83.3
2892 silly placeDep ROOT metro-file-map@0.83.3 OK for: @expo/metro@54.2.0 want: 0.83.3
2893 silly placeDep ROOT metro-minify-terser@0.83.3 OK for: @expo/metro@54.2.0 want: 0.83.3
2894 silly placeDep ROOT metro-resolver@0.83.3 OK for: @expo/metro@54.2.0 want: 0.83.3
2895 silly placeDep ROOT metro-runtime@0.83.3 OK for: @expo/metro@54.2.0 want: 0.83.3
2896 silly placeDep ROOT metro-source-map@0.83.3 OK for: @expo/metro@54.2.0 want: 0.83.3
2897 silly placeDep ROOT metro-symbolicate@0.83.3 OK for: @expo/metro@54.2.0 want: 0.83.3
2898 silly placeDep ROOT metro-transform-plugins@0.83.3 OK for: @expo/metro@54.2.0 want: 0.83.3
2899 silly placeDep ROOT metro-transform-worker@0.83.3 OK for: @expo/metro@54.2.0 want: 0.83.3
2900 silly fetch manifest ws@^7.5.10
2901 silly packumentCache full:https://registry.npmjs.org/ws cache-hit
2902 silly fetch manifest throat@^5.0.0
2903 silly packumentCache full:https://registry.npmjs.org/throat cache-miss
2904 silly fetch manifest accepts@^1.3.7
2905 silly packumentCache full:https://registry.npmjs.org/accepts cache-hit
2906 silly fetch manifest ci-info@^2.0.0
2907 silly packumentCache full:https://registry.npmjs.org/ci-info cache-hit
2908 silly fetch manifest connect@^3.6.5
2909 silly packumentCache full:https://registry.npmjs.org/connect cache-hit
2910 silly fetch manifest image-size@^1.0.2
2911 silly packumentCache full:https://registry.npmjs.org/image-size cache-miss
2912 silly fetch manifest mime-types@^2.1.27
2913 silly packumentCache full:https://registry.npmjs.org/mime-types cache-miss
2914 silly fetch manifest source-map@^0.5.6
2915 silly packumentCache full:https://registry.npmjs.org/source-map cache-miss
2916 silly fetch manifest graceful-fs@^4.2.4
2917 silly packumentCache full:https://registry.npmjs.org/graceful-fs cache-miss
2918 silly fetch manifest jest-worker@^29.7.0
2919 silly packumentCache full:https://registry.npmjs.org/jest-worker cache-miss
2920 silly fetch manifest jsc-safe-url@^0.2.2
2921 silly packumentCache full:https://registry.npmjs.org/jsc-safe-url cache-hit
2922 silly fetch manifest hermes-parser@0.32.0
2923 silly packumentCache full:https://registry.npmjs.org/hermes-parser cache-hit
2924 silly fetch manifest lodash.throttle@^4.1.1
2925 silly packumentCache full:https://registry.npmjs.org/lodash.throttle cache-miss
2926 silly fetch manifest serialize-error@^2.1.0
2927 silly packumentCache full:https://registry.npmjs.org/serialize-error cache-miss
2928 silly fetch manifest error-stack-parser@^2.0.6
2929 silly packumentCache full:https://registry.npmjs.org/error-stack-parser cache-miss
2930 silly fetch manifest https-proxy-agent@^7.0.5
2931 silly packumentCache full:https://registry.npmjs.org/https-proxy-agent cache-miss
2932 silly fetch manifest exponential-backoff@^3.1.1
2933 silly packumentCache full:https://registry.npmjs.org/exponential-backoff cache-miss
2934 silly fetch manifest yaml@^2.6.1
2935 silly packumentCache full:https://registry.npmjs.org/yaml cache-miss
2936 silly fetch manifest jest-validate@^29.7.0
2937 silly packumentCache full:https://registry.npmjs.org/jest-validate cache-miss
2938 silly fetch manifest lodash.throttle@^4.1.1
2939 silly packumentCache full:https://registry.npmjs.org/lodash.throttle cache-miss
2940 silly fetch manifest walker@^1.0.7
2941 silly packumentCache full:https://registry.npmjs.org/walker cache-miss
2942 silly fetch manifest micromatch@^4.0.4
2943 silly packumentCache full:https://registry.npmjs.org/micromatch cache-miss
2944 silly fetch manifest fb-watchman@^2.0.0
2945 silly packumentCache full:https://registry.npmjs.org/fb-watchman cache-miss
2946 silly fetch manifest graceful-fs@^4.2.4
2947 silly packumentCache full:https://registry.npmjs.org/graceful-fs cache-miss
2948 silly fetch manifest jest-worker@^29.7.0
2949 silly packumentCache full:https://registry.npmjs.org/jest-worker cache-miss
2950 http fetch GET 200 https://registry.npmjs.org/lodash.throttle 237ms (cache revalidated)
2951 silly packumentCache full:https://registry.npmjs.org/lodash.throttle set size:32799 disposed:false
2952 silly fetch manifest terser@^5.15.0
2953 silly packumentCache full:https://registry.npmjs.org/terser cache-miss
2954 http fetch GET 200 https://registry.npmjs.org/graceful-fs 253ms (cache revalidated)
2955 silly packumentCache full:https://registry.npmjs.org/graceful-fs set size:124285 disposed:false
2956 silly fetch manifest ob1@0.83.3
2957 silly packumentCache full:https://registry.npmjs.org/ob1 cache-miss
2958 http fetch GET 200 https://registry.npmjs.org/source-map 262ms (cache revalidated)
2959 silly packumentCache full:https://registry.npmjs.org/source-map set size:226267 disposed:false
2960 silly fetch manifest vlq@^1.0.0
2961 silly packumentCache full:https://registry.npmjs.org/vlq cache-miss
2962 http fetch GET 200 https://registry.npmjs.org/throat 272ms (cache revalidated)
2963 silly packumentCache full:https://registry.npmjs.org/throat set size:31052 disposed:false
2964 silly fetch manifest @babel/traverse--for-generate-function-map@npm:@babel/traverse@^7.25.3
2965 silly packumentCache full:https://registry.npmjs.org/@babel%2ftraverse cache-hit
2966 silly fetch manifest vlq@^1.0.0
2967 silly packumentCache full:https://registry.npmjs.org/vlq cache-miss
2968 http fetch GET 200 https://registry.npmjs.org/walker 276ms (cache revalidated)
2969 silly packumentCache full:https://registry.npmjs.org/walker set size:16077 disposed:false
2970 http fetch GET 200 https://registry.npmjs.org/mime-types 293ms (cache revalidated)
2971 silly packumentCache full:https://registry.npmjs.org/mime-types set size:139110 disposed:false
2972 http fetch GET 200 https://registry.npmjs.org/exponential-backoff 286ms (cache revalidated)
2973 silly packumentCache full:https://registry.npmjs.org/exponential-backoff set size:55896 disposed:false
2974 http fetch GET 200 https://registry.npmjs.org/jest-validate 290ms (cache revalidated)
2975 silly packumentCache full:https://registry.npmjs.org/jest-validate set size:567910 disposed:false
2976 http fetch GET 200 https://registry.npmjs.org/https-proxy-agent 299ms (cache revalidated)
2977 silly packumentCache full:https://registry.npmjs.org/https-proxy-agent set size:83792 disposed:false
2978 http fetch GET 200 https://registry.npmjs.org/error-stack-parser 302ms (cache revalidated)
2979 silly packumentCache full:https://registry.npmjs.org/error-stack-parser set size:89379 disposed:false
2980 http fetch GET 200 https://registry.npmjs.org/yaml 303ms (cache revalidated)
2981 silly packumentCache full:https://registry.npmjs.org/yaml set size:385754 disposed:false
2982 http fetch GET 200 https://registry.npmjs.org/jest-worker 316ms (cache revalidated)
2983 silly packumentCache full:https://registry.npmjs.org/jest-worker set size:466737 disposed:false
2984 http fetch GET 200 https://registry.npmjs.org/lodash.throttle 310ms (cache revalidated)
2985 silly packumentCache full:https://registry.npmjs.org/lodash.throttle set size:32799 disposed:false
2986 silly packumentCache full:https://registry.npmjs.org/lodash.throttle dispose
2987 http fetch GET 200 https://registry.npmjs.org/fb-watchman 322ms (cache revalidated)
2988 silly packumentCache full:https://registry.npmjs.org/fb-watchman set size:28064 disposed:false
2989 http fetch GET 200 https://registry.npmjs.org/graceful-fs 348ms (cache revalidated)
2990 silly packumentCache full:https://registry.npmjs.org/graceful-fs set size:124285 disposed:false
2991 silly packumentCache full:https://registry.npmjs.org/graceful-fs dispose
2992 http fetch GET 200 https://registry.npmjs.org/micromatch 352ms (cache revalidated)
2993 silly packumentCache full:https://registry.npmjs.org/micromatch set size:240630 disposed:false
2994 http fetch GET 200 https://registry.npmjs.org/jest-worker 361ms (cache revalidated)
2995 silly packumentCache full:https://registry.npmjs.org/jest-worker set size:466737 disposed:false
2996 silly packumentCache full:https://registry.npmjs.org/jest-worker dispose
2997 http fetch GET 200 https://registry.npmjs.org/image-size 384ms (cache revalidated)
2998 silly packumentCache full:https://registry.npmjs.org/image-size set size:155542 disposed:false
2999 http fetch GET 200 https://registry.npmjs.org/terser 146ms (cache revalidated)
3000 silly packumentCache full:https://registry.npmjs.org/terser set size:803566 disposed:false
3001 http fetch GET 200 https://registry.npmjs.org/serialize-error 403ms (cache revalidated)
3002 silly packumentCache full:https://registry.npmjs.org/serialize-error set size:64056 disposed:false
3003 http fetch GET 200 https://registry.npmjs.org/ob1 180ms (cache revalidated)
3004 silly packumentCache full:https://registry.npmjs.org/ob1 set size:223946 disposed:false
3005 http fetch GET 200 https://registry.npmjs.org/vlq 371ms (cache revalidated)
3006 silly packumentCache full:https://registry.npmjs.org/vlq set size:23110 disposed:false
3007 http fetch GET 200 https://registry.npmjs.org/vlq 374ms (cache revalidated)
3008 silly packumentCache full:https://registry.npmjs.org/vlq set size:23110 disposed:false
3009 silly packumentCache full:https://registry.npmjs.org/vlq dispose
3010 silly placeDep ROOT @xmldom/xmldom@0.8.13 OK for: @expo/plist@0.4.9 want: ^0.8.8
3011 silly placeDep ROOT base64-js@1.5.1 OK for: @expo/plist@0.4.9 want: ^1.2.3
3012 silly placeDep ROOT xmlbuilder@15.1.1 OK for: @expo/plist@0.4.9 want: ^15.1.1
3013 silly placeDep ROOT @expo/env@2.0.11 OK for: expo-constants@18.0.13 want: ~2.0.8
3014 silly placeDep ROOT dotenv@16.4.7 OK for: @expo/env@2.0.11 want: ~16.4.5
3015 silly placeDep ROOT dotenv-expand@11.0.7 OK for: @expo/env@2.0.11 want: ~11.0.6
3016 silly placeDep ROOT fontfaceobserver@2.3.0 OK for: expo-font@14.0.12 want: ^2.1.0
3017 silly placeDep ROOT invariant@2.2.4 OK for: expo-linking@8.0.12 want: ^2.2.4
3018 silly fetch manifest loose-envify@^1.0.0
3019 silly packumentCache full:https://registry.npmjs.org/loose-envify cache-hit
3020 silly placeDep ROOT commander@7.2.0 OK for: expo-modules-autolinking@3.0.26 want: ^7.2.0
3021 silly fetch manifest @types/react@*
3022 silly packumentCache full:https://registry.npmjs.org/@types%2freact cache-miss
3023 http cache https://registry.npmjs.org/@types%2freact 17ms (cache hit)
3024 silly packumentCache full:https://registry.npmjs.org/@types%2freact set size:2632776 disposed:false
3025 silly fetch manifest @types/react-dom@*
3026 silly packumentCache full:https://registry.npmjs.org/@types%2freact-dom cache-miss
3027 http fetch GET 200 https://registry.npmjs.org/@types%2freact-dom 158ms (cache revalidated)
3028 silly packumentCache full:https://registry.npmjs.org/@types%2freact-dom set size:429026 disposed:false
3029 silly fetch manifest react-native-screens@*
3030 silly packumentCache full:https://registry.npmjs.org/react-native-screens cache-miss
3031 http cache https://registry.npmjs.org/react-native-screens 28ms (cache hit)
3032 silly packumentCache full:https://registry.npmjs.org/react-native-screens set size:4162894 disposed:false
3033 silly placeDep ROOT @expo/metro-runtime@6.1.2 OK for: expo-router@6.0.24 want: ^6.1.2
3034 silly placeDep ROOT @expo/schema-utils@0.1.8 OK for: expo-router@6.0.24 want: ^0.1.8
3035 silly placeDep ROOT @radix-ui/react-slot@1.2.0 OK for: expo-router@6.0.24 want: 1.2.0
3036 silly placeDep node_modules/expo-router @radix-ui/react-tabs@1.1.16 OK for: expo-router@6.0.24 want: ^1.1.12
3037 silly placeDep ROOT @react-navigation/native-stack@7.17.9 OK for: expo-router@6.0.24 want: ^7.3.16
3038 silly placeDep ROOT client-only@0.0.1 OK for: expo-router@6.0.24 want: ^0.0.1
3039 silly placeDep ROOT expo-server@1.0.7 OK for: expo-router@6.0.24 want: ^1.0.7
3040 silly placeDep ROOT react-fast-compare@3.2.2 OK for: expo-router@6.0.24 want: ^3.2.2
3041 silly placeDep ROOT react-native-is-edge-to-edge@1.3.1 OK for: expo-router@6.0.24 want: ^1.1.6
3042 silly placeDep node_modules/expo-router semver@7.6.3 OK for: expo-router@6.0.24 want: ~7.6.3
3043 silly placeDep ROOT server-only@0.0.1 OK for: expo-router@6.0.24 want: ^0.0.1
3044 silly placeDep ROOT shallowequal@1.1.0 OK for: expo-router@6.0.24 want: ^1.1.0
3045 silly placeDep ROOT vaul@1.1.2 OK for: expo-router@6.0.24 want: ^1.1.2
3046 silly fetch manifest @radix-ui/react-compose-refs@1.1.2
3047 silly packumentCache full:https://registry.npmjs.org/@radix-ui%2freact-compose-refs cache-miss
3048 silly fetch manifest @radix-ui/react-id@1.1.2
3049 silly packumentCache full:https://registry.npmjs.org/@radix-ui%2freact-id cache-miss
3050 silly fetch manifest @radix-ui/primitive@1.1.4
3051 silly packumentCache full:https://registry.npmjs.org/@radix-ui%2fprimitive cache-miss
3052 silly fetch manifest @radix-ui/react-context@1.1.4
3053 silly packumentCache full:https://registry.npmjs.org/@radix-ui%2freact-context cache-miss
3054 silly fetch manifest @radix-ui/react-presence@1.1.6
3055 silly packumentCache full:https://registry.npmjs.org/@radix-ui%2freact-presence cache-miss
3056 silly fetch manifest @radix-ui/react-direction@1.1.2
3057 silly packumentCache full:https://registry.npmjs.org/@radix-ui%2freact-direction cache-miss
3058 silly fetch manifest @radix-ui/react-primitive@2.1.7
3059 silly packumentCache full:https://registry.npmjs.org/@radix-ui%2freact-primitive cache-miss
3060 silly fetch manifest @radix-ui/react-roving-focus@1.1.14
3061 silly packumentCache full:https://registry.npmjs.org/@radix-ui%2freact-roving-focus cache-miss
3062 silly fetch manifest @radix-ui/react-use-controllable-state@1.2.3
3063 silly packumentCache full:https://registry.npmjs.org/@radix-ui%2freact-use-controllable-state cache-miss
3064 silly fetch manifest warn-once@^0.1.1
3065 silly packumentCache full:https://registry.npmjs.org/warn-once cache-hit
3066 silly fetch manifest @radix-ui/react-dialog@^1.1.1
3067 silly packumentCache full:https://registry.npmjs.org/@radix-ui%2freact-dialog cache-miss
3068 http fetch GET 200 https://registry.npmjs.org/@radix-ui%2freact-use-controllable-state 150ms (cache revalidated)
3069 silly packumentCache full:https://registry.npmjs.org/@radix-ui%2freact-use-controllable-state set size:326348 disposed:false
3070 http fetch GET 200 https://registry.npmjs.org/@radix-ui%2freact-presence 170ms (cache revalidated)
3071 silly packumentCache full:https://registry.npmjs.org/@radix-ui%2freact-presence set size:484618 disposed:false
3072 http fetch GET 200 https://registry.npmjs.org/@radix-ui%2freact-primitive 176ms (cache revalidated)
3073 silly packumentCache full:https://registry.npmjs.org/@radix-ui%2freact-primitive set size:693004 disposed:false
3074 http fetch GET 200 https://registry.npmjs.org/@radix-ui%2freact-roving-focus 189ms (cache revalidated)
3075 silly packumentCache full:https://registry.npmjs.org/@radix-ui%2freact-roving-focus set size:978413 disposed:false
3076 http fetch GET 200 https://registry.npmjs.org/@radix-ui%2fprimitive 199ms (cache revalidated)
3077 silly packumentCache full:https://registry.npmjs.org/@radix-ui%2fprimitive set size:191608 disposed:false
3078 http fetch GET 200 https://registry.npmjs.org/@radix-ui%2freact-id 202ms (cache revalidated)
3079 silly packumentCache full:https://registry.npmjs.org/@radix-ui%2freact-id set size:353653 disposed:false
3080 http fetch GET 200 https://registry.npmjs.org/@radix-ui%2freact-compose-refs 216ms (cache revalidated)
3081 silly packumentCache full:https://registry.npmjs.org/@radix-ui%2freact-compose-refs set size:247624 disposed:false
3082 http fetch GET 200 https://registry.npmjs.org/@radix-ui%2freact-context 218ms (cache revalidated)
3083 silly packumentCache full:https://registry.npmjs.org/@radix-ui%2freact-context set size:301785 disposed:false
3084 http fetch GET 200 https://registry.npmjs.org/@radix-ui%2freact-dialog 351ms (cache revalidated)
3085 silly packumentCache full:https://registry.npmjs.org/@radix-ui%2freact-dialog set size:1194439 disposed:false
3086 http fetch GET 200 https://registry.npmjs.org/@radix-ui%2freact-direction 415ms (cache revalidated)
3087 silly packumentCache full:https://registry.npmjs.org/@radix-ui%2freact-direction set size:295971 disposed:false
3088 silly placeDep ROOT anser@1.4.10 OK for: @expo/metro-runtime@6.1.2 want: ^1.4.9
3089 silly placeDep ROOT stacktrace-parser@0.1.11 OK for: @expo/metro-runtime@6.1.2 want: ^0.1.10
3090 silly placeDep ROOT whatwg-fetch@3.6.20 OK for: @expo/metro-runtime@6.1.2 want: ^3.0.0
3091 silly fetch manifest type-fest@^0.7.1
3092 silly packumentCache full:https://registry.npmjs.org/type-fest cache-miss
3093 http fetch GET 200 https://registry.npmjs.org/type-fest 137ms (cache revalidated)
3094 silly packumentCache full:https://registry.npmjs.org/type-fest set size:563278 disposed:false
3095 silly fetch manifest react@^16.8 || ^17.0 || ^18.0 || ^19.0 || ^19.0.0-rc
3096 silly packumentCache full:https://registry.npmjs.org/react cache-miss
3097 http cache https://registry.npmjs.org/react 27ms (cache hit)
3098 silly packumentCache full:https://registry.npmjs.org/react set size:6765208 disposed:false
3099 silly placeDep ROOT @radix-ui/react-compose-refs@1.1.2 OK for: @radix-ui/react-slot@1.2.0 want: 1.1.2
3100 silly placeDep ROOT warn-once@0.1.1 OK for: @react-navigation/native-stack@7.17.9 want: ^0.1.1
3101 silly placeDep ROOT @expo/prebuild-config@54.0.8 OK for: expo-splash-screen@31.0.13 want: ^54.0.8
3102 silly placeDep ROOT @expo/image-utils@0.8.14 OK for: @expo/prebuild-config@54.0.8 want: ^0.8.8
3103 silly placeDep ROOT @react-native/normalize-colors@0.81.5 OK for: @expo/prebuild-config@54.0.8 want: 0.81.5
3104 silly placeDep node_modules/@expo/prebuild-config semver@7.8.5 OK for: @expo/prebuild-config@54.0.8 want: ^7.6.0
3105 silly fetch manifest parse-png@^2.1.0
3106 silly packumentCache full:https://registry.npmjs.org/parse-png cache-miss
3107 silly fetch manifest jimp-compact@0.16.1
3108 silly packumentCache full:https://registry.npmjs.org/jimp-compact cache-miss
3109 silly fetch manifest @expo/require-utils@^55.0.5
3110 silly packumentCache full:https://registry.npmjs.org/@expo%2frequire-utils cache-miss
3111 http fetch GET 200 https://registry.npmjs.org/jimp-compact 286ms (cache revalidated)
3112 silly packumentCache full:https://registry.npmjs.org/jimp-compact set size:55876 disposed:false
3113 http fetch GET 200 https://registry.npmjs.org/parse-png 290ms (cache revalidated)
3114 silly packumentCache full:https://registry.npmjs.org/parse-png set size:13026 disposed:false
3115 http fetch GET 200 https://registry.npmjs.org/@expo%2frequire-utils 702ms (cache revalidated)
3116 silly packumentCache full:https://registry.npmjs.org/@expo%2frequire-utils set size:138160 disposed:false
3117 silly fetch manifest typescript@^5.0.0 || ^5.0.0-0
3118 silly packumentCache full:https://registry.npmjs.org/typescript cache-miss
3119 http cache https://registry.npmjs.org/typescript 88ms (cache hit)
3120 silly packumentCache full:https://registry.npmjs.org/typescript set size:15410956 disposed:false
3121 silly placeDep ROOT @expo/require-utils@55.0.5 OK for: @expo/image-utils@0.8.14 want: ^55.0.5
3122 silly placeDep ROOT jimp-compact@0.16.1 OK for: @expo/image-utils@0.8.14 want: 0.16.1
3123 silly placeDep ROOT parse-png@2.1.0 OK for: @expo/image-utils@0.8.14 want: ^2.1.0
3124 silly placeDep node_modules/@expo/image-utils semver@7.8.5 OK for: @expo/image-utils@0.8.14 want: ^7.6.0
3125 silly fetch manifest pngjs@^3.3.0
3126 silly packumentCache full:https://registry.npmjs.org/pngjs cache-miss
3127 http fetch GET 200 https://registry.npmjs.org/pngjs 145ms (cache revalidated)
3128 silly packumentCache full:https://registry.npmjs.org/pngjs set size:70154 disposed:false
3129 silly fetch manifest @babel/core@^7.25.2
3130 silly packumentCache full:https://registry.npmjs.org/@babel%2fcore cache-hit
3131 silly placeDep ROOT @babel/plugin-transform-modules-commonjs@7.29.7 OK for: @expo/require-utils@55.0.5 want: ^7.24.8
3132 silly fetch manifest @babel/helper-plugin-utils@^7.29.7
3133 silly packumentCache full:https://registry.npmjs.org/@babel%2fhelper-plugin-utils cache-miss
3134 http fetch GET 200 https://registry.npmjs.org/@babel%2fhelper-plugin-utils 114ms (cache revalidated)
3135 silly packumentCache full:https://registry.npmjs.org/@babel%2fhelper-plugin-utils set size:175564 disposed:false
3136 silly placeDep ROOT @babel/helper-plugin-utils@7.29.7 OK for: @babel/plugin-transform-modules-commonjs@7.29.7 want: ^7.29.7
3137 silly placeDep ROOT flat-cache@4.0.1 OK for: file-entry-cache@8.0.0 want: ^4.0.0
3138 silly fetch manifest keyv@^4.5.4
3139 silly packumentCache full:https://registry.npmjs.org/keyv cache-miss
3140 silly fetch manifest flatted@^3.2.9
3141 silly packumentCache full:https://registry.npmjs.org/flatted cache-miss
3142 http fetch GET 200 https://registry.npmjs.org/keyv 134ms (cache miss)
3143 silly packumentCache full:https://registry.npmjs.org/keyv set size:undefined disposed:false
3144 http fetch GET 200 https://registry.npmjs.org/flatted 173ms (cache miss)
3145 silly packumentCache full:https://registry.npmjs.org/flatted set size:undefined disposed:false
3146 silly placeDep ROOT locate-path@6.0.0 OK for: find-up@5.0.0 want: ^6.0.0
3147 silly placeDep ROOT path-exists@4.0.0 OK for: find-up@5.0.0 want: ^4.0.0
3148 silly fetch manifest p-locate@^5.0.0
3149 silly packumentCache full:https://registry.npmjs.org/p-locate cache-miss
3150 http fetch GET 200 https://registry.npmjs.org/p-locate 313ms (cache revalidated)
3151 silly packumentCache full:https://registry.npmjs.org/p-locate set size:22488 disposed:false
3152 silly placeDep ROOT flatted@3.4.2 OK for: flat-cache@4.0.1 want: ^3.2.9
3153 silly placeDep ROOT keyv@4.5.4 OK for: flat-cache@4.0.1 want: ^4.5.4
3154 silly fetch manifest json-buffer@3.0.1
3155 silly packumentCache full:https://registry.npmjs.org/json-buffer cache-miss
3156 http fetch GET 200 https://registry.npmjs.org/json-buffer 173ms (cache miss)
3157 silly packumentCache full:https://registry.npmjs.org/json-buffer set size:undefined disposed:false
3158 silly placeDep ROOT functions-have-names@1.2.3 OK for: function.prototype.name@1.2.0 want: ^1.2.3
3159 silly placeDep ROOT is-document.all@1.0.0 OK for: function.prototype.name@1.2.0 want: ^1.0.0
3160 silly placeDep ROOT dunder-proto@1.0.1 OK for: get-proto@1.0.1 want: ^1.0.1
3161 silly placeDep ROOT resolve-pkg-maps@1.0.0 OK for: get-tsconfig@4.14.0 want: ^1.0.0
3162 silly placeDep node_modules/glob minimatch@10.2.5 OK for: glob@13.0.6 want: ^10.2.2
3163 silly placeDep ROOT minipass@7.1.3 OK for: glob@13.0.6 want: ^7.1.3
3164 silly placeDep ROOT path-scurry@2.0.2 OK for: glob@13.0.6 want: ^2.0.2
3165 silly fetch manifest lru-cache@^11.0.0
3166 silly packumentCache full:https://registry.npmjs.org/lru-cache cache-hit
3167 silly placeDep ROOT parent-module@1.0.1 OK for: import-fresh@3.3.1 want: ^1.0.0
3168 silly placeDep node_modules/import-fresh resolve-from@4.0.0 OK for: import-fresh@3.3.1 want: ^4.0.0
3169 silly fetch manifest callsites@^3.0.0
3170 silly packumentCache full:https://registry.npmjs.org/callsites cache-miss
3171 http fetch GET 200 https://registry.npmjs.org/callsites 168ms (cache miss)
3172 silly packumentCache full:https://registry.npmjs.org/callsites set size:undefined disposed:false
3173 silly placeDep ROOT side-channel@1.1.1 OK for: internal-slot@1.1.0 want: ^1.1.0
3174 silly fetch manifest side-channel-list@^1.0.1
3175 silly packumentCache full:https://registry.npmjs.org/side-channel-list cache-miss
3176 silly fetch manifest side-channel-map@^1.0.1
3177 silly packumentCache full:https://registry.npmjs.org/side-channel-map cache-miss
3178 silly fetch manifest side-channel-weakmap@^1.0.2
3179 silly packumentCache full:https://registry.npmjs.org/side-channel-weakmap cache-miss
3180 http fetch GET 200 https://registry.npmjs.org/side-channel-weakmap 137ms (cache miss)
3181 silly packumentCache full:https://registry.npmjs.org/side-channel-weakmap set size:undefined disposed:false
3182 http fetch GET 200 https://registry.npmjs.org/side-channel-list 160ms (cache miss)
3183 silly packumentCache full:https://registry.npmjs.org/side-channel-list set size:undefined disposed:false
3184 http fetch GET 200 https://registry.npmjs.org/side-channel-map 164ms (cache miss)
3185 silly packumentCache full:https://registry.npmjs.org/side-channel-map set size:undefined disposed:false
3186 silly placeDep ROOT loose-envify@1.4.0 OK for: invariant@2.2.4 want: ^1.0.0
3187 silly placeDep node_modules/is-bun-module semver@7.8.5 OK for: is-bun-module@2.0.0 want: ^7.7.1
3188 silly placeDep ROOT is-extglob@2.1.1 OK for: is-glob@4.0.3 want: ^2.1.1
3189 silly placeDep ROOT set-function-name@2.0.2 OK for: iterator.prototype@1.1.5 want: ^2.0.2
3190 silly placeDep ROOT argparse@2.0.1 OK for: js-yaml@4.3.0 want: ^2.0.1
3191 silly placeDep ROOT json-buffer@3.0.1 OK for: keyv@4.5.4 want: 3.0.1
3192 silly placeDep ROOT prelude-ls@1.2.1 OK for: levn@0.4.1 want: ^1.2.1
3193 silly placeDep ROOT type-check@0.4.0 OK for: levn@0.4.1 want: ~0.4.0
3194 silly placeDep ROOT p-locate@5.0.0 OK for: locate-path@6.0.0 want: ^5.0.0
3195 silly placeDep ROOT yallist@3.1.1 OK for: lru-cache@5.1.1 want: ^3.0.2
3196 silly fetch manifest bufferutil@^4.0.1
3197 silly packumentCache full:https://registry.npmjs.org/bufferutil cache-miss
3198 http fetch GET 200 https://registry.npmjs.org/bufferutil 108ms (cache revalidated)
3199 silly packumentCache full:https://registry.npmjs.org/bufferutil set size:52763 disposed:false
3200 silly fetch manifest utf-8-validate@^5.0.2
3201 silly packumentCache full:https://registry.npmjs.org/utf-8-validate cache-miss
3202 http fetch GET 200 https://registry.npmjs.org/utf-8-validate 140ms (cache revalidated)
3203 silly packumentCache full:https://registry.npmjs.org/utf-8-validate set size:77148 disposed:false
3204 silly placeDep ROOT accepts@1.3.8 OK for: metro@0.83.3 want: ^1.3.7
3205 silly placeDep ROOT ci-info@2.0.0 OK for: metro@0.83.3 want: ^2.0.0
3206 silly placeDep ROOT connect@3.7.0 OK for: metro@0.83.3 want: ^3.6.5
3207 silly placeDep ROOT error-stack-parser@2.1.4 OK for: metro@0.83.3 want: ^2.0.6
3208 silly placeDep ROOT flow-enums-runtime@0.0.6 OK for: metro@0.83.3 want: ^0.0.6
3209 silly placeDep ROOT graceful-fs@4.2.11 OK for: metro@0.83.3 want: ^4.2.4
3210 silly placeDep ROOT hermes-parser@0.32.0 OK for: metro@0.83.3 want: 0.32.0
3211 silly placeDep ROOT image-size@1.2.1 OK for: metro@0.83.3 want: ^1.0.2
3212 silly placeDep ROOT jest-worker@29.7.0 OK for: metro@0.83.3 want: ^29.7.0
3213 silly placeDep ROOT jsc-safe-url@0.2.4 OK for: metro@0.83.3 want: ^0.2.2
3214 silly placeDep ROOT lodash.throttle@4.1.1 OK for: metro@0.83.3 want: ^4.1.1
3215 silly placeDep ROOT mime-types@2.1.35 OK for: metro@0.83.3 want: ^2.1.27
3216 silly placeDep ROOT nullthrows@1.1.1 OK for: metro@0.83.3 want: ^1.1.1
3217 silly placeDep ROOT serialize-error@2.1.0 OK for: metro@0.83.3 want: ^2.1.0
3218 silly placeDep ROOT source-map@0.5.7 OK for: metro@0.83.3 want: ^0.5.6
3219 silly placeDep ROOT throat@5.0.0 OK for: metro@0.83.3 want: ^5.0.0
3220 silly placeDep ROOT ws@7.5.11 OK for: metro@0.83.3 want: ^7.5.10
3221 silly placeDep ROOT yargs@17.7.3 OK for: metro@0.83.3 want: ^17.6.2
3222 silly fetch manifest mime-types@~2.1.34
3223 silly packumentCache full:https://registry.npmjs.org/mime-types cache-hit
3224 silly fetch manifest negotiator@0.6.3
3225 silly packumentCache full:https://registry.npmjs.org/negotiator cache-miss
3226 silly fetch manifest debug@2.6.9
3227 silly packumentCache full:https://registry.npmjs.org/debug cache-hit
3228 silly fetch manifest finalhandler@1.1.2
3229 silly packumentCache full:https://registry.npmjs.org/finalhandler cache-miss
3230 silly fetch manifest parseurl@~1.3.3
3231 silly packumentCache full:https://registry.npmjs.org/parseurl cache-miss
3232 silly fetch manifest utils-merge@1.0.1
3233 silly packumentCache full:https://registry.npmjs.org/utils-merge cache-miss
3234 silly fetch manifest stackframe@^1.3.4
3235 silly packumentCache full:https://registry.npmjs.org/stackframe cache-miss
3236 silly fetch manifest hermes-estree@0.32.0
3237 silly packumentCache full:https://registry.npmjs.org/hermes-estree cache-miss
3238 silly fetch manifest queue@6.0.2
3239 silly packumentCache full:https://registry.npmjs.org/queue cache-miss
3240 silly fetch manifest jest-util@^29.7.0
3241 silly packumentCache full:https://registry.npmjs.org/jest-util cache-miss
3242 silly fetch manifest @types/node@*
3243 silly packumentCache full:https://registry.npmjs.org/@types%2fnode cache-miss
3244 silly fetch manifest merge-stream@^2.0.0
3245 silly packumentCache full:https://registry.npmjs.org/merge-stream cache-miss
3246 silly fetch manifest supports-color@^8.0.0
3247 silly packumentCache full:https://registry.npmjs.org/supports-color cache-hit
3248 silly fetch manifest mime-db@1.52.0
3249 silly packumentCache full:https://registry.npmjs.org/mime-db cache-miss
3250 silly fetch manifest cliui@^8.0.1
3251 silly packumentCache full:https://registry.npmjs.org/cliui cache-miss
3252 silly fetch manifest escalade@^3.1.1
3253 silly packumentCache full:https://registry.npmjs.org/escalade cache-hit
3254 silly fetch manifest get-caller-file@^2.0.5
3255 silly packumentCache full:https://registry.npmjs.org/get-caller-file cache-miss
3256 silly fetch manifest require-directory@^2.1.1
3257 silly packumentCache full:https://registry.npmjs.org/require-directory cache-miss
3258 silly fetch manifest string-width@^4.2.3
3259 silly packumentCache full:https://registry.npmjs.org/string-width cache-miss
3260 silly fetch manifest y18n@^5.0.5
3261 silly packumentCache full:https://registry.npmjs.org/y18n cache-miss
3262 silly fetch manifest yargs-parser@^21.1.1
3263 silly packumentCache full:https://registry.npmjs.org/yargs-parser cache-miss
3264 http fetch GET 200 https://registry.npmjs.org/hermes-estree 148ms (cache revalidated)
3265 silly packumentCache full:https://registry.npmjs.org/hermes-estree set size:130205 disposed:false
3266 http fetch GET 200 https://registry.npmjs.org/get-caller-file 156ms (cache revalidated)
3267 silly packumentCache full:https://registry.npmjs.org/get-caller-file set size:26456 disposed:false
3268 http fetch GET 200 https://registry.npmjs.org/parseurl 162ms (cache revalidated)
3269 silly packumentCache full:https://registry.npmjs.org/parseurl set size:24148 disposed:false
3270 http fetch GET 200 https://registry.npmjs.org/stackframe 165ms (cache revalidated)
3271 silly packumentCache full:https://registry.npmjs.org/stackframe set size:54134 disposed:false
3272 http fetch GET 200 https://registry.npmjs.org/queue 168ms (cache revalidated)
3273 silly packumentCache full:https://registry.npmjs.org/queue set size:76287 disposed:false
3274 http fetch GET 200 https://registry.npmjs.org/jest-util 172ms (cache revalidated)
3275 silly packumentCache full:https://registry.npmjs.org/jest-util set size:587891 disposed:false
3276 http fetch GET 200 https://registry.npmjs.org/mime-db 187ms (cache revalidated)
3277 silly packumentCache full:https://registry.npmjs.org/mime-db set size:164953 disposed:false
3278 http fetch GET 200 https://registry.npmjs.org/finalhandler 194ms (cache revalidated)
3279 silly packumentCache full:https://registry.npmjs.org/finalhandler set size:79291 disposed:false
3280 http fetch GET 200 https://registry.npmjs.org/utils-merge 195ms (cache revalidated)
3281 silly packumentCache full:https://registry.npmjs.org/utils-merge set size:5237 disposed:false
3282 http fetch GET 200 https://registry.npmjs.org/y18n 191ms (cache revalidated)
3283 silly packumentCache full:https://registry.npmjs.org/y18n set size:76155 disposed:false
3284 http fetch GET 200 https://registry.npmjs.org/merge-stream 199ms (cache revalidated)
3285 silly packumentCache full:https://registry.npmjs.org/merge-stream set size:22168 disposed:false
3286 http fetch GET 200 https://registry.npmjs.org/negotiator 203ms (cache revalidated)
3287 silly packumentCache full:https://registry.npmjs.org/negotiator set size:48046 disposed:false
3288 http fetch GET 200 https://registry.npmjs.org/cliui 203ms (cache revalidated)
3289 silly packumentCache full:https://registry.npmjs.org/cliui set size:69089 disposed:false
3290 http fetch GET 200 https://registry.npmjs.org/@types%2fnode 229ms (cache revalidated)
3291 silly packumentCache full:https://registry.npmjs.org/@types%2fnode set size:11066386 disposed:false
3292 http fetch GET 200 https://registry.npmjs.org/string-width 306ms (cache revalidated)
3293 silly packumentCache full:https://registry.npmjs.org/string-width set size:70381 disposed:false
3294 http fetch GET 200 https://registry.npmjs.org/require-directory 311ms (cache revalidated)
3295 silly packumentCache full:https://registry.npmjs.org/require-directory set size:26866 disposed:false
3296 http fetch GET 200 https://registry.npmjs.org/yargs-parser 309ms (cache revalidated)
3297 silly packumentCache full:https://registry.npmjs.org/yargs-parser set size:238630 disposed:false
3298 silly placeDep ROOT negotiator@0.6.3 OK for: accepts@1.3.8 want: 0.6.3
3299 silly placeDep node_modules/connect debug@2.6.9 OK for: connect@3.7.0 want: 2.6.9
3300 silly placeDep ROOT finalhandler@1.1.2 OK for: connect@3.7.0 want: 1.1.2
3301 silly placeDep ROOT parseurl@1.3.3 OK for: connect@3.7.0 want: ~1.3.3
3302 silly placeDep ROOT utils-merge@1.0.1 OK for: connect@3.7.0 want: 1.0.1
3303 silly fetch manifest ms@2.0.0
3304 silly packumentCache full:https://registry.npmjs.org/ms cache-hit
3305 silly fetch manifest unpipe@~1.0.0
3306 silly packumentCache full:https://registry.npmjs.org/unpipe cache-miss
3307 silly fetch manifest statuses@~1.5.0
3308 silly packumentCache full:https://registry.npmjs.org/statuses cache-miss
3309 silly fetch manifest encodeurl@~1.0.2
3310 silly packumentCache full:https://registry.npmjs.org/encodeurl cache-miss
3311 silly fetch manifest escape-html@~1.0.3
3312 silly packumentCache full:https://registry.npmjs.org/escape-html cache-miss
3313 silly fetch manifest on-finished@~2.3.0
3314 silly packumentCache full:https://registry.npmjs.org/on-finished cache-miss
3315 http fetch GET 200 https://registry.npmjs.org/unpipe 132ms (cache revalidated)
3316 silly packumentCache full:https://registry.npmjs.org/unpipe set size:3609 disposed:false
3317 http fetch GET 200 https://registry.npmjs.org/statuses 133ms (cache revalidated)
3318 silly packumentCache full:https://registry.npmjs.org/statuses set size:37117 disposed:false
3319 http fetch GET 200 https://registry.npmjs.org/on-finished 134ms (cache revalidated)
3320 silly packumentCache full:https://registry.npmjs.org/on-finished set size:23212 disposed:false
3321 http fetch GET 200 https://registry.npmjs.org/escape-html 138ms (cache revalidated)
3322 silly packumentCache full:https://registry.npmjs.org/escape-html set size:7345 disposed:false
3323 http fetch GET 200 https://registry.npmjs.org/encodeurl 139ms (cache revalidated)
3324 silly packumentCache full:https://registry.npmjs.org/encodeurl set size:12296 disposed:false
3325 silly placeDep ROOT stackframe@1.3.4 OK for: error-stack-parser@2.1.4 want: ^1.3.4
3326 silly placeDep node_modules/finalhandler debug@2.6.9 OK for: finalhandler@1.1.2 want: 2.6.9
3327 silly placeDep ROOT encodeurl@1.0.2 OK for: finalhandler@1.1.2 want: ~1.0.2
3328 silly placeDep ROOT escape-html@1.0.3 OK for: finalhandler@1.1.2 want: ~1.0.3
3329 silly placeDep ROOT on-finished@2.3.0 OK for: finalhandler@1.1.2 want: ~2.3.0
3330 silly placeDep ROOT statuses@1.5.0 OK for: finalhandler@1.1.2 want: ~1.5.0
3331 silly placeDep ROOT unpipe@1.0.0 OK for: finalhandler@1.1.2 want: ~1.0.0
3332 silly fetch manifest ee-first@1.1.1
3333 silly packumentCache full:https://registry.npmjs.org/ee-first cache-miss
3334 http fetch GET 200 https://registry.npmjs.org/ee-first 143ms (cache revalidated)
3335 silly packumentCache full:https://registry.npmjs.org/ee-first set size:15327 disposed:false
3336 silly placeDep ROOT hermes-estree@0.32.0 OK for: hermes-parser@0.32.0 want: 0.32.0
3337 silly placeDep ROOT queue@6.0.2 OK for: image-size@1.2.1 want: 6.0.2
3338 silly fetch manifest inherits@~2.0.3
3339 silly packumentCache full:https://registry.npmjs.org/inherits cache-miss
3340 http fetch GET 200 https://registry.npmjs.org/inherits 141ms (cache revalidated)
3341 silly packumentCache full:https://registry.npmjs.org/inherits set size:12925 disposed:false
3342 silly placeDep ROOT @types/node@26.1.0 OK for: jest-worker@29.7.0 want: *
3343 silly placeDep ROOT jest-util@29.7.0 OK for: jest-worker@29.7.0 want: ^29.7.0
3344 silly placeDep ROOT merge-stream@2.0.0 OK for: jest-worker@29.7.0 want: ^2.0.0
3345 silly placeDep node_modules/jest-worker supports-color@8.1.1 OK for: jest-worker@29.7.0 want: ^8.0.0
3346 silly fetch manifest undici-types@~8.3.0
3347 silly packumentCache full:https://registry.npmjs.org/undici-types cache-miss
3348 silly fetch manifest ci-info@^3.2.0
3349 silly packumentCache full:https://registry.npmjs.org/ci-info cache-hit
3350 silly fetch manifest picomatch@^2.2.3
3351 silly packumentCache full:https://registry.npmjs.org/picomatch cache-hit
3352 silly fetch manifest @jest/types@^29.6.3
3353 silly packumentCache full:https://registry.npmjs.org/@jest%2ftypes cache-miss
3354 http fetch GET 200 https://registry.npmjs.org/undici-types 141ms (cache revalidated)
3355 silly packumentCache full:https://registry.npmjs.org/undici-types set size:237431 disposed:false
3356 http fetch GET 200 https://registry.npmjs.org/@jest%2ftypes 458ms (cache revalidated)
3357 silly packumentCache full:https://registry.npmjs.org/@jest%2ftypes set size:292365 disposed:false
3358 silly placeDep ROOT undici-types@8.3.0 OK for: @types/node@26.1.0 want: ~8.3.0
3359 silly placeDep ROOT @jest/types@29.6.3 OK for: jest-util@29.7.0 want: ^29.6.3
3360 silly placeDep node_modules/jest-util ci-info@3.9.0 OK for: jest-util@29.7.0 want: ^3.2.0
3361 silly placeDep ROOT picomatch@2.3.2 OK for: jest-util@29.7.0 want: ^2.2.3
3362 silly fetch manifest @types/yargs@^17.0.8
3363 silly packumentCache full:https://registry.npmjs.org/@types%2fyargs cache-miss
3364 silly fetch manifest @types/istanbul-reports@^3.0.0
3365 silly packumentCache full:https://registry.npmjs.org/@types%2fistanbul-reports cache-miss
3366 silly fetch manifest @types/istanbul-lib-coverage@^2.0.0
3367 silly packumentCache full:https://registry.npmjs.org/@types%2fistanbul-lib-coverage cache-miss
3368 http fetch GET 200 https://registry.npmjs.org/@types%2fyargs 151ms (cache revalidated)
3369 silly packumentCache full:https://registry.npmjs.org/@types%2fyargs set size:390540 disposed:false
3370 http fetch GET 200 https://registry.npmjs.org/@types%2fistanbul-reports 323ms (cache revalidated)
3371 silly packumentCache full:https://registry.npmjs.org/@types%2fistanbul-reports set size:17607 disposed:false
3372 http fetch GET 200 https://registry.npmjs.org/@types%2fistanbul-lib-coverage 464ms (cache revalidated)
3373 silly packumentCache full:https://registry.npmjs.org/@types%2fistanbul-lib-coverage set size:18110 disposed:false
3374 silly placeDep ROOT @jest/schemas@29.6.3 OK for: @jest/types@29.6.3 want: ^29.6.3
3375 silly placeDep ROOT @types/istanbul-lib-coverage@2.0.6 OK for: @jest/types@29.6.3 want: ^2.0.0
3376 silly placeDep ROOT @types/istanbul-reports@3.0.4 OK for: @jest/types@29.6.3 want: ^3.0.0
3377 silly placeDep ROOT @types/yargs@17.0.35 OK for: @jest/types@29.6.3 want: ^17.0.8
3378 silly fetch manifest @sinclair/typebox@^0.27.8
3379 silly packumentCache full:https://registry.npmjs.org/@sinclair%2ftypebox cache-miss
3380 silly fetch manifest @types/istanbul-lib-report@*
3381 silly packumentCache full:https://registry.npmjs.org/@types%2fistanbul-lib-report cache-miss
3382 silly fetch manifest @types/yargs-parser@*
3383 silly packumentCache full:https://registry.npmjs.org/@types%2fyargs-parser cache-miss
3384 http fetch GET 200 https://registry.npmjs.org/@types%2fistanbul-lib-report 285ms (cache revalidated)
3385 silly packumentCache full:https://registry.npmjs.org/@types%2fistanbul-lib-report set size:12674 disposed:false
3386 http fetch GET 200 https://registry.npmjs.org/@types%2fyargs-parser 432ms (cache revalidated)
3387 silly packumentCache full:https://registry.npmjs.org/@types%2fyargs-parser set size:42751 disposed:false
3388 http fetch GET 200 https://registry.npmjs.org/@sinclair%2ftypebox 511ms (cache revalidated)
3389 silly packumentCache full:https://registry.npmjs.org/@sinclair%2ftypebox set size:1230117 disposed:false
3390 silly placeDep ROOT @sinclair/typebox@0.27.10 OK for: @jest/schemas@29.6.3 want: ^0.27.8
3391 silly placeDep ROOT @types/istanbul-lib-report@3.0.3 OK for: @types/istanbul-reports@3.0.4 want: *
3392 silly placeDep ROOT @types/yargs-parser@21.0.3 OK for: @types/yargs@17.0.35 want: *
3393 silly placeDep ROOT exponential-backoff@3.1.3 OK for: metro-cache@0.83.3 want: ^3.1.1
3394 silly placeDep ROOT https-proxy-agent@7.0.6 OK for: metro-cache@0.83.3 want: ^7.0.5
3395 silly fetch manifest agent-base@^7.1.2
3396 silly packumentCache full:https://registry.npmjs.org/agent-base cache-miss
3397 http fetch GET 200 https://registry.npmjs.org/agent-base 129ms (cache revalidated)
3398 silly packumentCache full:https://registry.npmjs.org/agent-base set size:72085 disposed:false
3399 silly placeDep ROOT agent-base@7.1.4 OK for: https-proxy-agent@7.0.6 want: ^7.1.2
3400 silly placeDep ROOT jest-validate@29.7.0 OK for: metro-config@0.83.3 want: ^29.7.0
3401 silly placeDep ROOT yaml@2.9.0 OK for: metro-config@0.83.3 want: ^2.6.1
3402 silly fetch manifest leven@^3.1.0
3403 silly packumentCache full:https://registry.npmjs.org/leven cache-miss
3404 silly fetch manifest camelcase@^6.2.0
3405 silly packumentCache full:https://registry.npmjs.org/camelcase cache-miss
3406 silly fetch manifest jest-get-type@^29.6.3
3407 silly packumentCache full:https://registry.npmjs.org/jest-get-type cache-miss
3408 http fetch GET 200 https://registry.npmjs.org/camelcase 157ms (cache revalidated)
3409 silly packumentCache full:https://registry.npmjs.org/camelcase set size:60255 disposed:false
3410 http fetch GET 200 https://registry.npmjs.org/jest-get-type 159ms (cache revalidated)
3411 silly packumentCache full:https://registry.npmjs.org/jest-get-type set size:201170 disposed:false
3412 http fetch GET 200 https://registry.npmjs.org/leven 324ms (cache revalidated)
3413 silly packumentCache full:https://registry.npmjs.org/leven set size:23210 disposed:false
3414 silly placeDep ROOT camelcase@6.3.0 OK for: jest-validate@29.7.0 want: ^6.2.0
3415 silly placeDep ROOT jest-get-type@29.6.3 OK for: jest-validate@29.7.0 want: ^29.6.3
3416 silly placeDep ROOT leven@3.1.0 OK for: jest-validate@29.7.0 want: ^3.1.0
3417 silly placeDep ROOT fb-watchman@2.0.2 OK for: metro-file-map@0.83.3 want: ^2.0.0
3418 silly placeDep ROOT micromatch@4.0.8 OK for: metro-file-map@0.83.3 want: ^4.0.4
3419 silly placeDep ROOT walker@1.0.8 OK for: metro-file-map@0.83.3 want: ^1.0.7
3420 silly fetch manifest bser@2.1.1
3421 silly packumentCache full:https://registry.npmjs.org/bser cache-miss
3422 silly fetch manifest braces@^3.0.3
3423 silly packumentCache full:https://registry.npmjs.org/braces cache-miss
3424 silly fetch manifest makeerror@1.0.12
3425 silly packumentCache full:https://registry.npmjs.org/makeerror cache-miss
3426 http fetch GET 200 https://registry.npmjs.org/bser 132ms (cache revalidated)
3427 silly packumentCache full:https://registry.npmjs.org/bser set size:14158 disposed:false
3428 http fetch GET 200 https://registry.npmjs.org/makeerror 142ms (cache revalidated)
3429 silly packumentCache full:https://registry.npmjs.org/makeerror set size:16681 disposed:false
3430 http fetch GET 200 https://registry.npmjs.org/braces 145ms (cache revalidated)
3431 silly packumentCache full:https://registry.npmjs.org/braces set size:114529 disposed:false
3432 silly placeDep ROOT bser@2.1.1 OK for: fb-watchman@2.0.2 want: 2.1.1
3433 silly fetch manifest node-int64@^0.4.0
3434 silly packumentCache full:https://registry.npmjs.org/node-int64 cache-miss
3435 http fetch GET 200 https://registry.npmjs.org/node-int64 136ms (cache revalidated)
3436 silly packumentCache full:https://registry.npmjs.org/node-int64 set size:11660 disposed:false
3437 silly placeDep ROOT node-int64@0.4.0 OK for: bser@2.1.1 want: ^0.4.0
3438 silly placeDep ROOT terser@5.48.0 OK for: metro-minify-terser@0.83.3 want: ^5.15.0
3439 silly fetch manifest @jridgewell/source-map@^0.3.3
3440 silly packumentCache full:https://registry.npmjs.org/@jridgewell%2fsource-map cache-miss
3441 silly fetch manifest commander@^2.20.0
3442 silly packumentCache full:https://registry.npmjs.org/commander cache-hit
3443 silly fetch manifest source-map-support@~0.5.20
3444 silly packumentCache full:https://registry.npmjs.org/source-map-support cache-hit
3445 http fetch GET 200 https://registry.npmjs.org/@jridgewell%2fsource-map 160ms (cache revalidated)
3446 silly packumentCache full:https://registry.npmjs.org/@jridgewell%2fsource-map set size:45204 disposed:false
3447 silly placeDep ROOT @babel/traverse--for-generate-function-map@7.29.7 OK for: metro-source-map@0.83.3 want: npm:@babel/traverse@^7.25.3
3448 silly placeDep ROOT ob1@0.83.3 OK for: metro-source-map@0.83.3 want: 0.83.3
3449 silly placeDep ROOT vlq@1.0.1 OK for: metro-source-map@0.83.3 want: ^1.0.0
3450 silly placeDep ROOT braces@3.0.3 OK for: micromatch@4.0.8 want: ^3.0.3
3451 silly fetch manifest fill-range@^7.1.1
3452 silly packumentCache full:https://registry.npmjs.org/fill-range cache-miss
3453 http fetch GET 200 https://registry.npmjs.org/fill-range 132ms (cache revalidated)
3454 silly packumentCache full:https://registry.npmjs.org/fill-range set size:90162 disposed:false
3455 silly placeDep ROOT fill-range@7.1.1 OK for: braces@3.0.3 want: ^7.1.1
3456 silly fetch manifest to-regex-range@^5.0.1
3457 silly packumentCache full:https://registry.npmjs.org/to-regex-range cache-miss
3458 http fetch GET 200 https://registry.npmjs.org/to-regex-range 139ms (cache revalidated)
3459 silly packumentCache full:https://registry.npmjs.org/to-regex-range set size:61569 disposed:false
3460 silly placeDep ROOT to-regex-range@5.0.1 OK for: fill-range@7.1.1 want: ^5.0.1
3461 silly fetch manifest is-number@^7.0.0
3462 silly packumentCache full:https://registry.npmjs.org/is-number cache-miss
3463 http fetch GET 200 https://registry.npmjs.org/is-number 143ms (cache revalidated)
3464 silly packumentCache full:https://registry.npmjs.org/is-number set size:36183 disposed:false
3465 silly placeDep ROOT mime-db@1.52.0 OK for: mime-types@2.1.35 want: 1.52.0
3466 silly placeDep ROOT brace-expansion@1.1.15 OK for: minimatch@3.1.5 want: ^1.1.7
3467 silly fetch manifest concat-map@0.0.1
3468 silly packumentCache full:https://registry.npmjs.org/concat-map cache-miss
3469 silly fetch manifest balanced-match@^1.0.0
3470 silly packumentCache full:https://registry.npmjs.org/balanced-match cache-miss
3471 http fetch GET 200 https://registry.npmjs.org/balanced-match 106ms (cache revalidated)
3472 silly packumentCache full:https://registry.npmjs.org/balanced-match set size:39082 disposed:false
3473 http fetch GET 200 https://registry.npmjs.org/concat-map 151ms (cache revalidated)
3474 silly packumentCache full:https://registry.npmjs.org/concat-map set size:9290 disposed:false
3475 silly placeDep ROOT balanced-match@1.0.2 OK for: brace-expansion@1.1.15 want: ^1.0.0
3476 silly placeDep ROOT concat-map@0.0.1 OK for: brace-expansion@1.1.15 want: 0.0.1
3477 silly placeDep ROOT ee-first@1.1.1 OK for: on-finished@2.3.0 want: 1.1.1
3478 silly placeDep ROOT deep-is@0.1.4 OK for: optionator@0.9.4 want: ^0.1.3
3479 silly placeDep ROOT fast-levenshtein@2.0.6 OK for: optionator@0.9.4 want: ^2.0.6
3480 silly placeDep ROOT word-wrap@1.2.5 OK for: optionator@0.9.4 want: ^1.2.5
3481 silly placeDep ROOT yocto-queue@0.1.0 OK for: p-limit@3.1.0 want: ^0.1.0
3482 silly placeDep ROOT callsites@3.1.0 OK for: parent-module@1.0.1 want: ^3.0.0
3483 silly placeDep ROOT pngjs@3.4.0 OK for: parse-png@2.1.0 want: ^3.3.0
3484 silly placeDep node_modules/path-scurry lru-cache@11.5.1 OK for: path-scurry@2.0.2 want: ^11.0.0
3485 silly placeDep node_modules/pretty-format ansi-styles@5.2.0 OK for: pretty-format@29.7.0 want: ^5.0.0
3486 silly placeDep node_modules/pretty-format react-is@18.3.1 OK for: pretty-format@29.7.0 want: ^18.0.0
3487 silly placeDep ROOT object-assign@4.1.1 OK for: prop-types@15.8.1 want: ^4.1.1
3488 silly placeDep node_modules/prop-types react-is@16.13.1 OK for: prop-types@15.8.1 want: ^16.13.1
3489 silly placeDep ROOT decode-uri-component@0.2.2 OK for: query-string@7.1.3 want: ^0.2.2
3490 silly placeDep ROOT filter-obj@1.1.0 OK for: query-string@7.1.3 want: ^1.1.0
3491 silly placeDep ROOT split-on-first@1.1.0 OK for: query-string@7.1.3 want: ^1.0.0
3492 silly placeDep ROOT strict-uri-encode@2.0.0 OK for: query-string@7.1.3 want: ^2.0.0
3493 silly placeDep ROOT inherits@2.0.4 OK for: queue@6.0.2 want: ~2.0.3
3494 silly placeDep ROOT scheduler@0.26.0 OK for: react-dom@19.1.0 want: ^0.26.0
3495 silly fetch manifest @babel/core@^7.8.0
3496 silly packumentCache full:https://registry.npmjs.org/@babel%2fcore cache-hit
3497 silly fetch manifest @types/react@^19.1.0
3498 silly packumentCache full:https://registry.npmjs.org/@types%2freact cache-miss
3499 http cache https://registry.npmjs.org/@types%2freact 19ms (cache hit)
3500 silly packumentCache full:https://registry.npmjs.org/@types%2freact set size:2632776 disposed:false
3501 silly fetch manifest react@^19.1.0
3502 silly packumentCache full:https://registry.npmjs.org/react cache-miss
3503 http cache https://registry.npmjs.org/react 74ms (cache hit)
3504 silly packumentCache full:https://registry.npmjs.org/react set size:6765208 disposed:false
3505 silly fetch manifest @react-native-community/cli@*
3506 silly packumentCache full:https://registry.npmjs.org/@react-native-community%2fcli cache-miss
3507 http fetch GET 200 https://registry.npmjs.org/@react-native-community%2fcli 495ms (cache revalidated)
3508 silly packumentCache full:https://registry.npmjs.org/@react-native-community%2fcli set size:1038784 disposed:false
3509 silly placeDep ROOT @jest/create-cache-key-function@29.7.0 OK for: react-native@0.81.5 want: ^29.7.0
3510 silly placeDep ROOT @react-native/assets-registry@0.81.5 OK for: react-native@0.81.5 want: 0.81.5
3511 silly placeDep ROOT @react-native/codegen@0.81.5 OK for: react-native@0.81.5 want: 0.81.5
3512 silly placeDep ROOT @react-native/community-cli-plugin@0.81.5 OK for: react-native@0.81.5 want: 0.81.5
3513 silly placeDep ROOT @react-native/gradle-plugin@0.81.5 OK for: react-native@0.81.5 want: 0.81.5
3514 silly placeDep ROOT @react-native/js-polyfills@0.81.5 OK for: react-native@0.81.5 want: 0.81.5
3515 silly placeDep node_modules/react-native @react-native/virtualized-lists@0.81.5 CONFLICT for: react-native@0.81.5 want: 0.81.5
3516 silly placeDep ROOT abort-controller@3.0.0 OK for: react-native@0.81.5 want: ^3.0.0
3517 silly placeDep ROOT ansi-regex@5.0.1 OK for: react-native@0.81.5 want: ^5.0.0
3518 silly placeDep ROOT babel-jest@29.7.0 OK for: react-native@0.81.5 want: ^29.7.0
3519 silly placeDep ROOT babel-plugin-syntax-hermes-parser@0.29.1 OK for: react-native@0.81.5 want: 0.29.1
3520 silly placeDep node_modules/react-native commander@12.1.0 OK for: react-native@0.81.5 want: ^12.0.0
3521 silly placeDep node_modules/react-native glob@7.2.3 OK for: react-native@0.81.5 want: ^7.1.1
3522 silly placeDep ROOT jest-environment-node@29.7.0 OK for: react-native@0.81.5 want: ^29.7.0
3523 silly placeDep ROOT memoize-one@5.2.1 OK for: react-native@0.81.5 want: ^5.0.0
3524 silly placeDep ROOT promise@8.3.0 OK for: react-native@0.81.5 want: ^8.3.0
3525 silly placeDep ROOT react-devtools-core@6.1.5 OK for: react-native@0.81.5 want: ^6.1.5
3526 silly placeDep ROOT regenerator-runtime@0.13.11 OK for: react-native@0.81.5 want: ^0.13.2
3527 silly placeDep node_modules/react-native semver@7.8.5 OK for: react-native@0.81.5 want: ^7.1.3
3528 silly placeDep node_modules/react-native ws@6.2.4 OK for: react-native@0.81.5 want: ^6.2.3
3529 silly fetch manifest hermes-parser@0.29.1
3530 silly packumentCache full:https://registry.npmjs.org/hermes-parser cache-hit
3531 silly fetch manifest event-target-shim@^5.0.0
3532 silly packumentCache full:https://registry.npmjs.org/event-target-shim cache-miss
3533 silly fetch manifest @jest/transform@^29.7.0
3534 silly packumentCache full:https://registry.npmjs.org/@jest%2ftransform cache-miss
3535 silly fetch manifest babel-preset-jest@^29.6.3
3536 silly packumentCache full:https://registry.npmjs.org/babel-preset-jest cache-miss
3537 silly fetch manifest @types/babel__core@^7.1.14
3538 silly packumentCache full:https://registry.npmjs.org/@types%2fbabel__core cache-miss
3539 silly fetch manifest babel-plugin-istanbul@^6.1.1
3540 silly packumentCache full:https://registry.npmjs.org/babel-plugin-istanbul cache-miss
3541 silly fetch manifest hermes-parser@0.29.1
3542 silly packumentCache full:https://registry.npmjs.org/hermes-parser cache-hit
3543 silly fetch manifest once@^1.3.0
3544 silly packumentCache full:https://registry.npmjs.org/once cache-miss
3545 silly fetch manifest inflight@^1.0.4
3546 silly packumentCache full:https://registry.npmjs.org/inflight cache-miss
3547 silly fetch manifest fs.realpath@^1.0.0
3548 silly packumentCache full:https://registry.npmjs.org/fs.realpath cache-miss
3549 silly fetch manifest path-is-absolute@^1.0.0
3550 silly packumentCache full:https://registry.npmjs.org/path-is-absolute cache-miss
3551 silly fetch manifest jest-mock@^29.7.0
3552 silly packumentCache full:https://registry.npmjs.org/jest-mock cache-miss
3553 silly fetch manifest @jest/environment@^29.7.0
3554 silly packumentCache full:https://registry.npmjs.org/@jest%2fenvironment cache-miss
3555 silly fetch manifest @jest/fake-timers@^29.7.0
3556 silly packumentCache full:https://registry.npmjs.org/@jest%2ffake-timers cache-miss
3557 silly fetch manifest asap@~2.0.6
3558 silly packumentCache full:https://registry.npmjs.org/asap cache-miss
3559 silly fetch manifest shell-quote@^1.6.1
3560 silly packumentCache full:https://registry.npmjs.org/shell-quote cache-miss
3561 silly fetch manifest async-limiter@~1.0.0
3562 silly packumentCache full:https://registry.npmjs.org/async-limiter cache-miss
3563 http fetch GET 200 https://registry.npmjs.org/fs.realpath 137ms (cache miss)
3564 silly packumentCache full:https://registry.npmjs.org/fs.realpath set size:undefined disposed:false
3565 http fetch GET 200 https://registry.npmjs.org/once 150ms (cache revalidated)
3566 silly packumentCache full:https://registry.npmjs.org/once set size:11752 disposed:false
3567 http fetch GET 200 https://registry.npmjs.org/path-is-absolute 152ms (cache revalidated)
3568 silly packumentCache full:https://registry.npmjs.org/path-is-absolute set size:8253 disposed:false
3569 http fetch GET 200 https://registry.npmjs.org/event-target-shim 166ms (cache revalidated)
3570 silly packumentCache full:https://registry.npmjs.org/event-target-shim set size:103601 disposed:false
3571 http fetch GET 200 https://registry.npmjs.org/async-limiter 166ms (cache miss)
3572 silly packumentCache full:https://registry.npmjs.org/async-limiter set size:undefined disposed:false
3573 http fetch GET 200 https://registry.npmjs.org/asap 179ms (cache revalidated)
3574 silly packumentCache full:https://registry.npmjs.org/asap set size:30968 disposed:false
3575 http fetch GET 200 https://registry.npmjs.org/jest-mock 184ms (cache miss)
3576 silly packumentCache full:https://registry.npmjs.org/jest-mock set size:undefined disposed:false
3577 http fetch GET 200 https://registry.npmjs.org/@types%2fbabel__core 193ms (cache miss)
3578 silly packumentCache full:https://registry.npmjs.org/@types%2fbabel__core set size:undefined disposed:false
3579 http fetch GET 200 https://registry.npmjs.org/babel-plugin-istanbul 311ms (cache miss)
3580 silly packumentCache full:https://registry.npmjs.org/babel-plugin-istanbul set size:undefined disposed:false
3581 http fetch GET 200 https://registry.npmjs.org/@jest%2ftransform 316ms (cache miss)
3582 silly packumentCache full:https://registry.npmjs.org/@jest%2ftransform set size:undefined disposed:false
3583 http fetch GET 200 https://registry.npmjs.org/babel-preset-jest 330ms (cache miss)
3584 silly packumentCache full:https://registry.npmjs.org/babel-preset-jest set size:undefined disposed:false
3585 http fetch GET 200 https://registry.npmjs.org/shell-quote 336ms (cache revalidated)
3586 silly packumentCache full:https://registry.npmjs.org/shell-quote set size:67911 disposed:false
3587 http fetch GET 200 https://registry.npmjs.org/inflight 351ms (cache revalidated)
3588 silly packumentCache full:https://registry.npmjs.org/inflight set size:13140 disposed:false
3589 http fetch GET 200 https://registry.npmjs.org/@jest%2fenvironment 610ms (cache miss)
3590 silly packumentCache full:https://registry.npmjs.org/@jest%2fenvironment set size:undefined disposed:false
3591 http fetch GET 200 https://registry.npmjs.org/@jest%2ffake-timers 615ms (cache miss)
3592 silly packumentCache full:https://registry.npmjs.org/@jest%2ffake-timers set size:undefined disposed:false
3593 silly placeDep node_modules/@react-native/codegen glob@7.2.3 OK for: @react-native/codegen@0.81.5 want: ^7.1.1
3594 silly placeDep node_modules/@react-native/codegen hermes-parser@0.29.1 OK for: @react-native/codegen@0.81.5 want: 0.29.1
3595 silly fetch manifest hermes-estree@0.29.1
3596 silly packumentCache full:https://registry.npmjs.org/hermes-estree cache-hit
3597 silly placeDep ROOT @react-native/dev-middleware@0.81.5 OK for: @react-native/community-cli-plugin@0.81.5 want: 0.81.5
3598 silly placeDep node_modules/@react-native/community-cli-plugin semver@7.8.5 OK for: @react-native/community-cli-plugin@0.81.5 want: ^7.1.3
3599 silly fetch manifest open@^7.0.3
3600 silly packumentCache full:https://registry.npmjs.org/open cache-miss
3601 silly fetch manifest serve-static@^1.16.2
3602 silly packumentCache full:https://registry.npmjs.org/serve-static cache-miss
3603 silly fetch manifest chrome-launcher@^0.15.2
3604 silly packumentCache full:https://registry.npmjs.org/chrome-launcher cache-miss
3605 silly fetch manifest @isaacs/ttlcache@^1.4.1
3606 silly packumentCache full:https://registry.npmjs.org/@isaacs%2fttlcache cache-miss
3607 silly fetch manifest chromium-edge-launcher@^0.2.0
3608 silly packumentCache full:https://registry.npmjs.org/chromium-edge-launcher cache-miss
3609 silly fetch manifest @react-native/debugger-frontend@0.81.5
3610 silly packumentCache full:https://registry.npmjs.org/@react-native%2fdebugger-frontend cache-miss
3611 http fetch GET 200 https://registry.npmjs.org/serve-static 118ms (cache revalidated)
3612 silly packumentCache full:https://registry.npmjs.org/serve-static set size:150391 disposed:false
3613 http fetch GET 200 https://registry.npmjs.org/open 133ms (cache revalidated)
3614 silly packumentCache full:https://registry.npmjs.org/open set size:136392 disposed:false
3615 http fetch GET 200 https://registry.npmjs.org/chromium-edge-launcher 256ms (cache revalidated)
3616 silly packumentCache full:https://registry.npmjs.org/chromium-edge-launcher set size:72314 disposed:false
3617 http fetch GET 200 https://registry.npmjs.org/chrome-launcher 315ms (cache revalidated)
3618 silly packumentCache full:https://registry.npmjs.org/chrome-launcher set size:131779 disposed:false
3619 http fetch GET 200 https://registry.npmjs.org/@react-native%2fdebugger-frontend 579ms (cache revalidated)
3620 silly packumentCache full:https://registry.npmjs.org/@react-native%2fdebugger-frontend set size:1969293 disposed:false
3621 http fetch GET 200 https://registry.npmjs.org/@isaacs%2fttlcache 720ms (cache revalidated)
3622 silly packumentCache full:https://registry.npmjs.org/@isaacs%2fttlcache set size:65208 disposed:false
3623 silly placeDep ROOT @isaacs/ttlcache@1.4.1 OK for: @react-native/dev-middleware@0.81.5 want: ^1.4.1
3624 silly placeDep ROOT @react-native/debugger-frontend@0.81.5 OK for: @react-native/dev-middleware@0.81.5 want: 0.81.5
3625 silly placeDep ROOT chrome-launcher@0.15.2 OK for: @react-native/dev-middleware@0.81.5 want: ^0.15.2
3626 silly placeDep ROOT chromium-edge-launcher@0.2.0 OK for: @react-native/dev-middleware@0.81.5 want: ^0.2.0
3627 silly placeDep ROOT open@7.4.2 OK for: @react-native/dev-middleware@0.81.5 want: ^7.0.3
3628 silly placeDep ROOT serve-static@1.16.3 OK for: @react-native/dev-middleware@0.81.5 want: ^1.16.2
3629 silly placeDep node_modules/@react-native/dev-middleware ws@6.2.4 OK for: @react-native/dev-middleware@0.81.5 want: ^6.2.3
3630 silly fetch manifest is-wsl@^2.2.0
3631 silly packumentCache full:https://registry.npmjs.org/is-wsl cache-miss
3632 silly fetch manifest lighthouse-logger@^1.0.0
3633 silly packumentCache full:https://registry.npmjs.org/lighthouse-logger cache-miss
3634 silly fetch manifest is-wsl@^2.2.0
3635 silly packumentCache full:https://registry.npmjs.org/is-wsl cache-miss
3636 silly fetch manifest mkdirp@^1.0.4
3637 silly packumentCache full:https://registry.npmjs.org/mkdirp cache-miss
3638 silly fetch manifest rimraf@^3.0.2
3639 silly packumentCache full:https://registry.npmjs.org/rimraf cache-miss
3640 silly fetch manifest lighthouse-logger@^1.0.0
3641 silly packumentCache full:https://registry.npmjs.org/lighthouse-logger cache-miss
3642 silly fetch manifest is-wsl@^2.1.1
3643 silly packumentCache full:https://registry.npmjs.org/is-wsl cache-miss
3644 silly fetch manifest is-docker@^2.0.0
3645 silly packumentCache full:https://registry.npmjs.org/is-docker cache-miss
3646 silly fetch manifest send@~0.19.1
3647 silly packumentCache full:https://registry.npmjs.org/send cache-hit
3648 silly fetch manifest encodeurl@~2.0.0
3649 silly packumentCache full:https://registry.npmjs.org/encodeurl cache-hit
3650 http fetch GET 200 https://registry.npmjs.org/is-docker 137ms (cache revalidated)
3651 silly packumentCache full:https://registry.npmjs.org/is-docker set size:23690 disposed:false
3652 http fetch GET 200 https://registry.npmjs.org/is-wsl 144ms (cache revalidated)
3653 silly packumentCache full:https://registry.npmjs.org/is-wsl set size:20683 disposed:false
3654 http fetch GET 200 https://registry.npmjs.org/is-wsl 154ms (cache revalidated)
3655 silly packumentCache full:https://registry.npmjs.org/is-wsl set size:20683 disposed:false
3656 silly packumentCache full:https://registry.npmjs.org/is-wsl dispose
3657 http fetch GET 200 https://registry.npmjs.org/is-wsl 164ms (cache revalidated)
3658 silly packumentCache full:https://registry.npmjs.org/is-wsl set size:20683 disposed:true
3659 silly packumentCache full:https://registry.npmjs.org/is-wsl dispose
3660 http fetch GET 200 https://registry.npmjs.org/rimraf 191ms (cache revalidated)
3661 silly packumentCache full:https://registry.npmjs.org/rimraf set size:212626 disposed:false
3662 http fetch GET 200 https://registry.npmjs.org/mkdirp 306ms (cache revalidated)
3663 silly packumentCache full:https://registry.npmjs.org/mkdirp set size:116431 disposed:false
3664 http fetch GET 200 https://registry.npmjs.org/lighthouse-logger 319ms (cache revalidated)
3665 silly packumentCache full:https://registry.npmjs.org/lighthouse-logger set size:19412 disposed:false
3666 http fetch GET 200 https://registry.npmjs.org/lighthouse-logger 324ms (cache revalidated)
3667 silly packumentCache full:https://registry.npmjs.org/lighthouse-logger set size:19412 disposed:false
3668 silly packumentCache full:https://registry.npmjs.org/lighthouse-logger dispose
3669 silly placeDep ROOT event-target-shim@5.0.1 OK for: abort-controller@3.0.0 want: ^5.0.0
3670 silly placeDep ROOT @jest/transform@29.7.0 OK for: babel-jest@29.7.0 want: ^29.7.0
3671 silly placeDep ROOT @types/babel__core@7.20.5 OK for: babel-jest@29.7.0 want: ^7.1.14
3672 silly placeDep ROOT babel-plugin-istanbul@6.1.1 OK for: babel-jest@29.7.0 want: ^6.1.1
3673 silly placeDep ROOT babel-preset-jest@29.6.3 OK for: babel-jest@29.7.0 want: ^29.6.3
3674 silly fetch manifest pirates@^4.0.4
3675 silly packumentCache full:https://registry.npmjs.org/pirates cache-hit
3676 silly fetch manifest jest-haste-map@^29.7.0
3677 silly packumentCache full:https://registry.npmjs.org/jest-haste-map cache-miss
3678 silly fetch manifest jest-regex-util@^29.6.3
3679 silly packumentCache full:https://registry.npmjs.org/jest-regex-util cache-miss
3680 silly fetch manifest write-file-atomic@^4.0.2
3681 silly packumentCache full:https://registry.npmjs.org/write-file-atomic cache-miss
3682 silly fetch manifest @types/babel__template@*
3683 silly packumentCache full:https://registry.npmjs.org/@types%2fbabel__template cache-miss
3684 silly fetch manifest @types/babel__traverse@*
3685 silly packumentCache full:https://registry.npmjs.org/@types%2fbabel__traverse cache-miss
3686 silly fetch manifest @types/babel__generator@*
3687 silly packumentCache full:https://registry.npmjs.org/@types%2fbabel__generator cache-miss
3688 silly fetch manifest test-exclude@^6.0.0
3689 silly packumentCache full:https://registry.npmjs.org/test-exclude cache-miss
3690 silly fetch manifest @istanbuljs/schema@^0.1.2
3691 silly packumentCache full:https://registry.npmjs.org/@istanbuljs%2fschema cache-miss
3692 silly fetch manifest istanbul-lib-instrument@^5.0.4
3693 silly packumentCache full:https://registry.npmjs.org/istanbul-lib-instrument cache-miss
3694 silly fetch manifest @istanbuljs/load-nyc-config@^1.0.0
3695 silly packumentCache full:https://registry.npmjs.org/@istanbuljs%2fload-nyc-config cache-miss
3696 silly fetch manifest babel-plugin-jest-hoist@^29.6.3
3697 silly packumentCache full:https://registry.npmjs.org/babel-plugin-jest-hoist cache-miss
3698 silly fetch manifest babel-preset-current-node-syntax@^1.0.0
3699 silly packumentCache full:https://registry.npmjs.org/babel-preset-current-node-syntax cache-miss
3700 http fetch GET 200 https://registry.npmjs.org/jest-regex-util 127ms (cache miss)
3701 silly packumentCache full:https://registry.npmjs.org/jest-regex-util set size:undefined disposed:false
3702 http fetch GET 200 https://registry.npmjs.org/@types%2fbabel__template 144ms (cache miss)
3703 silly packumentCache full:https://registry.npmjs.org/@types%2fbabel__template set size:undefined disposed:false
3704 http fetch GET 200 https://registry.npmjs.org/@istanbuljs%2fload-nyc-config 149ms (cache miss)
3705 silly packumentCache full:https://registry.npmjs.org/@istanbuljs%2fload-nyc-config set size:undefined disposed:false
3706 http fetch GET 200 https://registry.npmjs.org/@types%2fbabel__generator 153ms (cache miss)
3707 silly packumentCache full:https://registry.npmjs.org/@types%2fbabel__generator set size:undefined disposed:false
3708 http fetch GET 200 https://registry.npmjs.org/istanbul-lib-instrument 154ms (cache miss)
3709 silly packumentCache full:https://registry.npmjs.org/istanbul-lib-instrument set size:undefined disposed:false
3710 http fetch GET 200 https://registry.npmjs.org/babel-preset-current-node-syntax 161ms (cache miss)
3711 silly packumentCache full:https://registry.npmjs.org/babel-preset-current-node-syntax set size:undefined disposed:false
3712 http fetch GET 200 https://registry.npmjs.org/write-file-atomic 192ms (cache revalidated)
3713 silly packumentCache full:https://registry.npmjs.org/write-file-atomic set size:82777 disposed:false
3714 http fetch GET 200 https://registry.npmjs.org/@types%2fbabel__traverse 282ms (cache miss)
3715 silly packumentCache full:https://registry.npmjs.org/@types%2fbabel__traverse set size:undefined disposed:false
3716 http fetch GET 200 https://registry.npmjs.org/test-exclude 325ms (cache miss)
3717 silly packumentCache full:https://registry.npmjs.org/test-exclude set size:undefined disposed:false
3718 http fetch GET 200 https://registry.npmjs.org/jest-haste-map 343ms (cache miss)
3719 silly packumentCache full:https://registry.npmjs.org/jest-haste-map set size:undefined disposed:false
3720 http fetch GET 200 https://registry.npmjs.org/babel-plugin-jest-hoist 454ms (cache miss)
3721 silly packumentCache full:https://registry.npmjs.org/babel-plugin-jest-hoist set size:undefined disposed:false
3722 http fetch GET 200 https://registry.npmjs.org/@istanbuljs%2fschema 570ms (cache miss)
3723 silly packumentCache full:https://registry.npmjs.org/@istanbuljs%2fschema set size:undefined disposed:false
3724 silly placeDep ROOT jest-haste-map@29.7.0 OK for: @jest/transform@29.7.0 want: ^29.7.0
3725 silly placeDep ROOT jest-regex-util@29.6.3 OK for: @jest/transform@29.7.0 want: ^29.6.3
3726 silly placeDep ROOT pirates@4.0.7 OK for: @jest/transform@29.7.0 want: ^4.0.4
3727 silly placeDep ROOT write-file-atomic@4.0.2 OK for: @jest/transform@29.7.0 want: ^4.0.2
3728 silly fetch manifest anymatch@^3.0.3
3729 silly packumentCache full:https://registry.npmjs.org/anymatch cache-miss
3730 silly fetch manifest @types/graceful-fs@^4.1.3
3731 silly packumentCache full:https://registry.npmjs.org/@types%2fgraceful-fs cache-miss
3732 silly fetch manifest fsevents@^2.3.2
3733 silly packumentCache full:https://registry.npmjs.org/fsevents cache-miss
3734 silly fetch manifest signal-exit@^3.0.7
3735 silly packumentCache full:https://registry.npmjs.org/signal-exit cache-miss
3736 http fetch GET 200 https://registry.npmjs.org/signal-exit 112ms (cache revalidated)
3737 silly packumentCache full:https://registry.npmjs.org/signal-exit set size:53489 disposed:false
3738 http fetch GET 200 https://registry.npmjs.org/anymatch 124ms (cache miss)
3739 silly packumentCache full:https://registry.npmjs.org/anymatch set size:undefined disposed:false
3740 http fetch GET 200 https://registry.npmjs.org/fsevents 161ms (cache miss)
3741 silly packumentCache full:https://registry.npmjs.org/fsevents set size:undefined disposed:false
3742 http fetch GET 200 https://registry.npmjs.org/@types%2fgraceful-fs 497ms (cache miss)
3743 silly packumentCache full:https://registry.npmjs.org/@types%2fgraceful-fs set size:undefined disposed:false
3744 silly placeDep ROOT @types/babel__generator@7.27.0 OK for: @types/babel__core@7.20.5 want: *
3745 silly placeDep ROOT @types/babel__template@7.4.4 OK for: @types/babel__core@7.20.5 want: *
3746 silly placeDep ROOT @types/babel__traverse@7.28.0 OK for: @types/babel__core@7.20.5 want: *
3747 silly placeDep ROOT @istanbuljs/load-nyc-config@1.1.0 OK for: babel-plugin-istanbul@6.1.1 want: ^1.0.0
3748 silly placeDep ROOT @istanbuljs/schema@0.1.6 OK for: babel-plugin-istanbul@6.1.1 want: ^0.1.2
3749 silly placeDep ROOT istanbul-lib-instrument@5.2.1 OK for: babel-plugin-istanbul@6.1.1 want: ^5.0.4
3750 silly placeDep ROOT test-exclude@6.0.0 OK for: babel-plugin-istanbul@6.1.1 want: ^6.0.0
3751 silly fetch manifest camelcase@^5.3.1
3752 silly packumentCache full:https://registry.npmjs.org/camelcase cache-hit
3753 silly fetch manifest find-up@^4.1.0
3754 silly packumentCache full:https://registry.npmjs.org/find-up cache-hit
3755 silly fetch manifest get-package-type@^0.1.0
3756 silly packumentCache full:https://registry.npmjs.org/get-package-type cache-miss
3757 silly fetch manifest js-yaml@^3.13.1
3758 silly packumentCache full:https://registry.npmjs.org/js-yaml cache-hit
3759 silly fetch manifest istanbul-lib-coverage@^3.2.0
3760 silly packumentCache full:https://registry.npmjs.org/istanbul-lib-coverage cache-miss
3761 silly fetch manifest glob@^7.1.4
3762 silly packumentCache full:https://registry.npmjs.org/glob cache-hit
3763 http fetch GET 200 https://registry.npmjs.org/istanbul-lib-coverage 135ms (cache miss)
3764 silly packumentCache full:https://registry.npmjs.org/istanbul-lib-coverage set size:undefined disposed:false
3765 http fetch GET 200 https://registry.npmjs.org/get-package-type 154ms (cache revalidated)
3766 silly packumentCache full:https://registry.npmjs.org/get-package-type set size:4414 disposed:false
3767 silly placeDep node_modules/@istanbuljs/load-nyc-config camelcase@5.3.1 OK for: @istanbuljs/load-nyc-config@1.1.0 want: ^5.3.1
3768 silly placeDep node_modules/@istanbuljs/load-nyc-config find-up@4.1.0 OK for: @istanbuljs/load-nyc-config@1.1.0 want: ^4.1.0
3769 silly placeDep ROOT get-package-type@0.1.0 OK for: @istanbuljs/load-nyc-config@1.1.0 want: ^0.1.0
3770 silly placeDep node_modules/@istanbuljs/load-nyc-config js-yaml@3.15.0 OK for: @istanbuljs/load-nyc-config@1.1.0 want: ^3.13.1
3771 silly fetch manifest locate-path@^5.0.0
3772 silly packumentCache full:https://registry.npmjs.org/locate-path cache-hit
3773 silly fetch manifest esprima@^4.0.0
3774 silly packumentCache full:https://registry.npmjs.org/esprima cache-miss
3775 silly fetch manifest argparse@^1.0.7
3776 silly packumentCache full:https://registry.npmjs.org/argparse cache-hit
3777 http fetch GET 200 https://registry.npmjs.org/esprima 155ms (cache revalidated)
3778 silly packumentCache full:https://registry.npmjs.org/esprima set size:118410 disposed:false
3779 silly placeDep node_modules/babel-plugin-syntax-hermes-parser hermes-parser@0.29.1 OK for: babel-plugin-syntax-hermes-parser@0.29.1 want: 0.29.1
3780 silly placeDep ROOT babel-plugin-jest-hoist@29.6.3 OK for: babel-preset-jest@29.6.3 want: ^29.6.3
3781 silly placeDep ROOT babel-preset-current-node-syntax@1.2.0 OK for: babel-preset-jest@29.6.3 want: ^1.0.0
3782 silly fetch manifest @babel/plugin-syntax-async-generators@^7.8.4
3783 silly packumentCache full:https://registry.npmjs.org/@babel%2fplugin-syntax-async-generators cache-miss
3784 silly fetch manifest @babel/plugin-syntax-bigint@^7.8.3
3785 silly packumentCache full:https://registry.npmjs.org/@babel%2fplugin-syntax-bigint cache-miss
3786 silly fetch manifest @babel/plugin-syntax-class-properties@^7.12.13
3787 silly packumentCache full:https://registry.npmjs.org/@babel%2fplugin-syntax-class-properties cache-miss
3788 silly fetch manifest @babel/plugin-syntax-class-static-block@^7.14.5
3789 silly packumentCache full:https://registry.npmjs.org/@babel%2fplugin-syntax-class-static-block cache-miss
3790 silly fetch manifest @babel/plugin-syntax-import-attributes@^7.24.7
3791 silly packumentCache full:https://registry.npmjs.org/@babel%2fplugin-syntax-import-attributes cache-miss
3792 silly fetch manifest @babel/plugin-syntax-import-meta@^7.10.4
3793 silly packumentCache full:https://registry.npmjs.org/@babel%2fplugin-syntax-import-meta cache-miss
3794 silly fetch manifest @babel/plugin-syntax-json-strings@^7.8.3
3795 silly packumentCache full:https://registry.npmjs.org/@babel%2fplugin-syntax-json-strings cache-miss
3796 silly fetch manifest @babel/plugin-syntax-logical-assignment-operators@^7.10.4
3797 silly packumentCache full:https://registry.npmjs.org/@babel%2fplugin-syntax-logical-assignment-operators cache-miss
3798 silly fetch manifest @babel/plugin-syntax-nullish-coalescing-operator@^7.8.3
3799 silly packumentCache full:https://registry.npmjs.org/@babel%2fplugin-syntax-nullish-coalescing-operator cache-miss
3800 silly fetch manifest @babel/plugin-syntax-numeric-separator@^7.10.4
3801 silly packumentCache full:https://registry.npmjs.org/@babel%2fplugin-syntax-numeric-separator cache-miss
3802 silly fetch manifest @babel/plugin-syntax-object-rest-spread@^7.8.3
3803 silly packumentCache full:https://registry.npmjs.org/@babel%2fplugin-syntax-object-rest-spread cache-miss
3804 silly fetch manifest @babel/plugin-syntax-optional-catch-binding@^7.8.3
3805 silly packumentCache full:https://registry.npmjs.org/@babel%2fplugin-syntax-optional-catch-binding cache-miss
3806 silly fetch manifest @babel/plugin-syntax-optional-chaining@^7.8.3
3807 silly packumentCache full:https://registry.npmjs.org/@babel%2fplugin-syntax-optional-chaining cache-miss
3808 silly fetch manifest @babel/plugin-syntax-private-property-in-object@^7.14.5
3809 silly packumentCache full:https://registry.npmjs.org/@babel%2fplugin-syntax-private-property-in-object cache-miss
3810 silly fetch manifest @babel/plugin-syntax-top-level-await@^7.14.5
3811 silly packumentCache full:https://registry.npmjs.org/@babel%2fplugin-syntax-top-level-await cache-miss
3812 http fetch GET 200 https://registry.npmjs.org/@babel%2fplugin-syntax-async-generators 151ms (cache miss)
3813 silly packumentCache full:https://registry.npmjs.org/@babel%2fplugin-syntax-async-generators set size:undefined disposed:false
3814 http fetch GET 200 https://registry.npmjs.org/@babel%2fplugin-syntax-import-meta 162ms (cache miss)
3815 silly packumentCache full:https://registry.npmjs.org/@babel%2fplugin-syntax-import-meta set size:undefined disposed:false
3816 http fetch GET 200 https://registry.npmjs.org/@babel%2fplugin-syntax-nullish-coalescing-operator 165ms (cache revalidated)
3817 silly packumentCache full:https://registry.npmjs.org/@babel%2fplugin-syntax-nullish-coalescing-operator set size:85378 disposed:false
3818 http fetch GET 200 https://registry.npmjs.org/@babel%2fplugin-syntax-private-property-in-object 170ms (cache miss)
3819 silly packumentCache full:https://registry.npmjs.org/@babel%2fplugin-syntax-private-property-in-object set size:undefined disposed:false
3820 http fetch GET 200 https://registry.npmjs.org/@babel%2fplugin-syntax-logical-assignment-operators 175ms (cache miss)
3821 silly packumentCache full:https://registry.npmjs.org/@babel%2fplugin-syntax-logical-assignment-operators set size:undefined disposed:false
3822 http fetch GET 200 https://registry.npmjs.org/@babel%2fplugin-syntax-top-level-await 178ms (cache miss)
3823 silly packumentCache full:https://registry.npmjs.org/@babel%2fplugin-syntax-top-level-await set size:undefined disposed:false
3824 http fetch GET 200 https://registry.npmjs.org/@babel%2fplugin-syntax-numeric-separator 185ms (cache miss)
3825 silly packumentCache full:https://registry.npmjs.org/@babel%2fplugin-syntax-numeric-separator set size:undefined disposed:false
3826 http fetch GET 200 https://registry.npmjs.org/@babel%2fplugin-syntax-optional-chaining 244ms (cache revalidated)
3827 silly packumentCache full:https://registry.npmjs.org/@babel%2fplugin-syntax-optional-chaining set size:82606 disposed:false
3828 http fetch GET 200 https://registry.npmjs.org/@babel%2fplugin-syntax-optional-catch-binding 290ms (cache miss)
3829 silly packumentCache full:https://registry.npmjs.org/@babel%2fplugin-syntax-optional-catch-binding set size:undefined disposed:false
3830 http fetch GET 200 https://registry.npmjs.org/@babel%2fplugin-syntax-import-attributes 294ms (cache miss)
3831 silly packumentCache full:https://registry.npmjs.org/@babel%2fplugin-syntax-import-attributes set size:undefined disposed:false
3832 http fetch GET 200 https://registry.npmjs.org/@babel%2fplugin-syntax-object-rest-spread 309ms (cache miss)
3833 silly packumentCache full:https://registry.npmjs.org/@babel%2fplugin-syntax-object-rest-spread set size:undefined disposed:false
3834 http fetch GET 200 https://registry.npmjs.org/@babel%2fplugin-syntax-bigint 314ms (cache miss)
3835 silly packumentCache full:https://registry.npmjs.org/@babel%2fplugin-syntax-bigint set size:undefined disposed:false
3836 http fetch GET 200 https://registry.npmjs.org/@babel%2fplugin-syntax-class-static-block 315ms (cache miss)
3837 silly packumentCache full:https://registry.npmjs.org/@babel%2fplugin-syntax-class-static-block set size:undefined disposed:false
3838 http fetch GET 200 https://registry.npmjs.org/@babel%2fplugin-syntax-class-properties 462ms (cache miss)
3839 silly packumentCache full:https://registry.npmjs.org/@babel%2fplugin-syntax-class-properties set size:undefined disposed:false
3840 http fetch GET 200 https://registry.npmjs.org/@babel%2fplugin-syntax-json-strings 571ms (cache miss)
3841 silly packumentCache full:https://registry.npmjs.org/@babel%2fplugin-syntax-json-strings set size:undefined disposed:false
3842 silly fetch manifest @babel/core@^7.0.0 || ^8.0.0-0
3843 silly packumentCache full:https://registry.npmjs.org/@babel%2fcore cache-hit
3844 silly placeDep ROOT @babel/plugin-syntax-async-generators@7.8.4 OK for: babel-preset-current-node-syntax@1.2.0 want: ^7.8.4
3845 silly placeDep ROOT @babel/plugin-syntax-bigint@7.8.3 OK for: babel-preset-current-node-syntax@1.2.0 want: ^7.8.3
3846 silly placeDep ROOT @babel/plugin-syntax-class-properties@7.12.13 OK for: babel-preset-current-node-syntax@1.2.0 want: ^7.12.13
3847 silly placeDep ROOT @babel/plugin-syntax-class-static-block@7.14.5 OK for: babel-preset-current-node-syntax@1.2.0 want: ^7.14.5
3848 silly placeDep ROOT @babel/plugin-syntax-import-attributes@7.29.7 OK for: babel-preset-current-node-syntax@1.2.0 want: ^7.24.7
3849 silly placeDep ROOT @babel/plugin-syntax-import-meta@7.10.4 OK for: babel-preset-current-node-syntax@1.2.0 want: ^7.10.4
3850 silly placeDep ROOT @babel/plugin-syntax-json-strings@7.8.3 OK for: babel-preset-current-node-syntax@1.2.0 want: ^7.8.3
3851 silly placeDep ROOT @babel/plugin-syntax-logical-assignment-operators@7.10.4 OK for: babel-preset-current-node-syntax@1.2.0 want: ^7.10.4
3852 silly placeDep ROOT @babel/plugin-syntax-nullish-coalescing-operator@7.8.3 OK for: babel-preset-current-node-syntax@1.2.0 want: ^7.8.3
3853 silly placeDep ROOT @babel/plugin-syntax-numeric-separator@7.10.4 OK for: babel-preset-current-node-syntax@1.2.0 want: ^7.10.4
3854 silly placeDep ROOT @babel/plugin-syntax-object-rest-spread@7.8.3 OK for: babel-preset-current-node-syntax@1.2.0 want: ^7.8.3
3855 silly placeDep ROOT @babel/plugin-syntax-optional-catch-binding@7.8.3 OK for: babel-preset-current-node-syntax@1.2.0 want: ^7.8.3
3856 silly placeDep ROOT @babel/plugin-syntax-optional-chaining@7.8.3 OK for: babel-preset-current-node-syntax@1.2.0 want: ^7.8.3
3857 silly placeDep ROOT @babel/plugin-syntax-private-property-in-object@7.14.5 OK for: babel-preset-current-node-syntax@1.2.0 want: ^7.14.5
3858 silly placeDep ROOT @babel/plugin-syntax-top-level-await@7.14.5 OK for: babel-preset-current-node-syntax@1.2.0 want: ^7.14.5
3859 silly placeDep ROOT is-wsl@2.2.0 OK for: chrome-launcher@0.15.2 want: ^2.2.0
3860 silly placeDep ROOT lighthouse-logger@1.4.2 OK for: chrome-launcher@0.15.2 want: ^1.0.0
3861 silly fetch manifest debug@^2.6.9
3862 silly packumentCache full:https://registry.npmjs.org/debug cache-hit
3863 silly fetch manifest marky@^1.2.2
3864 silly packumentCache full:https://registry.npmjs.org/marky cache-miss
3865 http fetch GET 200 https://registry.npmjs.org/marky 296ms (cache revalidated)
3866 silly packumentCache full:https://registry.npmjs.org/marky set size:45300 disposed:false
3867 silly placeDep ROOT mkdirp@1.0.4 OK for: chromium-edge-launcher@0.2.0 want: ^1.0.4
3868 silly placeDep ROOT rimraf@3.0.2 OK for: chromium-edge-launcher@0.2.0 want: ^3.0.2
3869 silly fetch manifest glob@^7.1.3
3870 silly packumentCache full:https://registry.npmjs.org/glob cache-hit
3871 silly placeDep ROOT is-docker@2.2.1 OK for: is-wsl@2.2.0 want: ^2.0.0
3872 silly placeDep ROOT istanbul-lib-coverage@3.2.2 OK for: istanbul-lib-instrument@5.2.1 want: ^3.2.0
3873 silly placeDep ROOT @jest/environment@29.7.0 OK for: jest-environment-node@29.7.0 want: ^29.7.0
3874 silly placeDep ROOT @jest/fake-timers@29.7.0 OK for: jest-environment-node@29.7.0 want: ^29.7.0
3875 silly placeDep ROOT jest-mock@29.7.0 OK for: jest-environment-node@29.7.0 want: ^29.7.0
3876 silly fetch manifest jest-message-util@^29.7.0
3877 silly packumentCache full:https://registry.npmjs.org/jest-message-util cache-miss
3878 silly fetch manifest @sinonjs/fake-timers@^10.0.2
3879 silly packumentCache full:https://registry.npmjs.org/@sinonjs%2ffake-timers cache-miss
3880 http fetch GET 200 https://registry.npmjs.org/jest-message-util 335ms (cache miss)
3881 silly packumentCache full:https://registry.npmjs.org/jest-message-util set size:undefined disposed:false
3882 http fetch GET 200 https://registry.npmjs.org/@sinonjs%2ffake-timers 343ms (cache miss)
3883 silly packumentCache full:https://registry.npmjs.org/@sinonjs%2ffake-timers set size:undefined disposed:false
3884 silly placeDep ROOT @sinonjs/fake-timers@10.3.0 OK for: @jest/fake-timers@29.7.0 want: ^10.0.2
3885 silly placeDep ROOT jest-message-util@29.7.0 OK for: @jest/fake-timers@29.7.0 want: ^29.7.0
3886 silly fetch manifest @sinonjs/commons@^3.0.0
3887 silly packumentCache full:https://registry.npmjs.org/@sinonjs%2fcommons cache-miss
3888 silly fetch manifest stack-utils@^2.0.3
3889 silly packumentCache full:https://registry.npmjs.org/stack-utils cache-miss
3890 silly fetch manifest @types/stack-utils@^2.0.0
3891 silly packumentCache full:https://registry.npmjs.org/@types%2fstack-utils cache-miss
3892 http fetch GET 200 https://registry.npmjs.org/@types%2fstack-utils 166ms (cache miss)
3893 silly packumentCache full:https://registry.npmjs.org/@types%2fstack-utils set size:undefined disposed:false
3894 http fetch GET 200 https://registry.npmjs.org/stack-utils 170ms (cache miss)
3895 silly packumentCache full:https://registry.npmjs.org/stack-utils set size:undefined disposed:false
3896 http fetch GET 200 https://registry.npmjs.org/@sinonjs%2fcommons 492ms (cache miss)
3897 silly packumentCache full:https://registry.npmjs.org/@sinonjs%2fcommons set size:undefined disposed:false
3898 silly placeDep ROOT @sinonjs/commons@3.0.1 OK for: @sinonjs/fake-timers@10.3.0 want: ^3.0.0
3899 silly fetch manifest type-detect@4.0.8
3900 silly packumentCache full:https://registry.npmjs.org/type-detect cache-miss
3901 http fetch GET 200 https://registry.npmjs.org/type-detect 157ms (cache miss)
3902 silly packumentCache full:https://registry.npmjs.org/type-detect set size:undefined disposed:false
3903 silly placeDep ROOT type-detect@4.0.8 OK for: @sinonjs/commons@3.0.1 want: 4.0.8
3904 silly placeDep ROOT @types/graceful-fs@4.1.9 OK for: jest-haste-map@29.7.0 want: ^4.1.3
3905 silly placeDep ROOT anymatch@3.1.3 OK for: jest-haste-map@29.7.0 want: ^3.0.3
3906 silly placeDep ROOT fsevents@2.3.3 OK for: jest-haste-map@29.7.0 want: ^2.3.2
3907 silly fetch manifest normalize-path@^3.0.0
3908 silly packumentCache full:https://registry.npmjs.org/normalize-path cache-miss
3909 http fetch GET 200 https://registry.npmjs.org/normalize-path 121ms (cache miss)
3910 silly packumentCache full:https://registry.npmjs.org/normalize-path set size:undefined disposed:false
3911 silly placeDep ROOT normalize-path@3.0.0 OK for: anymatch@3.1.3 want: ^3.0.0
3912 silly placeDep ROOT @types/stack-utils@2.0.3 OK for: jest-message-util@29.7.0 want: ^2.0.0
3913 silly placeDep ROOT stack-utils@2.0.6 OK for: jest-message-util@29.7.0 want: ^2.0.3
3914 silly fetch manifest escape-string-regexp@^2.0.0
3915 silly packumentCache full:https://registry.npmjs.org/escape-string-regexp cache-hit
3916 silly placeDep node_modules/lighthouse-logger debug@2.6.9 OK for: lighthouse-logger@1.4.2 want: ^2.6.9
3917 silly placeDep ROOT marky@1.3.0 OK for: lighthouse-logger@1.4.2 want: ^1.2.2
3918 silly placeDep ROOT asap@2.0.6 OK for: promise@8.3.0 want: ~2.0.6
3919 silly placeDep ROOT shell-quote@1.9.0 OK for: react-devtools-core@6.1.5 want: ^1.6.1
3920 silly placeDep ROOT @egjs/hammerjs@2.0.17 OK for: react-native-gesture-handler@2.28.0 want: ^2.0.17
3921 silly placeDep ROOT hoist-non-react-statics@3.3.2 OK for: react-native-gesture-handler@2.28.0 want: ^3.3.0
3922 silly fetch manifest @types/hammerjs@^2.0.36
3923 silly packumentCache full:https://registry.npmjs.org/@types%2fhammerjs cache-miss
3924 silly fetch manifest react-is@^16.7.0
3925 silly packumentCache full:https://registry.npmjs.org/react-is cache-miss
3926 http cache https://registry.npmjs.org/react-is 27ms (cache hit)
3927 silly packumentCache full:https://registry.npmjs.org/react-is set size:5473575 disposed:false
3928 http fetch GET 200 https://registry.npmjs.org/@types%2fhammerjs 474ms (cache revalidated)
3929 silly packumentCache full:https://registry.npmjs.org/@types%2fhammerjs set size:55893 disposed:false
3930 silly placeDep ROOT @types/hammerjs@2.0.46 OK for: @egjs/hammerjs@2.0.17 want: ^2.0.36
3931 silly placeDep node_modules/hoist-non-react-statics react-is@16.13.1 OK for: hoist-non-react-statics@3.3.2 want: ^16.7.0
3932 silly placeDep node_modules/react-native-reanimated semver@7.8.5 OK for: react-native-reanimated@4.1.7 want: ^7.7.2
3933 silly placeDep ROOT react-freeze@1.0.4 OK for: react-native-screens@4.16.0 want: ^1.0.0
3934 silly placeDep node_modules/react-native-web @react-native/normalize-colors@0.74.89 OK for: react-native-web@0.21.2 want: ^0.74.1
3935 silly placeDep ROOT fbjs@3.0.5 OK for: react-native-web@0.21.2 want: ^3.0.4
3936 silly placeDep ROOT inline-style-prefixer@7.0.1 OK for: react-native-web@0.21.2 want: ^7.0.1
3937 silly placeDep node_modules/react-native-web memoize-one@6.0.0 OK for: react-native-web@0.21.2 want: ^6.0.0
3938 silly placeDep ROOT postcss-value-parser@4.2.0 OK for: react-native-web@0.21.2 want: ^4.2.0
3939 silly placeDep ROOT styleq@0.1.3 OK for: react-native-web@0.21.2 want: ^0.1.3
3940 silly fetch manifest promise@^7.1.1
3941 silly packumentCache full:https://registry.npmjs.org/promise cache-hit
3942 silly fetch manifest cross-fetch@^3.1.5
3943 silly packumentCache full:https://registry.npmjs.org/cross-fetch cache-miss
3944 silly fetch manifest setimmediate@^1.0.5
3945 silly packumentCache full:https://registry.npmjs.org/setimmediate cache-miss
3946 silly fetch manifest ua-parser-js@^1.0.35
3947 silly packumentCache full:https://registry.npmjs.org/ua-parser-js cache-miss
3948 silly fetch manifest fbjs-css-vars@^1.0.0
3949 silly packumentCache full:https://registry.npmjs.org/fbjs-css-vars cache-miss
3950 silly fetch manifest css-in-js-utils@^3.1.0
3951 silly packumentCache full:https://registry.npmjs.org/css-in-js-utils cache-miss
3952 http fetch GET 200 https://registry.npmjs.org/setimmediate 111ms (cache revalidated)
3953 silly packumentCache full:https://registry.npmjs.org/setimmediate set size:17282 disposed:false
3954 http fetch GET 200 https://registry.npmjs.org/ua-parser-js 142ms (cache revalidated)
3955 silly packumentCache full:https://registry.npmjs.org/ua-parser-js set size:719507 disposed:false
3956 http fetch GET 200 https://registry.npmjs.org/cross-fetch 280ms (cache revalidated)
3957 silly packumentCache full:https://registry.npmjs.org/cross-fetch set size:156922 disposed:false
3958 http fetch GET 200 https://registry.npmjs.org/fbjs-css-vars 298ms (cache revalidated)
3959 silly packumentCache full:https://registry.npmjs.org/fbjs-css-vars set size:7161 disposed:false
3960 http fetch GET 200 https://registry.npmjs.org/css-in-js-utils 302ms (cache revalidated)
3961 silly packumentCache full:https://registry.npmjs.org/css-in-js-utils set size:42676 disposed:false
3962 silly placeDep ROOT cross-fetch@3.2.0 OK for: fbjs@3.0.5 want: ^3.1.5
3963 silly placeDep ROOT fbjs-css-vars@1.0.2 OK for: fbjs@3.0.5 want: ^1.0.0
3964 silly placeDep node_modules/fbjs promise@7.3.1 OK for: fbjs@3.0.5 want: ^7.1.1
3965 silly placeDep ROOT setimmediate@1.0.5 OK for: fbjs@3.0.5 want: ^1.0.5
3966 silly placeDep ROOT ua-parser-js@1.0.41 OK for: fbjs@3.0.5 want: ^1.0.35
3967 silly fetch manifest node-fetch@^2.7.0
3968 silly packumentCache full:https://registry.npmjs.org/node-fetch cache-miss
3969 http fetch GET 200 https://registry.npmjs.org/node-fetch 140ms (cache revalidated)
3970 silly packumentCache full:https://registry.npmjs.org/node-fetch set size:896010 disposed:false
3971 silly fetch manifest encoding@^0.1.0
3972 silly packumentCache full:https://registry.npmjs.org/encoding cache-miss
3973 http fetch GET 200 https://registry.npmjs.org/encoding 122ms (cache revalidated)
3974 silly packumentCache full:https://registry.npmjs.org/encoding set size:17833 disposed:false
3975 silly placeDep ROOT node-fetch@2.7.0 OK for: cross-fetch@3.2.0 want: ^2.7.0
3976 silly fetch manifest whatwg-url@^5.0.0
3977 silly packumentCache full:https://registry.npmjs.org/whatwg-url cache-miss
3978 http fetch GET 200 https://registry.npmjs.org/whatwg-url 136ms (cache revalidated)
3979 silly packumentCache full:https://registry.npmjs.org/whatwg-url set size:173624 disposed:false
3980 silly placeDep ROOT css-in-js-utils@3.1.0 OK for: inline-style-prefixer@7.0.1 want: ^3.1.0
3981 silly fetch manifest hyphenate-style-name@^1.0.3
3982 silly packumentCache full:https://registry.npmjs.org/hyphenate-style-name cache-miss
3983 http fetch GET 200 https://registry.npmjs.org/hyphenate-style-name 290ms (cache revalidated)
3984 silly packumentCache full:https://registry.npmjs.org/hyphenate-style-name set size:17078 disposed:false
3985 silly placeDep ROOT hyphenate-style-name@1.1.0 OK for: css-in-js-utils@3.1.0 want: ^1.0.3
3986 silly placeDep ROOT whatwg-url@5.0.0 OK for: node-fetch@2.7.0 want: ^5.0.0
3987 silly fetch manifest tr46@~0.0.3
3988 silly packumentCache full:https://registry.npmjs.org/tr46 cache-miss
3989 silly fetch manifest webidl-conversions@^3.0.0
3990 silly packumentCache full:https://registry.npmjs.org/webidl-conversions cache-hit
3991 http fetch GET 200 https://registry.npmjs.org/tr46 142ms (cache revalidated)
3992 silly packumentCache full:https://registry.npmjs.org/tr46 set size:47377 disposed:false
3993 silly placeDep ROOT @babel/plugin-transform-arrow-functions@7.29.7 OK for: react-native-worklets@0.5.1 want: ^7.0.0-0
3994 silly placeDep ROOT @babel/plugin-transform-class-properties@7.29.7 OK for: react-native-worklets@0.5.1 want: ^7.0.0-0
3995 silly placeDep ROOT @babel/plugin-transform-classes@7.29.7 OK for: react-native-worklets@0.5.1 want: ^7.0.0-0
3996 silly placeDep ROOT @babel/plugin-transform-nullish-coalescing-operator@7.29.7 OK for: react-native-worklets@0.5.1 want: ^7.0.0-0
3997 silly placeDep ROOT @babel/plugin-transform-optional-chaining@7.29.7 OK for: react-native-worklets@0.5.1 want: ^7.0.0-0
3998 silly placeDep ROOT @babel/plugin-transform-shorthand-properties@7.29.7 OK for: react-native-worklets@0.5.1 want: ^7.0.0-0
3999 silly placeDep ROOT @babel/plugin-transform-template-literals@7.29.7 OK for: react-native-worklets@0.5.1 want: ^7.0.0-0
4000 silly placeDep ROOT @babel/plugin-transform-unicode-regex@7.29.7 OK for: react-native-worklets@0.5.1 want: ^7.0.0-0
4001 silly placeDep ROOT @babel/preset-typescript@7.29.7 OK for: react-native-worklets@0.5.1 want: ^7.16.7
4002 silly placeDep node_modules/react-native-worklets semver@7.7.2 OK for: react-native-worklets@0.5.1 want: 7.7.2
4003 silly fetch manifest @babel/helper-create-class-features-plugin@^7.29.7
4004 silly packumentCache full:https://registry.npmjs.org/@babel%2fhelper-create-class-features-plugin cache-miss
4005 silly fetch manifest @babel/helper-replace-supers@^7.29.7
4006 silly packumentCache full:https://registry.npmjs.org/@babel%2fhelper-replace-supers cache-miss
4007 silly fetch manifest @babel/helper-annotate-as-pure@^7.29.7
4008 silly packumentCache full:https://registry.npmjs.org/@babel%2fhelper-annotate-as-pure cache-miss
4009 silly fetch manifest @babel/helper-skip-transparent-expression-wrappers@^7.29.7
4010 silly packumentCache full:https://registry.npmjs.org/@babel%2fhelper-skip-transparent-expression-wrappers cache-miss
4011 silly fetch manifest @babel/helper-create-regexp-features-plugin@^7.29.7
4012 silly packumentCache full:https://registry.npmjs.org/@babel%2fhelper-create-regexp-features-plugin cache-miss
4013 silly fetch manifest @babel/plugin-syntax-jsx@^7.29.7
4014 silly packumentCache full:https://registry.npmjs.org/@babel%2fplugin-syntax-jsx cache-miss
4015 silly fetch manifest @babel/plugin-transform-typescript@^7.29.7
4016 silly packumentCache full:https://registry.npmjs.org/@babel%2fplugin-transform-typescript cache-miss
4017 http fetch GET 200 https://registry.npmjs.org/@babel%2fhelper-create-class-features-plugin 164ms (cache revalidated)
4018 silly packumentCache full:https://registry.npmjs.org/@babel%2fhelper-create-class-features-plugin set size:382403 disposed:false
4019 http fetch GET 200 https://registry.npmjs.org/@babel%2fhelper-annotate-as-pure 177ms (cache revalidated)
4020 silly packumentCache full:https://registry.npmjs.org/@babel%2fhelper-annotate-as-pure set size:181560 disposed:false
4021 http fetch GET 200 https://registry.npmjs.org/@babel%2fhelper-skip-transparent-expression-wrappers 182ms (cache revalidated)
4022 silly packumentCache full:https://registry.npmjs.org/@babel%2fhelper-skip-transparent-expression-wrappers set size:105696 disposed:false
4023 http fetch GET 200 https://registry.npmjs.org/@babel%2fhelper-replace-supers 187ms (cache revalidated)
4024 silly packumentCache full:https://registry.npmjs.org/@babel%2fhelper-replace-supers set size:270231 disposed:false
4025 http fetch GET 200 https://registry.npmjs.org/@babel%2fplugin-transform-typescript 309ms (cache revalidated)
4026 silly packumentCache full:https://registry.npmjs.org/@babel%2fplugin-transform-typescript set size:402797 disposed:false
4027 http fetch GET 200 https://registry.npmjs.org/@babel%2fplugin-syntax-jsx 323ms (cache revalidated)
4028 silly packumentCache full:https://registry.npmjs.org/@babel%2fplugin-syntax-jsx set size:194952 disposed:false
4029 http fetch GET 200 https://registry.npmjs.org/@babel%2fhelper-create-regexp-features-plugin 466ms (cache revalidated)
4030 silly packumentCache full:https://registry.npmjs.org/@babel%2fhelper-create-regexp-features-plugin set size:189184 disposed:false
4031 silly placeDep ROOT @babel/helper-create-class-features-plugin@7.29.7 OK for: @babel/plugin-transform-class-properties@7.29.7 want: ^7.29.7
4032 silly fetch manifest @babel/helper-optimise-call-expression@^7.29.7
4033 silly packumentCache full:https://registry.npmjs.org/@babel%2fhelper-optimise-call-expression cache-miss
4034 silly fetch manifest @babel/helper-member-expression-to-functions@^7.29.7
4035 silly packumentCache full:https://registry.npmjs.org/@babel%2fhelper-member-expression-to-functions cache-miss
4036 http fetch GET 200 https://registry.npmjs.org/@babel%2fhelper-member-expression-to-functions 121ms (cache revalidated)
4037 silly packumentCache full:https://registry.npmjs.org/@babel%2fhelper-member-expression-to-functions set size:229230 disposed:false
4038 http fetch GET 200 https://registry.npmjs.org/@babel%2fhelper-optimise-call-expression 157ms (cache revalidated)
4039 silly packumentCache full:https://registry.npmjs.org/@babel%2fhelper-optimise-call-expression set size:193007 disposed:false
4040 silly placeDep ROOT @babel/helper-annotate-as-pure@7.29.7 OK for: @babel/helper-create-class-features-plugin@7.29.7 want: ^7.29.7
4041 silly placeDep ROOT @babel/helper-member-expression-to-functions@7.29.7 OK for: @babel/helper-create-class-features-plugin@7.29.7 want: ^7.29.7
4042 silly placeDep ROOT @babel/helper-optimise-call-expression@7.29.7 OK for: @babel/helper-create-class-features-plugin@7.29.7 want: ^7.29.7
4043 silly placeDep ROOT @babel/helper-replace-supers@7.29.7 OK for: @babel/helper-create-class-features-plugin@7.29.7 want: ^7.29.7
4044 silly placeDep ROOT @babel/helper-skip-transparent-expression-wrappers@7.29.7 OK for: @babel/helper-create-class-features-plugin@7.29.7 want: ^7.29.7
4045 silly placeDep ROOT @babel/helper-create-regexp-features-plugin@7.29.7 OK for: @babel/plugin-transform-unicode-regex@7.29.7 want: ^7.29.7
4046 silly fetch manifest regexpu-core@^6.3.1
4047 silly packumentCache full:https://registry.npmjs.org/regexpu-core cache-miss
4048 http fetch GET 200 https://registry.npmjs.org/regexpu-core 141ms (cache revalidated)
4049 silly packumentCache full:https://registry.npmjs.org/regexpu-core set size:156240 disposed:false
4050 silly placeDep ROOT regexpu-core@6.4.0 OK for: @babel/helper-create-regexp-features-plugin@7.29.7 want: ^6.3.1
4051 silly fetch manifest regenerate@^1.4.2
4052 silly packumentCache full:https://registry.npmjs.org/regenerate cache-miss
4053 silly fetch manifest regenerate-unicode-properties@^10.2.2
4054 silly packumentCache full:https://registry.npmjs.org/regenerate-unicode-properties cache-miss
4055 silly fetch manifest regjsgen@^0.8.0
4056 silly packumentCache full:https://registry.npmjs.org/regjsgen cache-miss
4057 silly fetch manifest regjsparser@^0.13.0
4058 silly packumentCache full:https://registry.npmjs.org/regjsparser cache-miss
4059 silly fetch manifest unicode-match-property-ecmascript@^2.0.0
4060 silly packumentCache full:https://registry.npmjs.org/unicode-match-property-ecmascript cache-miss
4061 silly fetch manifest unicode-match-property-value-ecmascript@^2.2.1
4062 silly packumentCache full:https://registry.npmjs.org/unicode-match-property-value-ecmascript cache-miss
4063 http fetch GET 200 https://registry.npmjs.org/unicode-match-property-value-ecmascript 145ms (cache revalidated)
4064 silly packumentCache full:https://registry.npmjs.org/unicode-match-property-value-ecmascript set size:26439 disposed:false
4065 http fetch GET 200 https://registry.npmjs.org/regjsparser 303ms (cache revalidated)
4066 silly packumentCache full:https://registry.npmjs.org/regjsparser set size:85785 disposed:false
4067 http fetch GET 200 https://registry.npmjs.org/regjsgen 310ms (cache revalidated)
4068 silly packumentCache full:https://registry.npmjs.org/regjsgen set size:26409 disposed:false
4069 http fetch GET 200 https://registry.npmjs.org/regenerate 312ms (cache revalidated)
4070 silly packumentCache full:https://registry.npmjs.org/regenerate set size:56872 disposed:false
4071 http fetch GET 200 https://registry.npmjs.org/unicode-match-property-ecmascript 316ms (cache revalidated)
4072 silly packumentCache full:https://registry.npmjs.org/unicode-match-property-ecmascript set size:16934 disposed:false
4073 http fetch GET 200 https://registry.npmjs.org/regenerate-unicode-properties 327ms (cache revalidated)
4074 silly packumentCache full:https://registry.npmjs.org/regenerate-unicode-properties set size:78166 disposed:false
4075 silly placeDep ROOT @babel/plugin-syntax-jsx@7.29.7 OK for: @babel/preset-typescript@7.29.7 want: ^7.29.7
4076 silly placeDep ROOT @babel/plugin-transform-typescript@7.29.7 OK for: @babel/preset-typescript@7.29.7 want: ^7.29.7
4077 silly fetch manifest @babel/plugin-syntax-typescript@^7.29.7
4078 silly packumentCache full:https://registry.npmjs.org/@babel%2fplugin-syntax-typescript cache-miss
4079 http fetch GET 200 https://registry.npmjs.org/@babel%2fplugin-syntax-typescript 148ms (cache revalidated)
4080 silly packumentCache full:https://registry.npmjs.org/@babel%2fplugin-syntax-typescript set size:221236 disposed:false
4081 silly placeDep ROOT @babel/plugin-syntax-typescript@7.29.7 OK for: @babel/plugin-transform-typescript@7.29.7 want: ^7.29.7
4082 silly placeDep ROOT regenerate@1.4.2 OK for: regexpu-core@6.4.0 want: ^1.4.2
4083 silly placeDep ROOT regenerate-unicode-properties@10.2.2 OK for: regexpu-core@6.4.0 want: ^10.2.2
4084 silly placeDep ROOT regjsgen@0.8.0 OK for: regexpu-core@6.4.0 want: ^0.8.0
4085 silly placeDep ROOT regjsparser@0.13.2 OK for: regexpu-core@6.4.0 want: ^0.13.0
4086 silly placeDep ROOT unicode-match-property-ecmascript@2.0.0 OK for: regexpu-core@6.4.0 want: ^2.0.0
4087 silly placeDep ROOT unicode-match-property-value-ecmascript@2.2.1 OK for: regexpu-core@6.4.0 want: ^2.2.1
4088 silly fetch manifest unicode-canonical-property-names-ecmascript@^2.0.0
4089 silly packumentCache full:https://registry.npmjs.org/unicode-canonical-property-names-ecmascript cache-miss
4090 silly fetch manifest unicode-property-aliases-ecmascript@^2.0.0
4091 silly packumentCache full:https://registry.npmjs.org/unicode-property-aliases-ecmascript cache-miss
4092 http fetch GET 200 https://registry.npmjs.org/unicode-property-aliases-ecmascript 304ms (cache revalidated)
4093 silly packumentCache full:https://registry.npmjs.org/unicode-property-aliases-ecmascript set size:28095 disposed:false
4094 http fetch GET 200 https://registry.npmjs.org/unicode-canonical-property-names-ecmascript 307ms (cache revalidated)
4095 silly packumentCache full:https://registry.npmjs.org/unicode-canonical-property-names-ecmascript set size:17227 disposed:false
4096 silly placeDep ROOT node-exports-info@1.6.2 OK for: resolve@2.0.0-next.7 want: ^1.6.0
4097 silly placeDep ROOT path-parse@1.0.7 OK for: resolve@2.0.0-next.7 want: ^1.0.7
4098 silly placeDep ROOT supports-preserve-symlinks-flag@1.0.0 OK for: resolve@2.0.0-next.7 want: ^1.0.0
4099 silly placeDep node_modules/rimraf glob@7.2.3 OK for: rimraf@3.0.2 want: ^7.1.3
4100 silly placeDep ROOT isarray@2.0.5 OK for: safe-array-concat@1.1.4 want: ^2.0.5
4101 silly placeDep node_modules/serve-static encodeurl@2.0.0 OK for: serve-static@1.16.3 want: ~2.0.0
4102 silly placeDep ROOT send@0.19.2 OK for: serve-static@1.16.3 want: ~0.19.1
4103 silly fetch manifest depd@2.0.0
4104 silly packumentCache full:https://registry.npmjs.org/depd cache-miss
4105 silly fetch manifest etag@~1.8.1
4106 silly packumentCache full:https://registry.npmjs.org/etag cache-miss
4107 silly fetch manifest mime@1.6.0
4108 silly packumentCache full:https://registry.npmjs.org/mime cache-miss
4109 silly fetch manifest fresh@~0.5.2
4110 silly packumentCache full:https://registry.npmjs.org/fresh cache-miss
4111 silly fetch manifest destroy@1.2.0
4112 silly packumentCache full:https://registry.npmjs.org/destroy cache-miss
4113 silly fetch manifest statuses@~2.0.2
4114 silly packumentCache full:https://registry.npmjs.org/statuses cache-hit
4115 silly fetch manifest http-errors@~2.0.1
4116 silly packumentCache full:https://registry.npmjs.org/http-errors cache-miss
4117 silly fetch manifest on-finished@~2.4.1
4118 silly packumentCache full:https://registry.npmjs.org/on-finished cache-hit
4119 silly fetch manifest range-parser@~1.2.1
4120 silly packumentCache full:https://registry.npmjs.org/range-parser cache-miss
4121 http fetch GET 200 https://registry.npmjs.org/fresh 119ms (cache revalidated)
4122 silly packumentCache full:https://registry.npmjs.org/fresh set size:25427 disposed:false
4123 http fetch GET 200 https://registry.npmjs.org/mime 142ms (cache revalidated)
4124 silly packumentCache full:https://registry.npmjs.org/mime set size:119236 disposed:false
4125 http fetch GET 200 https://registry.npmjs.org/depd 146ms (cache revalidated)
4126 silly packumentCache full:https://registry.npmjs.org/depd set size:40182 disposed:false
4127 http fetch GET 200 https://registry.npmjs.org/http-errors 146ms (cache revalidated)
4128 silly packumentCache full:https://registry.npmjs.org/http-errors set size:71987 disposed:false
4129 http fetch GET 200 https://registry.npmjs.org/range-parser 153ms (cache revalidated)
4130 silly packumentCache full:https://registry.npmjs.org/range-parser set size:24852 disposed:false
4131 http fetch GET 200 https://registry.npmjs.org/destroy 160ms (cache revalidated)
4132 silly packumentCache full:https://registry.npmjs.org/destroy set size:15738 disposed:false
4133 http fetch GET 200 https://registry.npmjs.org/etag 293ms (cache revalidated)
4134 silly packumentCache full:https://registry.npmjs.org/etag set size:30032 disposed:false
4135 silly placeDep node_modules/send debug@2.6.9 OK for: send@0.19.2 want: 2.6.9
4136 silly placeDep ROOT depd@2.0.0 OK for: send@0.19.2 want: 2.0.0
4137 silly placeDep ROOT destroy@1.2.0 OK for: send@0.19.2 want: 1.2.0
4138 silly placeDep node_modules/send encodeurl@2.0.0 OK for: send@0.19.2 want: ~2.0.0
4139 silly placeDep ROOT etag@1.8.1 OK for: send@0.19.2 want: ~1.8.1
4140 silly placeDep ROOT fresh@0.5.2 OK for: send@0.19.2 want: ~0.5.2
4141 silly placeDep ROOT http-errors@2.0.1 OK for: send@0.19.2 want: ~2.0.1
4142 silly placeDep ROOT mime@1.6.0 OK for: send@0.19.2 want: 1.6.0
4143 silly placeDep node_modules/send on-finished@2.4.1 OK for: send@0.19.2 want: ~2.4.1
4144 silly placeDep ROOT range-parser@1.2.1 OK for: send@0.19.2 want: ~1.2.1
4145 silly placeDep node_modules/send statuses@2.0.2 OK for: send@0.19.2 want: ~2.0.2
4146 silly fetch manifest setprototypeof@~1.2.0
4147 silly packumentCache full:https://registry.npmjs.org/setprototypeof cache-miss
4148 silly fetch manifest toidentifier@~1.0.1
4149 silly packumentCache full:https://registry.npmjs.org/toidentifier cache-miss
4150 http fetch GET 200 https://registry.npmjs.org/toidentifier 127ms (cache revalidated)
4151 silly packumentCache full:https://registry.npmjs.org/toidentifier set size:12006 disposed:false
4152 http fetch GET 200 https://registry.npmjs.org/setprototypeof 129ms (cache revalidated)
4153 silly packumentCache full:https://registry.npmjs.org/setprototypeof set size:14532 disposed:false
4154 silly placeDep ROOT setprototypeof@1.2.0 OK for: http-errors@2.0.1 want: ~1.2.0
4155 silly placeDep node_modules/http-errors statuses@2.0.2 OK for: http-errors@2.0.1 want: ~2.0.2
4156 silly placeDep ROOT toidentifier@1.0.1 OK for: http-errors@2.0.1 want: ~1.0.1
4157 silly placeDep ROOT shebang-regex@3.0.0 OK for: shebang-command@2.0.0 want: ^3.0.0
4158 silly placeDep ROOT side-channel-list@1.0.1 OK for: side-channel@1.1.1 want: ^1.0.1
4159 silly placeDep ROOT side-channel-map@1.0.1 OK for: side-channel@1.1.1 want: ^1.0.1
4160 silly placeDep ROOT side-channel-weakmap@1.0.2 OK for: side-channel@1.1.1 want: ^1.0.2
4161 silly placeDep ROOT is-arrayish@0.3.4 OK for: simple-swizzle@0.2.4 want: ^0.3.1
4162 silly placeDep node_modules/stack-utils escape-string-regexp@2.0.0 OK for: stack-utils@2.0.6 want: ^2.0.0
4163 silly placeDep ROOT type-fest@0.7.1 OK for: stacktrace-parser@0.1.11 want: ^0.7.1
4164 silly placeDep node_modules/sucrase commander@4.1.1 OK for: sucrase@3.35.1 want: ^4.0.0
4165 silly placeDep ROOT lines-and-columns@1.2.4 OK for: sucrase@3.35.1 want: ^1.1.6
4166 silly placeDep ROOT mz@2.7.0 OK for: sucrase@3.35.1 want: ^2.7.0
4167 silly placeDep ROOT ts-interface-checker@0.1.13 OK for: sucrase@3.35.1 want: ^0.1.9
4168 silly fetch manifest any-promise@^1.0.0
4169 silly packumentCache full:https://registry.npmjs.org/any-promise cache-miss
4170 silly fetch manifest thenify-all@^1.0.0
4171 silly packumentCache full:https://registry.npmjs.org/thenify-all cache-miss
4172 http fetch GET 200 https://registry.npmjs.org/thenify-all 183ms (cache revalidated)
4173 silly packumentCache full:https://registry.npmjs.org/thenify-all set size:18488 disposed:false
4174 http fetch GET 200 https://registry.npmjs.org/any-promise 186ms (cache revalidated)
4175 silly packumentCache full:https://registry.npmjs.org/any-promise set size:20233 disposed:false
4176 silly placeDep ROOT any-promise@1.3.0 OK for: mz@2.7.0 want: ^1.0.0
4177 silly placeDep ROOT thenify-all@1.6.0 OK for: mz@2.7.0 want: ^1.0.0
4178 silly fetch manifest thenify@>= 3.1.0 < 4
4179 silly packumentCache full:https://registry.npmjs.org/thenify cache-miss
4180 http fetch GET 200 https://registry.npmjs.org/thenify 169ms (cache revalidated)
4181 silly packumentCache full:https://registry.npmjs.org/thenify set size:21379 disposed:false
4182 silly placeDep ROOT has-flag@4.0.0 OK for: supports-color@7.2.0 want: ^4.0.0
4183 silly placeDep ROOT @jridgewell/source-map@0.3.11 OK for: terser@5.48.0 want: ^0.3.3
4184 silly placeDep node_modules/terser commander@2.20.3 OK for: terser@5.48.0 want: ^2.20.0
4185 silly placeDep ROOT source-map-support@0.5.21 OK for: terser@5.48.0 want: ~0.5.20
4186 silly fetch manifest buffer-from@^1.0.0
4187 silly packumentCache full:https://registry.npmjs.org/buffer-from cache-miss
4188 silly fetch manifest source-map@^0.6.0
4189 silly packumentCache full:https://registry.npmjs.org/source-map cache-hit
4190 http fetch GET 200 https://registry.npmjs.org/buffer-from 148ms (cache revalidated)
4191 silly packumentCache full:https://registry.npmjs.org/buffer-from set size:15463 disposed:false
4192 silly placeDep ROOT buffer-from@1.1.2 OK for: source-map-support@0.5.21 want: ^1.0.0
4193 silly placeDep node_modules/source-map-support source-map@0.6.1 OK for: source-map-support@0.5.21 want: ^0.6.0
4194 silly placeDep node_modules/test-exclude glob@7.2.3 OK for: test-exclude@6.0.0 want: ^7.1.4
4195 silly placeDep ROOT thenify@3.3.1 OK for: thenify-all@1.6.0 want: >= 3.1.0 < 4
4196 silly placeDep node_modules/tinyglobby fdir@6.5.0 OK for: tinyglobby@0.2.17 want: ^6.5.0
4197 silly placeDep node_modules/tinyglobby picomatch@4.0.5 OK for: fdir@6.5.0 want: ^3 || ^4
4198 silly placeDep ROOT is-number@7.0.0 OK for: to-regex-range@5.0.1 want: ^7.0.0
4199 silly placeDep ROOT @types/json5@0.0.29 OK for: tsconfig-paths@3.15.0 want: ^0.0.29
4200 silly placeDep node_modules/tsconfig-paths json5@1.0.2 OK for: tsconfig-paths@3.15.0 want: ^1.0.2
4201 silly placeDep ROOT minimist@1.2.8 OK for: tsconfig-paths@3.15.0 want: ^1.2.6
4202 silly placeDep ROOT strip-bom@3.0.0 OK for: tsconfig-paths@3.15.0 want: ^3.0.0
4203 silly fetch manifest minimist@^1.2.0
4204 silly packumentCache full:https://registry.npmjs.org/minimist cache-hit
4205 silly placeDep ROOT for-each@0.3.5 OK for: typed-array-byte-length@1.0.3 want: ^0.3.3
4206 silly placeDep ROOT reflect.getprototypeof@1.0.10 OK for: typed-array-byte-offset@1.0.4 want: ^1.0.9
4207 silly fetch manifest which-builtin-type@^1.2.1
4208 silly packumentCache full:https://registry.npmjs.org/which-builtin-type cache-miss
4209 http fetch GET 200 https://registry.npmjs.org/which-builtin-type 142ms (cache miss)
4210 silly packumentCache full:https://registry.npmjs.org/which-builtin-type set size:undefined disposed:false
4211 silly placeDep ROOT which-builtin-type@1.2.1 OK for: reflect.getprototypeof@1.0.10 want: ^1.2.1
4212 silly fetch manifest is-async-function@^2.0.0
4213 silly packumentCache full:https://registry.npmjs.org/is-async-function cache-miss
4214 silly fetch manifest is-finalizationregistry@^1.1.0
4215 silly packumentCache full:https://registry.npmjs.org/is-finalizationregistry cache-miss
4216 silly fetch manifest is-generator-function@^1.0.10
4217 silly packumentCache full:https://registry.npmjs.org/is-generator-function cache-miss
4218 silly fetch manifest which-boxed-primitive@^1.1.0
4219 silly packumentCache full:https://registry.npmjs.org/which-boxed-primitive cache-miss
4220 silly fetch manifest which-collection@^1.0.2
4221 silly packumentCache full:https://registry.npmjs.org/which-collection cache-miss
4222 http cache https://registry.npmjs.org/which-boxed-primitive 15ms (cache hit)
4223 silly packumentCache full:https://registry.npmjs.org/which-boxed-primitive set size:19407 disposed:false
4224 http fetch GET 200 https://registry.npmjs.org/is-finalizationregistry 113ms (cache miss)
4225 silly packumentCache full:https://registry.npmjs.org/is-finalizationregistry set size:undefined disposed:false
4226 http fetch GET 200 https://registry.npmjs.org/is-generator-function 168ms (cache miss)
4227 silly packumentCache full:https://registry.npmjs.org/is-generator-function set size:undefined disposed:false
4228 http fetch GET 200 https://registry.npmjs.org/which-collection 226ms (cache miss)
4229 silly packumentCache full:https://registry.npmjs.org/which-collection set size:undefined disposed:false
4230 http fetch GET 200 https://registry.npmjs.org/is-async-function 232ms (cache miss)
4231 silly packumentCache full:https://registry.npmjs.org/is-async-function set size:undefined disposed:false
4232 silly placeDep ROOT has-bigints@1.1.0 OK for: unbox-primitive@1.1.0 want: ^1.0.2
4233 silly placeDep ROOT which-boxed-primitive@1.1.1 OK for: unbox-primitive@1.1.0 want: ^1.1.1
4234 silly fetch manifest is-bigint@^1.1.0
4235 silly packumentCache full:https://registry.npmjs.org/is-bigint cache-miss
4236 silly fetch manifest is-boolean-object@^1.2.1
4237 silly packumentCache full:https://registry.npmjs.org/is-boolean-object cache-miss
4238 silly fetch manifest is-number-object@^1.1.1
4239 silly packumentCache full:https://registry.npmjs.org/is-number-object cache-miss
4240 http fetch GET 200 https://registry.npmjs.org/is-bigint 132ms (cache miss)
4241 silly packumentCache full:https://registry.npmjs.org/is-bigint set size:undefined disposed:false
4242 http fetch GET 200 https://registry.npmjs.org/is-boolean-object 144ms (cache miss)
4243 silly packumentCache full:https://registry.npmjs.org/is-boolean-object set size:undefined disposed:false
4244 http fetch GET 200 https://registry.npmjs.org/is-number-object 153ms (cache miss)
4245 silly packumentCache full:https://registry.npmjs.org/is-number-object set size:undefined disposed:false
4246 silly placeDep ROOT unicode-canonical-property-names-ecmascript@2.0.1 OK for: unicode-match-property-ecmascript@2.0.0 want: ^2.0.0
4247 silly placeDep ROOT unicode-property-aliases-ecmascript@2.2.0 OK for: unicode-match-property-ecmascript@2.0.0 want: ^2.0.0
4248 silly placeDep ROOT @unrs/resolver-binding-android-arm-eabi@1.12.2 OK for: unrs-resolver@1.12.2 want: 1.12.2
4249 silly placeDep ROOT @unrs/resolver-binding-android-arm64@1.12.2 OK for: unrs-resolver@1.12.2 want: 1.12.2
4250 silly placeDep ROOT @unrs/resolver-binding-darwin-arm64@1.12.2 OK for: unrs-resolver@1.12.2 want: 1.12.2
4251 silly placeDep ROOT @unrs/resolver-binding-darwin-x64@1.12.2 OK for: unrs-resolver@1.12.2 want: 1.12.2
4252 silly placeDep ROOT @unrs/resolver-binding-freebsd-x64@1.12.2 OK for: unrs-resolver@1.12.2 want: 1.12.2
4253 silly placeDep ROOT @unrs/resolver-binding-linux-arm-gnueabihf@1.12.2 OK for: unrs-resolver@1.12.2 want: 1.12.2
4254 silly placeDep ROOT @unrs/resolver-binding-linux-arm-musleabihf@1.12.2 OK for: unrs-resolver@1.12.2 want: 1.12.2
4255 silly placeDep ROOT @unrs/resolver-binding-linux-arm64-gnu@1.12.2 OK for: unrs-resolver@1.12.2 want: 1.12.2
4256 silly placeDep ROOT @unrs/resolver-binding-linux-arm64-musl@1.12.2 OK for: unrs-resolver@1.12.2 want: 1.12.2
4257 silly placeDep ROOT @unrs/resolver-binding-linux-loong64-gnu@1.12.2 OK for: unrs-resolver@1.12.2 want: 1.12.2
4258 silly placeDep ROOT @unrs/resolver-binding-linux-loong64-musl@1.12.2 OK for: unrs-resolver@1.12.2 want: 1.12.2
4259 silly placeDep ROOT @unrs/resolver-binding-linux-ppc64-gnu@1.12.2 OK for: unrs-resolver@1.12.2 want: 1.12.2
4260 silly placeDep ROOT @unrs/resolver-binding-linux-riscv64-gnu@1.12.2 OK for: unrs-resolver@1.12.2 want: 1.12.2
4261 silly placeDep ROOT @unrs/resolver-binding-linux-riscv64-musl@1.12.2 OK for: unrs-resolver@1.12.2 want: 1.12.2
4262 silly placeDep ROOT @unrs/resolver-binding-linux-s390x-gnu@1.12.2 OK for: unrs-resolver@1.12.2 want: 1.12.2
4263 silly placeDep ROOT @unrs/resolver-binding-linux-x64-gnu@1.12.2 OK for: unrs-resolver@1.12.2 want: 1.12.2
4264 silly placeDep ROOT @unrs/resolver-binding-linux-x64-musl@1.12.2 OK for: unrs-resolver@1.12.2 want: 1.12.2
4265 silly placeDep ROOT @unrs/resolver-binding-openharmony-arm64@1.12.2 OK for: unrs-resolver@1.12.2 want: 1.12.2
4266 silly placeDep ROOT @unrs/resolver-binding-wasm32-wasi@1.12.2 OK for: unrs-resolver@1.12.2 want: 1.12.2
4267 silly placeDep ROOT @unrs/resolver-binding-win32-arm64-msvc@1.12.2 OK for: unrs-resolver@1.12.2 want: 1.12.2
4268 silly placeDep ROOT @unrs/resolver-binding-win32-ia32-msvc@1.12.2 OK for: unrs-resolver@1.12.2 want: 1.12.2
4269 silly placeDep ROOT @unrs/resolver-binding-win32-x64-msvc@1.12.2 OK for: unrs-resolver@1.12.2 want: 1.12.2
4270 silly placeDep ROOT napi-postinstall@0.3.4 OK for: unrs-resolver@1.12.2 want: ^0.3.4
4271 silly fetch manifest @napi-rs/wasm-runtime@^1.1.4
4272 silly packumentCache full:https://registry.npmjs.org/@napi-rs%2fwasm-runtime cache-miss
4273 silly fetch manifest @emnapi/core@1.10.0
4274 silly packumentCache full:https://registry.npmjs.org/@emnapi%2fcore cache-miss
4275 silly fetch manifest @emnapi/runtime@1.10.0
4276 silly packumentCache full:https://registry.npmjs.org/@emnapi%2fruntime cache-miss
4277 http fetch GET 200 https://registry.npmjs.org/@emnapi%2fcore 125ms (cache miss)
4278 silly packumentCache full:https://registry.npmjs.org/@emnapi%2fcore set size:undefined disposed:false
4279 http fetch GET 200 https://registry.npmjs.org/@emnapi%2fruntime 160ms (cache miss)
4280 silly packumentCache full:https://registry.npmjs.org/@emnapi%2fruntime set size:undefined disposed:false
4281 http fetch GET 200 https://registry.npmjs.org/@napi-rs%2fwasm-runtime 164ms (cache miss)
4282 silly packumentCache full:https://registry.npmjs.org/@napi-rs%2fwasm-runtime set size:undefined disposed:false
4283 silly placeDep ROOT @emnapi/core@1.10.0 OK for: @unrs/resolver-binding-wasm32-wasi@1.12.2 want: 1.10.0
4284 silly placeDep ROOT @emnapi/runtime@1.10.0 OK for: @unrs/resolver-binding-wasm32-wasi@1.12.2 want: 1.10.0
4285 silly placeDep ROOT @napi-rs/wasm-runtime@1.1.6 OK for: @unrs/resolver-binding-wasm32-wasi@1.12.2 want: ^1.1.4
4286 silly fetch manifest tslib@^2.4.0
4287 silly packumentCache full:https://registry.npmjs.org/tslib cache-miss
4288 silly fetch manifest @emnapi/wasi-threads@1.2.1
4289 silly packumentCache full:https://registry.npmjs.org/@emnapi%2fwasi-threads cache-miss
4290 silly fetch manifest tslib@^2.4.0
4291 silly packumentCache full:https://registry.npmjs.org/tslib cache-miss
4292 silly fetch manifest @tybys/wasm-util@^0.10.3
4293 silly packumentCache full:https://registry.npmjs.org/@tybys%2fwasm-util cache-miss
4294 http fetch GET 200 https://registry.npmjs.org/tslib 150ms (cache revalidated)
4295 silly packumentCache full:https://registry.npmjs.org/tslib set size:108843 disposed:false
4296 http fetch GET 200 https://registry.npmjs.org/tslib 153ms (cache revalidated)
4297 silly packumentCache full:https://registry.npmjs.org/tslib set size:108843 disposed:false
4298 silly packumentCache full:https://registry.npmjs.org/tslib dispose
4299 http fetch GET 200 https://registry.npmjs.org/@tybys%2fwasm-util 162ms (cache miss)
4300 silly packumentCache full:https://registry.npmjs.org/@tybys%2fwasm-util set size:undefined disposed:false
4301 http fetch GET 200 https://registry.npmjs.org/@emnapi%2fwasi-threads 351ms (cache miss)
4302 silly packumentCache full:https://registry.npmjs.org/@emnapi%2fwasi-threads set size:undefined disposed:false
4303 silly placeDep ROOT @emnapi/wasi-threads@1.2.1 OK for: @emnapi/core@1.10.0 want: 1.2.1
4304 silly placeDep ROOT tslib@2.8.1 OK for: @emnapi/core@1.10.0 want: ^2.4.0
4305 silly placeDep ROOT @tybys/wasm-util@0.10.3 OK for: @napi-rs/wasm-runtime@1.1.6 want: ^0.10.3
4306 silly placeDep ROOT escalade@3.2.0 OK for: update-browserslist-db@1.2.3 want: ^3.2.0
4307 silly placeDep ROOT punycode@2.3.1 OK for: uri-js@4.4.1 want: ^2.1.0
4308 silly fetch manifest react@^16.8 || ^17.0 || ^18.0 || ^19.0.0 || ^19.0.0-rc
4309 silly packumentCache full:https://registry.npmjs.org/react cache-miss
4310 http cache https://registry.npmjs.org/react 29ms (cache hit)
4311 silly packumentCache full:https://registry.npmjs.org/react set size:6765208 disposed:false
4312 silly fetch manifest react-dom@^16.8 || ^17.0 || ^18.0 || ^19.0.0 || ^19.0.0-rc
4313 silly packumentCache full:https://registry.npmjs.org/react-dom cache-miss
4314 http cache https://registry.npmjs.org/react-dom 37ms (cache hit)
4315 silly packumentCache full:https://registry.npmjs.org/react-dom set size:9055010 disposed:false
4316 silly placeDep node_modules/vaul @radix-ui/react-dialog@1.1.18 OK for: vaul@1.1.2 want: ^1.1.1
4317 silly fetch manifest aria-hidden@^1.2.4
4318 silly packumentCache full:https://registry.npmjs.org/aria-hidden cache-miss
4319 silly fetch manifest react-remove-scroll@^2.7.2
4320 silly packumentCache full:https://registry.npmjs.org/react-remove-scroll cache-miss
4321 silly fetch manifest @radix-ui/react-slot@1.3.0
4322 silly packumentCache full:https://registry.npmjs.org/@radix-ui%2freact-slot cache-hit
4323 silly fetch manifest @radix-ui/react-portal@1.1.13
4324 silly packumentCache full:https://registry.npmjs.org/@radix-ui%2freact-portal cache-miss
4325 silly fetch manifest @radix-ui/react-focus-scope@1.1.11
4326 silly packumentCache full:https://registry.npmjs.org/@radix-ui%2freact-focus-scope cache-miss
4327 silly fetch manifest @radix-ui/react-compose-refs@1.1.3
4328 silly packumentCache full:https://registry.npmjs.org/@radix-ui%2freact-compose-refs cache-hit
4329 silly fetch manifest @radix-ui/react-focus-guards@1.1.4
4330 silly packumentCache full:https://registry.npmjs.org/@radix-ui%2freact-focus-guards cache-miss
4331 silly fetch manifest @radix-ui/react-dismissable-layer@1.1.14
4332 silly packumentCache full:https://registry.npmjs.org/@radix-ui%2freact-dismissable-layer cache-miss
4333 http fetch GET 200 https://registry.npmjs.org/@radix-ui%2freact-focus-guards 170ms (cache revalidated)
4334 silly packumentCache full:https://registry.npmjs.org/@radix-ui%2freact-focus-guards set size:312640 disposed:false
4335 http fetch GET 200 https://registry.npmjs.org/react-remove-scroll 182ms (cache revalidated)
4336 silly packumentCache full:https://registry.npmjs.org/react-remove-scroll set size:147112 disposed:false
4337 http fetch GET 200 https://registry.npmjs.org/aria-hidden 188ms (cache revalidated)
4338 silly packumentCache full:https://registry.npmjs.org/aria-hidden set size:40391 disposed:false
4339 http fetch GET 200 https://registry.npmjs.org/@radix-ui%2freact-focus-scope 375ms (cache revalidated)
4340 silly packumentCache full:https://registry.npmjs.org/@radix-ui%2freact-focus-scope set size:753794 disposed:false
4341 http fetch GET 200 https://registry.npmjs.org/@radix-ui%2freact-dismissable-layer 382ms (cache revalidated)
4342 silly packumentCache full:https://registry.npmjs.org/@radix-ui%2freact-dismissable-layer set size:922290 disposed:false
4343 http fetch GET 200 https://registry.npmjs.org/@radix-ui%2freact-portal 632ms (cache revalidated)
4344 silly packumentCache full:https://registry.npmjs.org/@radix-ui%2freact-portal set size:766658 disposed:false
4345 silly placeDep ROOT makeerror@1.0.12 OK for: walker@1.0.8 want: 1.0.12
4346 silly fetch manifest tmpl@1.0.5
4347 silly packumentCache full:https://registry.npmjs.org/tmpl cache-miss
4348 http fetch GET 200 https://registry.npmjs.org/tmpl 148ms (cache revalidated)
4349 silly packumentCache full:https://registry.npmjs.org/tmpl set size:7979 disposed:false
4350 silly placeDep ROOT tmpl@1.0.5 OK for: makeerror@1.0.12 want: 1.0.5
4351 silly placeDep ROOT tr46@0.0.3 OK for: whatwg-url@5.0.0 want: ~0.0.3
4352 silly placeDep ROOT webidl-conversions@3.0.1 OK for: whatwg-url@5.0.0 want: ^3.0.0
4353 silly placeDep ROOT buffer@5.7.1 OK for: whatwg-url-without-unicode@8.0.0-3 want: ^5.4.3
4354 silly placeDep node_modules/whatwg-url-without-unicode webidl-conversions@5.0.0 OK for: whatwg-url-without-unicode@8.0.0-3 want: ^5.0.0
4355 silly fetch manifest ieee754@^1.1.13
4356 silly packumentCache full:https://registry.npmjs.org/ieee754 cache-miss
4357 http fetch GET 200 https://registry.npmjs.org/ieee754 149ms (cache miss)
4358 silly packumentCache full:https://registry.npmjs.org/ieee754 set size:undefined disposed:false
4359 silly placeDep ROOT ieee754@1.2.1 OK for: buffer@5.7.1 want: ^1.1.13
4360 silly placeDep ROOT isexe@2.0.0 OK for: which@2.0.2 want: ^2.0.0
4361 silly placeDep ROOT is-bigint@1.1.0 OK for: which-boxed-primitive@1.1.1 want: ^1.1.0
4362 silly placeDep ROOT is-boolean-object@1.2.2 OK for: which-boxed-primitive@1.1.1 want: ^1.2.1
4363 silly placeDep ROOT is-number-object@1.1.1 OK for: which-boxed-primitive@1.1.1 want: ^1.1.1
4364 silly placeDep ROOT is-async-function@2.1.1 OK for: which-builtin-type@1.2.1 want: ^2.0.0
4365 silly placeDep ROOT is-finalizationregistry@1.1.1 OK for: which-builtin-type@1.2.1 want: ^1.1.0
4366 silly placeDep ROOT is-generator-function@1.1.2 OK for: which-builtin-type@1.2.1 want: ^1.0.10
4367 silly placeDep ROOT which-collection@1.0.2 OK for: which-builtin-type@1.2.1 want: ^1.0.2
4368 silly fetch manifest async-function@^1.0.0
4369 silly packumentCache full:https://registry.npmjs.org/async-function cache-miss
4370 silly fetch manifest generator-function@^2.0.0
4371 silly packumentCache full:https://registry.npmjs.org/generator-function cache-miss
4372 silly fetch manifest is-map@^2.0.3
4373 silly packumentCache full:https://registry.npmjs.org/is-map cache-miss
4374 silly fetch manifest is-weakmap@^2.0.2
4375 silly packumentCache full:https://registry.npmjs.org/is-weakmap cache-miss
4376 silly fetch manifest is-weakset@^2.0.3
4377 silly packumentCache full:https://registry.npmjs.org/is-weakset cache-miss
4378 http fetch GET 200 https://registry.npmjs.org/async-function 113ms (cache miss)
4379 silly packumentCache full:https://registry.npmjs.org/async-function set size:undefined disposed:false
4380 http fetch GET 200 https://registry.npmjs.org/is-map 128ms (cache miss)
4381 silly packumentCache full:https://registry.npmjs.org/is-map set size:undefined disposed:false
4382 http fetch GET 200 https://registry.npmjs.org/is-weakmap 134ms (cache miss)
4383 silly packumentCache full:https://registry.npmjs.org/is-weakmap set size:undefined disposed:false
4384 http fetch GET 200 https://registry.npmjs.org/generator-function 146ms (cache miss)
4385 silly packumentCache full:https://registry.npmjs.org/generator-function set size:undefined disposed:false
4386 http fetch GET 200 https://registry.npmjs.org/is-weakset 173ms (cache miss)
4387 silly packumentCache full:https://registry.npmjs.org/is-weakset set size:undefined disposed:false
4388 silly placeDep ROOT async-function@1.0.0 OK for: is-async-function@2.1.1 want: ^1.0.0
4389 silly placeDep ROOT generator-function@2.0.1 OK for: is-generator-function@1.1.2 want: ^2.0.0
4390 silly placeDep ROOT is-map@2.0.3 OK for: which-collection@1.0.2 want: ^2.0.3
4391 silly placeDep ROOT is-weakmap@2.0.2 OK for: which-collection@1.0.2 want: ^2.0.2
4392 silly placeDep ROOT is-weakset@2.0.4 OK for: which-collection@1.0.2 want: ^2.0.3
4393 silly placeDep ROOT signal-exit@3.0.7 OK for: write-file-atomic@4.0.2 want: ^3.0.7
4394 silly placeDep ROOT simple-plist@1.3.1 OK for: xcode@3.0.1 want: ^1.1.0
4395 silly placeDep ROOT uuid@7.0.3 OK for: xcode@3.0.1 want: ^7.0.3
4396 silly fetch manifest bplist-parser@0.3.1
4397 silly packumentCache full:https://registry.npmjs.org/bplist-parser cache-hit
4398 silly fetch manifest plist@^3.0.5
4399 silly packumentCache full:https://registry.npmjs.org/plist cache-miss
4400 http fetch GET 200 https://registry.npmjs.org/plist 283ms (cache revalidated)
4401 silly packumentCache full:https://registry.npmjs.org/plist set size:60755 disposed:false
4402 silly placeDep ROOT bplist-creator@0.1.0 OK for: simple-plist@1.3.1 want: 0.1.0
4403 silly placeDep ROOT bplist-parser@0.3.1 OK for: simple-plist@1.3.1 want: 0.3.1
4404 silly placeDep ROOT plist@3.1.1 OK for: simple-plist@1.3.1 want: ^3.0.5
4405 silly fetch manifest stream-buffers@2.2.x
4406 silly packumentCache full:https://registry.npmjs.org/stream-buffers cache-miss
4407 silly fetch manifest big-integer@1.6.x
4408 silly packumentCache full:https://registry.npmjs.org/big-integer cache-miss
4409 silly fetch manifest @xmldom/xmldom@^0.9.10
4410 silly packumentCache full:https://registry.npmjs.org/@xmldom%2fxmldom cache-hit
4411 http fetch GET 200 https://registry.npmjs.org/big-integer 116ms (cache revalidated)
4412 silly packumentCache full:https://registry.npmjs.org/big-integer set size:205433 disposed:false
4413 http fetch GET 200 https://registry.npmjs.org/stream-buffers 134ms (cache revalidated)
4414 silly packumentCache full:https://registry.npmjs.org/stream-buffers set size:32945 disposed:false
4415 silly placeDep ROOT stream-buffers@2.2.0 OK for: bplist-creator@0.1.0 want: 2.2.x
4416 silly placeDep ROOT big-integer@1.6.52 OK for: bplist-parser@0.3.1 want: 1.6.x
4417 silly placeDep node_modules/plist @xmldom/xmldom@0.9.10 OK for: plist@3.1.1 want: ^0.9.10
4418 silly placeDep ROOT sax@1.6.0 OK for: xml2js@0.6.0 want: >=0.6.0
4419 silly placeDep node_modules/xml2js xmlbuilder@11.0.1 OK for: xml2js@0.6.0 want: ~11.0.0
4420 silly placeDep ROOT cliui@8.0.1 OK for: yargs@17.7.3 want: ^8.0.1
4421 silly placeDep ROOT get-caller-file@2.0.5 OK for: yargs@17.7.3 want: ^2.0.5
4422 silly placeDep ROOT require-directory@2.1.1 OK for: yargs@17.7.3 want: ^2.1.1
4423 silly placeDep ROOT string-width@4.2.3 OK for: yargs@17.7.3 want: ^4.2.3
4424 silly placeDep ROOT y18n@5.0.8 OK for: yargs@17.7.3 want: ^5.0.5
4425 silly placeDep ROOT yargs-parser@21.1.1 OK for: yargs@17.7.3 want: ^21.1.1
4426 silly fetch manifest strip-ansi@^6.0.1
4427 silly packumentCache full:https://registry.npmjs.org/strip-ansi cache-miss
4428 silly fetch manifest string-width@^4.2.0
4429 silly packumentCache full:https://registry.npmjs.org/string-width cache-hit
4430 silly fetch manifest strip-ansi@^6.0.1
4431 silly packumentCache full:https://registry.npmjs.org/strip-ansi cache-miss
4432 silly fetch manifest emoji-regex@^8.0.0
4433 silly packumentCache full:https://registry.npmjs.org/emoji-regex cache-miss
4434 silly fetch manifest is-fullwidth-code-point@^3.0.0
4435 silly packumentCache full:https://registry.npmjs.org/is-fullwidth-code-point cache-miss
4436 http fetch GET 200 https://registry.npmjs.org/strip-ansi 124ms (cache revalidated)
4437 silly packumentCache full:https://registry.npmjs.org/strip-ansi set size:44998 disposed:false
4438 http fetch GET 200 https://registry.npmjs.org/emoji-regex 135ms (cache revalidated)
4439 silly packumentCache full:https://registry.npmjs.org/emoji-regex set size:89064 disposed:false
4440 http fetch GET 200 https://registry.npmjs.org/strip-ansi 139ms (cache revalidated)
4441 silly packumentCache full:https://registry.npmjs.org/strip-ansi set size:44998 disposed:false
4442 silly packumentCache full:https://registry.npmjs.org/strip-ansi dispose
4443 http fetch GET 200 https://registry.npmjs.org/is-fullwidth-code-point 142ms (cache revalidated)
4444 silly packumentCache full:https://registry.npmjs.org/is-fullwidth-code-point set size:14578 disposed:false
4445 silly placeDep ROOT strip-ansi@6.0.1 OK for: cliui@8.0.1 want: ^6.0.1
4446 silly placeDep ROOT wrap-ansi@7.0.0 OK for: cliui@8.0.1 want: ^7.0.0
4447 silly placeDep ROOT emoji-regex@8.0.0 OK for: string-width@4.2.3 want: ^8.0.0
4448 silly placeDep ROOT is-fullwidth-code-point@3.0.0 OK for: string-width@4.2.3 want: ^3.0.0
4449 silly placeDep node_modules/@expo/config-plugins @babel/code-frame@7.10.4 OK for: @expo/json-file@10.0.16 want: ~7.10.4
4450 silly placeDep ROOT @babel/highlight@7.25.9 OK for: @babel/code-frame@7.10.4 want: ^7.10.4
4451 silly fetch manifest chalk@^2.4.2
4452 silly packumentCache full:https://registry.npmjs.org/chalk cache-hit
4453 silly placeDep node_modules/@babel/highlight chalk@2.4.2 OK for: @babel/highlight@7.25.9 want: ^2.4.2
4454 silly fetch manifest ansi-styles@^3.2.1
4455 silly packumentCache full:https://registry.npmjs.org/ansi-styles cache-hit
4456 silly fetch manifest supports-color@^5.3.0
4457 silly packumentCache full:https://registry.npmjs.org/supports-color cache-hit
4458 silly fetch manifest escape-string-regexp@^1.0.5
4459 silly packumentCache full:https://registry.npmjs.org/escape-string-regexp cache-hit
4460 silly placeDep node_modules/@babel/highlight ansi-styles@3.2.1 OK for: chalk@2.4.2 want: ^3.2.1
4461 silly placeDep node_modules/@babel/highlight escape-string-regexp@1.0.5 OK for: chalk@2.4.2 want: ^1.0.5
4462 silly placeDep node_modules/@babel/highlight supports-color@5.5.0 OK for: chalk@2.4.2 want: ^5.3.0
4463 silly fetch manifest color-convert@^1.9.0
4464 silly packumentCache full:https://registry.npmjs.org/color-convert cache-hit
4465 silly fetch manifest has-flag@^3.0.0
4466 silly packumentCache full:https://registry.npmjs.org/has-flag cache-hit
4467 silly placeDep node_modules/@babel/highlight color-convert@1.9.3 OK for: ansi-styles@3.2.1 want: ^1.9.0
4468 silly fetch manifest color-name@1.1.3
4469 silly packumentCache full:https://registry.npmjs.org/color-name cache-hit
4470 silly placeDep node_modules/@babel/highlight color-name@1.1.3 OK for: color-convert@1.9.3 want: 1.1.3
4471 silly placeDep node_modules/@babel/highlight has-flag@3.0.0 OK for: supports-color@5.5.0 want: ^3.0.0
4472 silly placeDep node_modules/@expo/fingerprint brace-expansion@5.0.7 OK for: minimatch@10.2.5 want: ^5.0.5
4473 silly fetch manifest balanced-match@^4.0.2
4474 silly packumentCache full:https://registry.npmjs.org/balanced-match cache-hit
4475 silly placeDep node_modules/@expo/fingerprint balanced-match@4.0.4 OK for: brace-expansion@5.0.7 want: ^4.0.2
4476 silly placeDep node_modules/@istanbuljs/load-nyc-config locate-path@5.0.0 OK for: find-up@4.1.0 want: ^5.0.0
4477 silly fetch manifest p-locate@^4.1.0
4478 silly packumentCache full:https://registry.npmjs.org/p-locate cache-hit
4479 silly placeDep node_modules/@istanbuljs/load-nyc-config argparse@1.0.10 OK for: js-yaml@3.15.0 want: ^1.0.7
4480 silly placeDep ROOT esprima@4.0.1 OK for: js-yaml@3.15.0 want: ^4.0.0
4481 silly fetch manifest sprintf-js@~1.0.2
4482 silly packumentCache full:https://registry.npmjs.org/sprintf-js cache-miss
4483 http fetch GET 200 https://registry.npmjs.org/sprintf-js 180ms (cache revalidated)
4484 silly packumentCache full:https://registry.npmjs.org/sprintf-js set size:20495 disposed:false
4485 silly placeDep ROOT sprintf-js@1.0.3 OK for: argparse@1.0.10 want: ~1.0.2
4486 silly placeDep node_modules/@istanbuljs/load-nyc-config p-locate@4.1.0 OK for: locate-path@5.0.0 want: ^4.1.0
4487 silly fetch manifest p-limit@^2.2.0
4488 silly packumentCache full:https://registry.npmjs.org/p-limit cache-hit
4489 silly placeDep node_modules/@istanbuljs/load-nyc-config p-limit@2.3.0 OK for: p-locate@4.1.0 want: ^2.2.0
4490 silly fetch manifest p-try@^2.0.0
4491 silly packumentCache full:https://registry.npmjs.org/p-try cache-miss
4492 http fetch GET 200 https://registry.npmjs.org/p-try 301ms (cache revalidated)
4493 silly packumentCache full:https://registry.npmjs.org/p-try set size:13014 disposed:false
4494 silly placeDep ROOT p-try@2.2.0 OK for: p-limit@2.3.0 want: ^2.0.0
4495 silly placeDep ROOT fs.realpath@1.0.0 OK for: glob@7.2.3 want: ^1.0.0
4496 silly placeDep ROOT inflight@1.0.6 OK for: glob@7.2.3 want: ^1.0.4
4497 silly placeDep ROOT once@1.4.0 OK for: glob@7.2.3 want: ^1.3.0
4498 silly placeDep ROOT path-is-absolute@1.0.1 OK for: glob@7.2.3 want: ^1.0.0
4499 silly fetch manifest wrappy@1
4500 silly packumentCache full:https://registry.npmjs.org/wrappy cache-miss
4501 silly fetch manifest wrappy@1
4502 silly packumentCache full:https://registry.npmjs.org/wrappy cache-miss
4503 http fetch GET 200 https://registry.npmjs.org/wrappy 137ms (cache revalidated)
4504 silly packumentCache full:https://registry.npmjs.org/wrappy set size:7682 disposed:false
4505 http fetch GET 200 https://registry.npmjs.org/wrappy 154ms (cache revalidated)
4506 silly packumentCache full:https://registry.npmjs.org/wrappy set size:7682 disposed:false
4507 silly packumentCache full:https://registry.npmjs.org/wrappy dispose
4508 silly placeDep ROOT wrappy@1.0.2 OK for: inflight@1.0.6 want: 1
4509 silly placeDep node_modules/@react-native/codegen hermes-estree@0.29.1 OK for: hermes-parser@0.29.1 want: 0.29.1
4510 silly placeDep ROOT async-limiter@1.0.1 OK for: ws@6.2.4 want: ~1.0.0
4511 silly placeDep node_modules/@typescript-eslint/typescript-estree brace-expansion@5.0.7 OK for: minimatch@10.2.5 want: ^5.0.5
4512 silly placeDep node_modules/@typescript-eslint/typescript-estree balanced-match@4.0.4 OK for: brace-expansion@5.0.7 want: ^4.0.2
4513 silly placeDep node_modules/babel-plugin-syntax-hermes-parser hermes-estree@0.29.1 OK for: hermes-parser@0.29.1 want: 0.29.1
4514 silly placeDep node_modules/connect ms@2.0.0 OK for: debug@2.6.9 want: 2.0.0
4515 silly fetch manifest react-dom@^16.8 || ^17.0 || ^18.0 || ^19.0 || ^19.0.0-rc
4516 silly packumentCache full:https://registry.npmjs.org/react-dom cache-miss
4517 http cache https://registry.npmjs.org/react-dom 40ms (cache hit)
4518 silly packumentCache full:https://registry.npmjs.org/react-dom set size:9055010 disposed:false
4519 silly placeDep ROOT @radix-ui/primitive@1.1.4 OK for: @radix-ui/react-tabs@1.1.16 want: 1.1.4
4520 silly placeDep ROOT @radix-ui/react-context@1.1.4 OK for: @radix-ui/react-tabs@1.1.16 want: 1.1.4
4521 silly placeDep ROOT @radix-ui/react-direction@1.1.2 OK for: @radix-ui/react-tabs@1.1.16 want: 1.1.2
4522 silly placeDep ROOT @radix-ui/react-id@1.1.2 OK for: @radix-ui/react-tabs@1.1.16 want: 1.1.2
4523 silly placeDep node_modules/expo-router @radix-ui/react-presence@1.1.6 OK for: @radix-ui/react-tabs@1.1.16 want: 1.1.6
4524 silly placeDep node_modules/expo-router @radix-ui/react-primitive@2.1.7 OK for: @radix-ui/react-tabs@1.1.16 want: 2.1.7
4525 silly placeDep node_modules/expo-router @radix-ui/react-roving-focus@1.1.14 OK for: @radix-ui/react-tabs@1.1.16 want: 1.1.14
4526 silly placeDep ROOT @radix-ui/react-use-controllable-state@1.2.3 OK for: @radix-ui/react-tabs@1.1.16 want: 1.2.3
4527 silly fetch manifest @radix-ui/react-use-layout-effect@1.1.2
4528 silly packumentCache full:https://registry.npmjs.org/@radix-ui%2freact-use-layout-effect cache-miss
4529 silly fetch manifest @radix-ui/react-use-layout-effect@1.1.2
4530 silly packumentCache full:https://registry.npmjs.org/@radix-ui%2freact-use-layout-effect cache-miss
4531 silly fetch manifest @radix-ui/react-collection@1.1.11
4532 silly packumentCache full:https://registry.npmjs.org/@radix-ui%2freact-collection cache-miss
4533 silly fetch manifest @radix-ui/react-use-callback-ref@1.1.2
4534 silly packumentCache full:https://registry.npmjs.org/@radix-ui%2freact-use-callback-ref cache-miss
4535 silly fetch manifest @radix-ui/react-use-effect-event@0.0.3
4536 silly packumentCache full:https://registry.npmjs.org/@radix-ui%2freact-use-effect-event cache-miss
4537 silly fetch manifest @radix-ui/react-use-layout-effect@1.1.2
4538 silly packumentCache full:https://registry.npmjs.org/@radix-ui%2freact-use-layout-effect cache-miss
4539 http fetch GET 200 https://registry.npmjs.org/@radix-ui%2freact-use-layout-effect 146ms (cache revalidated)
4540 silly packumentCache full:https://registry.npmjs.org/@radix-ui%2freact-use-layout-effect set size:241967 disposed:false
4541 http fetch GET 200 https://registry.npmjs.org/@radix-ui%2freact-use-layout-effect 162ms (cache revalidated)
4542 silly packumentCache full:https://registry.npmjs.org/@radix-ui%2freact-use-layout-effect set size:241967 disposed:false
4543 silly packumentCache full:https://registry.npmjs.org/@radix-ui%2freact-use-layout-effect dispose
4544 http fetch GET 200 https://registry.npmjs.org/@radix-ui%2freact-use-layout-effect 179ms (cache revalidated)
4545 silly packumentCache full:https://registry.npmjs.org/@radix-ui%2freact-use-layout-effect set size:241967 disposed:true
4546 silly packumentCache full:https://registry.npmjs.org/@radix-ui%2freact-use-layout-effect dispose
4547 http fetch GET 200 https://registry.npmjs.org/@radix-ui%2freact-use-effect-event 241ms (cache revalidated)
4548 silly packumentCache full:https://registry.npmjs.org/@radix-ui%2freact-use-effect-event set size:53024 disposed:false
4549 http fetch GET 200 https://registry.npmjs.org/@radix-ui%2freact-use-callback-ref 428ms (cache revalidated)
4550 silly packumentCache full:https://registry.npmjs.org/@radix-ui%2freact-use-callback-ref set size:241487 disposed:false
4551 http fetch GET 200 https://registry.npmjs.org/@radix-ui%2freact-collection 587ms (cache revalidated)
4552 silly packumentCache full:https://registry.npmjs.org/@radix-ui%2freact-collection set size:769914 disposed:false
4553 silly placeDep ROOT @radix-ui/react-use-layout-effect@1.1.2 OK for: @radix-ui/react-id@1.1.2 want: 1.1.2
4554 silly placeDep ROOT @radix-ui/react-use-effect-event@0.0.3 OK for: @radix-ui/react-use-controllable-state@1.2.3 want: 0.0.3
4555 silly placeDep node_modules/expo-router/node_modules/@radix-ui/react-primitive @radix-ui/react-slot@1.3.0 OK for: @radix-ui/react-primitive@2.1.7 want: 1.3.0
4556 silly placeDep node_modules/expo-router @radix-ui/react-collection@1.1.11 OK for: @radix-ui/react-roving-focus@1.1.14 want: 1.1.11
4557 silly placeDep node_modules/expo-router @radix-ui/react-compose-refs@1.1.3 OK for: @radix-ui/react-roving-focus@1.1.14 want: 1.1.3
4558 silly placeDep ROOT @radix-ui/react-use-callback-ref@1.1.2 OK for: @radix-ui/react-roving-focus@1.1.14 want: 1.1.2
4559 silly placeDep node_modules/expo-router/node_modules/@radix-ui/react-collection @radix-ui/react-slot@1.3.0 OK for: @radix-ui/react-collection@1.1.11 want: 1.3.0
4560 silly fetch manifest utf-8-validate@>=5.0.2
4561 silly packumentCache full:https://registry.npmjs.org/utf-8-validate cache-hit
4562 silly fetch manifest graphql@^14.0.0 || ^15.0.0 || ^16.0.0
4563 silly packumentCache full:https://registry.npmjs.org/graphql cache-miss
4564 http fetch GET 200 https://registry.npmjs.org/graphql 191ms (cache revalidated)
4565 silly packumentCache full:https://registry.npmjs.org/graphql set size:886172 disposed:false
4566 silly placeDep ROOT @0no-co/graphql.web@1.3.2 OK for: @expo/cli@54.0.25 want: ^1.0.8
4567 silly placeDep ROOT @expo/code-signing-certificates@0.0.6 OK for: @expo/cli@54.0.25 want: ^0.0.6
4568 silly placeDep ROOT @expo/devcert@1.2.1 OK for: @expo/cli@54.0.25 want: ^1.2.1
4569 silly placeDep ROOT @expo/osascript@2.7.0 OK for: @expo/cli@54.0.25 want: ^2.3.8
4570 silly placeDep ROOT @expo/package-manager@1.13.0 OK for: @expo/cli@54.0.25 want: ^1.9.10
4571 silly placeDep ROOT @expo/ws-tunnel@1.0.6 OK for: @expo/cli@54.0.25 want: ^1.0.1
4572 silly placeDep ROOT @expo/xcpretty@4.4.4 OK for: @expo/cli@54.0.25 want: ^4.3.0
4573 silly placeDep ROOT @urql/core@5.2.0 OK for: @expo/cli@54.0.25 want: ^5.0.6
4574 silly placeDep ROOT @urql/exchange-retry@1.3.2 OK for: @expo/cli@54.0.25 want: ^1.3.0
4575 silly placeDep ROOT better-opn@3.0.2 OK for: @expo/cli@54.0.25 want: ~3.0.2
4576 silly placeDep node_modules/expo ci-info@3.9.0 OK for: @expo/cli@54.0.25 want: ^3.3.0
4577 silly placeDep ROOT compression@1.8.1 OK for: @expo/cli@54.0.25 want: ^1.7.4
4578 silly placeDep ROOT env-editor@0.4.2 OK for: @expo/cli@54.0.25 want: ^0.4.1
4579 silly placeDep ROOT freeport-async@2.0.0 OK for: @expo/cli@54.0.25 want: ^2.0.0
4580 silly placeDep ROOT lan-network@0.2.1 OK for: @expo/cli@54.0.25 want: ^0.2.1
4581 silly placeDep node_modules/expo minimatch@9.0.9 OK for: @expo/cli@54.0.25 want: ^9.0.0
4582 silly placeDep ROOT node-forge@1.4.0 OK for: @expo/cli@54.0.25 want: ^1.3.3
4583 silly placeDep ROOT npm-package-arg@11.0.3 OK for: @expo/cli@54.0.25 want: ^11.0.0
4584 silly placeDep ROOT ora@3.4.0 OK for: @expo/cli@54.0.25 want: ^3.4.0
4585 silly placeDep node_modules/expo picomatch@4.0.5 OK for: @expo/cli@54.0.25 want: ^4.0.3
4586 silly placeDep ROOT pretty-bytes@5.6.0 OK for: @expo/cli@54.0.25 want: ^5.6.0
4587 silly placeDep ROOT progress@2.0.3 OK for: @expo/cli@54.0.25 want: ^2.0.3
4588 silly placeDep ROOT prompts@2.4.2 OK for: @expo/cli@54.0.25 want: ^2.3.2
4589 silly placeDep ROOT qrcode-terminal@0.11.0 OK for: @expo/cli@54.0.25 want: 0.11.0
4590 silly placeDep ROOT requireg@0.2.2 OK for: @expo/cli@54.0.25 want: ^0.2.2
4591 silly placeDep node_modules/expo resolve@1.22.12 OK for: @expo/cli@54.0.25 want: ^1.22.2
4592 silly placeDep ROOT resolve.exports@2.0.3 OK for: @expo/cli@54.0.25 want: ^2.0.3
4593 silly placeDep node_modules/expo semver@7.8.5 OK for: @expo/cli@54.0.25 want: ^7.6.0
4594 silly placeDep ROOT structured-headers@0.4.1 OK for: @expo/cli@54.0.25 want: ^0.4.1
4595 silly placeDep ROOT tar@7.5.19 OK for: @expo/cli@54.0.25 want: ^7.5.2
4596 silly placeDep ROOT terminal-link@2.1.1 OK for: @expo/cli@54.0.25 want: ^2.1.1
4597 silly placeDep ROOT undici@6.27.0 OK for: @expo/cli@54.0.25 want: ^6.18.2
4598 silly placeDep node_modules/expo ws@8.21.0 OK for: @expo/cli@54.0.25 want: ^8.12.1
4599 silly fetch manifest debug@^3.1.0
4600 silly packumentCache full:https://registry.npmjs.org/debug cache-hit
4601 silly fetch manifest @expo/sudo-prompt@^9.3.1
4602 silly packumentCache full:https://registry.npmjs.org/@expo%2fsudo-prompt cache-miss
4603 silly fetch manifest @expo/json-file@^11.0.0
4604 silly packumentCache full:https://registry.npmjs.org/@expo%2fjson-file cache-hit
4605 silly fetch manifest wonka@^6.3.2
4606 silly packumentCache full:https://registry.npmjs.org/wonka cache-miss
4607 silly fetch manifest wonka@^6.3.2
4608 silly packumentCache full:https://registry.npmjs.org/wonka cache-miss
4609 silly fetch manifest open@^8.0.4
4610 silly packumentCache full:https://registry.npmjs.org/open cache-hit
4611 silly fetch manifest vary@~1.1.2
4612 silly packumentCache full:https://registry.npmjs.org/vary cache-miss
4613 silly fetch manifest bytes@3.1.2
4614 silly packumentCache full:https://registry.npmjs.org/bytes cache-miss
4615 silly fetch manifest negotiator@~0.6.4
4616 silly packumentCache full:https://registry.npmjs.org/negotiator cache-hit
4617 silly fetch manifest on-headers@~1.1.0
4618 silly packumentCache full:https://registry.npmjs.org/on-headers cache-miss
4619 silly fetch manifest safe-buffer@5.2.1
4620 silly packumentCache full:https://registry.npmjs.org/safe-buffer cache-miss
4621 silly fetch manifest compressible@~2.0.18
4622 silly packumentCache full:https://registry.npmjs.org/compressible cache-miss
4623 silly fetch manifest brace-expansion@^2.0.2
4624 silly packumentCache full:https://registry.npmjs.org/brace-expansion cache-hit
4625 silly fetch manifest semver@^7.3.5
4626 silly packumentCache full:https://registry.npmjs.org/semver cache-hit
4627 silly fetch manifest proc-log@^4.0.0
4628 silly packumentCache full:https://registry.npmjs.org/proc-log cache-miss
4629 silly fetch manifest hosted-git-info@^7.0.0
4630 silly packumentCache full:https://registry.npmjs.org/hosted-git-info cache-miss
4631 silly fetch manifest validate-npm-package-name@^5.0.0
4632 silly packumentCache full:https://registry.npmjs.org/validate-npm-package-name cache-miss
4633 silly fetch manifest wcwidth@^1.0.1
4634 silly packumentCache full:https://registry.npmjs.org/wcwidth cache-miss
4635 silly fetch manifest cli-cursor@^2.1.0
4636 silly packumentCache full:https://registry.npmjs.org/cli-cursor cache-miss
4637 silly fetch manifest strip-ansi@^5.2.0
4638 silly packumentCache full:https://registry.npmjs.org/strip-ansi cache-hit
4639 silly fetch manifest log-symbols@^2.2.0
4640 silly packumentCache full:https://registry.npmjs.org/log-symbols cache-miss
4641 silly fetch manifest cli-spinners@^2.0.0
4642 silly packumentCache full:https://registry.npmjs.org/cli-spinners cache-miss
4643 silly fetch manifest kleur@^3.0.3
4644 silly packumentCache full:https://registry.npmjs.org/kleur cache-miss
4645 silly fetch manifest sisteransi@^1.0.5
4646 silly packumentCache full:https://registry.npmjs.org/sisteransi cache-miss
4647 silly fetch manifest nested-error-stacks@~2.0.1
4648 silly packumentCache full:https://registry.npmjs.org/nested-error-stacks cache-miss
4649 silly fetch manifest rc@~1.2.7
4650 silly packumentCache full:https://registry.npmjs.org/rc cache-miss
4651 http fetch GET 200 https://registry.npmjs.org/rc 132ms (cache miss)
4652 silly packumentCache full:https://registry.npmjs.org/rc set size:undefined disposed:false
4653 silly fetch manifest resolve@~1.7.1
4654 silly packumentCache full:https://registry.npmjs.org/resolve cache-hit
4655 silly fetch manifest @isaacs/fs-minipass@^4.0.0
4656 silly packumentCache full:https://registry.npmjs.org/@isaacs%2ffs-minipass cache-miss
4657 http fetch GET 200 https://registry.npmjs.org/nested-error-stacks 138ms (cache miss)
4658 silly packumentCache full:https://registry.npmjs.org/nested-error-stacks set size:undefined disposed:false
4659 silly fetch manifest chownr@^3.0.0
4660 silly packumentCache full:https://registry.npmjs.org/chownr cache-miss
4661 http fetch GET 200 https://registry.npmjs.org/vary 162ms (cache revalidated)
4662 silly packumentCache full:https://registry.npmjs.org/vary set size:15994 disposed:false
4663 silly fetch manifest minizlib@^3.1.0
4664 silly packumentCache full:https://registry.npmjs.org/minizlib cache-miss
4665 http fetch GET 200 https://registry.npmjs.org/proc-log 162ms (cache revalidated)
4666 silly packumentCache full:https://registry.npmjs.org/proc-log set size:35852 disposed:false
4667 silly fetch manifest yallist@^5.0.0
4668 silly packumentCache full:https://registry.npmjs.org/yallist cache-hit
4669 silly fetch manifest ansi-escapes@^4.2.1
4670 silly packumentCache full:https://registry.npmjs.org/ansi-escapes cache-miss
4671 http fetch GET 200 https://registry.npmjs.org/validate-npm-package-name 178ms (cache revalidated)
4672 silly packumentCache full:https://registry.npmjs.org/validate-npm-package-name set size:51156 disposed:false
4673 silly fetch manifest supports-hyperlinks@^2.0.0
4674 silly packumentCache full:https://registry.npmjs.org/supports-hyperlinks cache-miss
4675 http fetch GET 200 https://registry.npmjs.org/compressible 185ms (cache revalidated)
4676 silly packumentCache full:https://registry.npmjs.org/compressible set size:61733 disposed:false
4677 http fetch GET 200 https://registry.npmjs.org/cli-cursor 185ms (cache revalidated)
4678 silly packumentCache full:https://registry.npmjs.org/cli-cursor set size:18913 disposed:false
4679 http fetch GET 200 https://registry.npmjs.org/bytes 195ms (cache revalidated)
4680 silly packumentCache full:https://registry.npmjs.org/bytes set size:37018 disposed:false
4681 http fetch GET 200 https://registry.npmjs.org/log-symbols 193ms (cache revalidated)
4682 silly packumentCache full:https://registry.npmjs.org/log-symbols set size:31977 disposed:false
4683 http fetch GET 200 https://registry.npmjs.org/kleur 194ms (cache revalidated)
4684 silly packumentCache full:https://registry.npmjs.org/kleur set size:61853 disposed:false
4685 http fetch GET 200 https://registry.npmjs.org/wcwidth 199ms (cache revalidated)
4686 silly packumentCache full:https://registry.npmjs.org/wcwidth set size:5904 disposed:false
4687 http fetch GET 200 https://registry.npmjs.org/cli-spinners 198ms (cache revalidated)
4688 silly packumentCache full:https://registry.npmjs.org/cli-spinners set size:67473 disposed:false
4689 http fetch GET 200 https://registry.npmjs.org/safe-buffer 252ms (cache revalidated)
4690 silly packumentCache full:https://registry.npmjs.org/safe-buffer set size:41183 disposed:false
4691 http fetch GET 200 https://registry.npmjs.org/sisteransi 248ms (cache revalidated)
4692 silly packumentCache full:https://registry.npmjs.org/sisteransi set size:25723 disposed:false
4693 http fetch GET 200 https://registry.npmjs.org/ansi-escapes 132ms (cache revalidated)
4694 silly packumentCache full:https://registry.npmjs.org/ansi-escapes set size:70915 disposed:false
4695 http fetch GET 200 https://registry.npmjs.org/@isaacs%2ffs-minipass 185ms (cache revalidated)
4696 silly packumentCache full:https://registry.npmjs.org/@isaacs%2ffs-minipass set size:7912 disposed:false
4697 http fetch GET 200 https://registry.npmjs.org/chownr 184ms (cache revalidated)
4698 silly packumentCache full:https://registry.npmjs.org/chownr set size:22157 disposed:false
4699 http fetch GET 200 https://registry.npmjs.org/minizlib 172ms (cache revalidated)
4700 silly packumentCache full:https://registry.npmjs.org/minizlib set size:62862 disposed:false
4701 http fetch GET 200 https://registry.npmjs.org/supports-hyperlinks 156ms (cache revalidated)
4702 silly packumentCache full:https://registry.npmjs.org/supports-hyperlinks set size:38477 disposed:false
4703 http fetch GET 200 https://registry.npmjs.org/on-headers 343ms (cache revalidated)
4704 silly packumentCache full:https://registry.npmjs.org/on-headers set size:13226 disposed:false
4705 http fetch GET 200 https://registry.npmjs.org/hosted-git-info 345ms (cache revalidated)
4706 silly packumentCache full:https://registry.npmjs.org/hosted-git-info set size:190196 disposed:false
4707 http fetch GET 200 https://registry.npmjs.org/wonka 393ms (cache revalidated)
4708 silly packumentCache full:https://registry.npmjs.org/wonka set size:386763 disposed:false
4709 http fetch GET 200 https://registry.npmjs.org/wonka 405ms (cache revalidated)
4710 silly packumentCache full:https://registry.npmjs.org/wonka set size:386763 disposed:false
4711 silly packumentCache full:https://registry.npmjs.org/wonka dispose
4712 http fetch GET 200 https://registry.npmjs.org/@expo%2fsudo-prompt 755ms (cache revalidated)
4713 silly packumentCache full:https://registry.npmjs.org/@expo%2fsudo-prompt set size:8758 disposed:false
4714 silly placeDep ROOT @expo/sudo-prompt@9.3.2 OK for: @expo/devcert@1.2.1 want: ^9.3.1
4715 silly placeDep node_modules/@expo/devcert debug@3.2.7 OK for: @expo/devcert@1.2.1 want: ^3.1.0
4716 silly placeDep node_modules/@expo/package-manager @expo/json-file@11.0.0 OK for: @expo/package-manager@1.13.0 want: ^11.0.0
4717 silly placeDep ROOT wonka@6.3.6 OK for: @urql/core@5.2.0 want: ^6.3.2
4718 silly placeDep node_modules/better-opn open@8.4.2 OK for: better-opn@3.0.2 want: ^8.0.4
4719 silly fetch manifest define-lazy-prop@^2.0.0
4720 silly packumentCache full:https://registry.npmjs.org/define-lazy-prop cache-miss
4721 http fetch GET 200 https://registry.npmjs.org/define-lazy-prop 212ms (cache revalidated)
4722 silly packumentCache full:https://registry.npmjs.org/define-lazy-prop set size:9337 disposed:false
4723 silly placeDep ROOT bytes@3.1.2 OK for: compression@1.8.1 want: 3.1.2
4724 silly placeDep ROOT compressible@2.0.18 OK for: compression@1.8.1 want: ~2.0.18
4725 silly placeDep node_modules/compression debug@2.6.9 OK for: compression@1.8.1 want: 2.6.9
4726 silly placeDep node_modules/compression negotiator@0.6.4 OK for: compression@1.8.1 want: ~0.6.4
4727 silly placeDep ROOT on-headers@1.1.0 OK for: compression@1.8.1 want: ~1.1.0
4728 silly placeDep ROOT safe-buffer@5.2.1 OK for: compression@1.8.1 want: 5.2.1
4729 silly placeDep ROOT vary@1.1.2 OK for: compression@1.8.1 want: ~1.1.2
4730 silly placeDep ROOT hosted-git-info@7.0.2 OK for: npm-package-arg@11.0.3 want: ^7.0.0
4731 silly placeDep ROOT proc-log@4.2.0 OK for: npm-package-arg@11.0.3 want: ^4.0.0
4732 silly placeDep node_modules/npm-package-arg semver@7.8.5 OK for: npm-package-arg@11.0.3 want: ^7.3.5
4733 silly placeDep ROOT validate-npm-package-name@5.0.1 OK for: npm-package-arg@11.0.3 want: ^5.0.0
4734 silly fetch manifest lru-cache@^10.0.1
4735 silly packumentCache full:https://registry.npmjs.org/lru-cache cache-hit
4736 silly placeDep node_modules/hosted-git-info lru-cache@10.4.3 OK for: hosted-git-info@7.0.2 want: ^10.0.1
4737 silly placeDep node_modules/ora chalk@2.4.2 OK for: ora@3.4.0 want: ^2.4.2
4738 silly placeDep ROOT cli-cursor@2.1.0 OK for: ora@3.4.0 want: ^2.1.0
4739 silly placeDep ROOT cli-spinners@2.9.2 OK for: ora@3.4.0 want: ^2.0.0
4740 silly placeDep ROOT log-symbols@2.2.0 OK for: ora@3.4.0 want: ^2.2.0
4741 silly placeDep node_modules/ora strip-ansi@5.2.0 OK for: ora@3.4.0 want: ^5.2.0
4742 silly placeDep ROOT wcwidth@1.0.1 OK for: ora@3.4.0 want: ^1.0.1
4743 silly fetch manifest restore-cursor@^2.0.0
4744 silly packumentCache full:https://registry.npmjs.org/restore-cursor cache-miss
4745 silly fetch manifest chalk@^2.0.1
4746 silly packumentCache full:https://registry.npmjs.org/chalk cache-hit
4747 silly fetch manifest ansi-regex@^4.1.0
4748 silly packumentCache full:https://registry.npmjs.org/ansi-regex cache-hit
4749 silly fetch manifest defaults@^1.0.3
4750 silly packumentCache full:https://registry.npmjs.org/defaults cache-miss
4751 http fetch GET 200 https://registry.npmjs.org/restore-cursor 151ms (cache revalidated)
4752 silly packumentCache full:https://registry.npmjs.org/restore-cursor set size:17895 disposed:false
4753 http fetch GET 200 https://registry.npmjs.org/defaults 161ms (cache revalidated)
4754 silly packumentCache full:https://registry.npmjs.org/defaults set size:18134 disposed:false
4755 silly placeDep ROOT restore-cursor@2.0.0 OK for: cli-cursor@2.1.0 want: ^2.0.0
4756 silly fetch manifest onetime@^2.0.0
4757 silly packumentCache full:https://registry.npmjs.org/onetime cache-miss
4758 http fetch GET 200 https://registry.npmjs.org/onetime 131ms (cache revalidated)
4759 silly packumentCache full:https://registry.npmjs.org/onetime set size:32314 disposed:false
4760 silly placeDep node_modules/log-symbols chalk@2.4.2 OK for: log-symbols@2.2.0 want: ^2.0.1
4761 silly placeDep ROOT kleur@3.0.3 OK for: prompts@2.4.2 want: ^3.0.3
4762 silly placeDep ROOT sisteransi@1.0.5 OK for: prompts@2.4.2 want: ^1.0.5
4763 silly placeDep ROOT nested-error-stacks@2.0.1 OK for: requireg@0.2.2 want: ~2.0.1
4764 silly placeDep ROOT rc@1.2.8 OK for: requireg@0.2.2 want: ~1.2.7
4765 silly placeDep node_modules/requireg resolve@1.7.1 OK for: requireg@0.2.2 want: ~1.7.1
4766 silly fetch manifest ini@~1.3.0
4767 silly packumentCache full:https://registry.npmjs.org/ini cache-miss
4768 silly fetch manifest deep-extend@^0.6.0
4769 silly packumentCache full:https://registry.npmjs.org/deep-extend cache-miss
4770 silly fetch manifest strip-json-comments@~2.0.1
4771 silly packumentCache full:https://registry.npmjs.org/strip-json-comments cache-miss
4772 http cache https://registry.npmjs.org/strip-json-comments 10ms (cache hit)
4773 silly packumentCache full:https://registry.npmjs.org/strip-json-comments set size:43569 disposed:false
4774 http fetch GET 200 https://registry.npmjs.org/ini 118ms (cache miss)
4775 silly packumentCache full:https://registry.npmjs.org/ini set size:undefined disposed:false
4776 http fetch GET 200 https://registry.npmjs.org/deep-extend 303ms (cache miss)
4777 silly packumentCache full:https://registry.npmjs.org/deep-extend set size:undefined disposed:false
4778 silly placeDep ROOT deep-extend@0.6.0 OK for: rc@1.2.8 want: ^0.6.0
4779 silly placeDep ROOT ini@1.3.8 OK for: rc@1.2.8 want: ~1.3.0
4780 silly placeDep node_modules/rc strip-json-comments@2.0.1 OK for: rc@1.2.8 want: ~2.0.1
4781 silly placeDep ROOT onetime@2.0.1 OK for: restore-cursor@2.0.0 want: ^2.0.0
4782 silly fetch manifest mimic-fn@^1.0.0
4783 silly packumentCache full:https://registry.npmjs.org/mimic-fn cache-miss
4784 http fetch GET 200 https://registry.npmjs.org/mimic-fn 135ms (cache revalidated)
4785 silly packumentCache full:https://registry.npmjs.org/mimic-fn set size:22257 disposed:false
4786 silly placeDep ROOT mimic-fn@1.2.0 OK for: onetime@2.0.1 want: ^1.0.0
4787 silly placeDep ROOT @isaacs/fs-minipass@4.0.1 OK for: tar@7.5.19 want: ^4.0.0
4788 silly placeDep ROOT chownr@3.0.0 OK for: tar@7.5.19 want: ^3.0.0
4789 silly placeDep ROOT minizlib@3.1.0 OK for: tar@7.5.19 want: ^3.1.0
4790 silly placeDep node_modules/tar yallist@5.0.0 OK for: tar@7.5.19 want: ^5.0.0
4791 silly placeDep ROOT ansi-escapes@4.3.2 OK for: terminal-link@2.1.1 want: ^4.2.1
4792 silly placeDep ROOT supports-hyperlinks@2.3.0 OK for: terminal-link@2.1.1 want: ^2.0.0
4793 silly fetch manifest type-fest@^0.21.3
4794 silly packumentCache full:https://registry.npmjs.org/type-fest cache-hit
4795 silly placeDep node_modules/ansi-escapes type-fest@0.21.3 OK for: ansi-escapes@4.3.2 want: ^0.21.3
4796 silly placeDep ROOT defaults@1.0.4 OK for: wcwidth@1.0.1 want: ^1.0.3
4797 silly fetch manifest clone@^1.0.2
4798 silly packumentCache full:https://registry.npmjs.org/clone cache-miss
4799 http fetch GET 200 https://registry.npmjs.org/clone 143ms (cache revalidated)
4800 silly packumentCache full:https://registry.npmjs.org/clone set size:82973 disposed:false
4801 silly placeDep ROOT clone@1.0.4 OK for: defaults@1.0.4 want: ^1.0.2
4802 silly placeDep ROOT define-lazy-prop@2.0.0 OK for: open@8.4.2 want: ^2.0.0
4803 silly placeDep node_modules/compression ms@2.0.0 OK for: debug@2.6.9 want: 2.0.0
4804 silly placeDep node_modules/expo @expo/json-file@10.0.16 OK for: @expo/metro-config@54.0.16 want: ~10.0.16
4805 silly placeDep node_modules/expo hermes-parser@0.29.1 OK for: @expo/metro-config@54.0.16 want: ^0.29.1
4806 silly placeDep ROOT lightningcss@1.32.0 OK for: @expo/metro-config@54.0.16 want: ^1.30.1
4807 silly placeDep ROOT postcss@8.4.49 OK for: @expo/metro-config@54.0.16 want: ~8.4.32
4808 silly fetch manifest detect-libc@^2.0.3
4809 silly packumentCache full:https://registry.npmjs.org/detect-libc cache-miss
4810 silly fetch manifest lightningcss-darwin-x64@1.32.0
4811 silly packumentCache full:https://registry.npmjs.org/lightningcss-darwin-x64 cache-miss
4812 silly fetch manifest lightningcss-linux-x64-gnu@1.32.0
4813 silly packumentCache full:https://registry.npmjs.org/lightningcss-linux-x64-gnu cache-miss
4814 silly fetch manifest lightningcss-win32-x64-msvc@1.32.0
4815 silly packumentCache full:https://registry.npmjs.org/lightningcss-win32-x64-msvc cache-miss
4816 silly fetch manifest lightningcss-win32-arm64-msvc@1.32.0
4817 silly packumentCache full:https://registry.npmjs.org/lightningcss-win32-arm64-msvc cache-miss
4818 silly fetch manifest lightningcss-darwin-arm64@1.32.0
4819 silly packumentCache full:https://registry.npmjs.org/lightningcss-darwin-arm64 cache-miss
4820 silly fetch manifest lightningcss-linux-arm64-gnu@1.32.0
4821 silly packumentCache full:https://registry.npmjs.org/lightningcss-linux-arm64-gnu cache-miss
4822 silly fetch manifest lightningcss-linux-arm-gnueabihf@1.32.0
4823 silly packumentCache full:https://registry.npmjs.org/lightningcss-linux-arm-gnueabihf cache-miss
4824 silly fetch manifest lightningcss-linux-arm64-musl@1.32.0
4825 silly packumentCache full:https://registry.npmjs.org/lightningcss-linux-arm64-musl cache-miss
4826 silly fetch manifest lightningcss-linux-x64-musl@1.32.0
4827 silly packumentCache full:https://registry.npmjs.org/lightningcss-linux-x64-musl cache-miss
4828 silly fetch manifest lightningcss-freebsd-x64@1.32.0
4829 silly packumentCache full:https://registry.npmjs.org/lightningcss-freebsd-x64 cache-miss
4830 silly fetch manifest lightningcss-android-arm64@1.32.0
4831 silly packumentCache full:https://registry.npmjs.org/lightningcss-android-arm64 cache-miss
4832 silly fetch manifest source-map-js@^1.2.1
4833 silly packumentCache full:https://registry.npmjs.org/source-map-js cache-miss
4834 http fetch GET 200 https://registry.npmjs.org/lightningcss-linux-arm-gnueabihf 191ms (cache revalidated)
4835 silly packumentCache full:https://registry.npmjs.org/lightningcss-linux-arm-gnueabihf set size:80903 disposed:false
4836 http fetch GET 200 https://registry.npmjs.org/lightningcss-freebsd-x64 199ms (cache revalidated)
4837 silly packumentCache full:https://registry.npmjs.org/lightningcss-freebsd-x64 set size:42877 disposed:false
4838 http fetch GET 200 https://registry.npmjs.org/lightningcss-darwin-x64 211ms (cache revalidated)
4839 silly packumentCache full:https://registry.npmjs.org/lightningcss-darwin-x64 set size:78694 disposed:false
4840 http fetch GET 200 https://registry.npmjs.org/detect-libc 214ms (cache revalidated)
4841 silly packumentCache full:https://registry.npmjs.org/detect-libc set size:47861 disposed:false
4842 http fetch GET 200 https://registry.npmjs.org/lightningcss-android-arm64 215ms (cache revalidated)
4843 silly packumentCache full:https://registry.npmjs.org/lightningcss-android-arm64 set size:7671 disposed:false
4844 http fetch GET 200 https://registry.npmjs.org/lightningcss-linux-arm64-musl 221ms (cache revalidated)
4845 silly packumentCache full:https://registry.npmjs.org/lightningcss-linux-arm64-musl set size:80887 disposed:false
4846 http fetch GET 200 https://registry.npmjs.org/source-map-js 220ms (cache revalidated)
4847 silly packumentCache full:https://registry.npmjs.org/source-map-js set size:62640 disposed:false
4848 http fetch GET 200 https://registry.npmjs.org/lightningcss-linux-x64-gnu 228ms (cache revalidated)
4849 silly packumentCache full:https://registry.npmjs.org/lightningcss-linux-x64-gnu set size:80105 disposed:false
4850 http fetch GET 200 https://registry.npmjs.org/lightningcss-linux-arm64-gnu 226ms (cache revalidated)
4851 silly packumentCache full:https://registry.npmjs.org/lightningcss-linux-arm64-gnu set size:80669 disposed:false
4852 http fetch GET 200 https://registry.npmjs.org/lightningcss-darwin-arm64 236ms (cache revalidated)
4853 silly packumentCache full:https://registry.npmjs.org/lightningcss-darwin-arm64 set size:79276 disposed:false
4854 http fetch GET 200 https://registry.npmjs.org/lightningcss-linux-x64-musl 235ms (cache revalidated)
4855 silly packumentCache full:https://registry.npmjs.org/lightningcss-linux-x64-musl set size:80313 disposed:false
4856 http fetch GET 200 https://registry.npmjs.org/lightningcss-win32-x64-msvc 242ms (cache revalidated)
4857 silly packumentCache full:https://registry.npmjs.org/lightningcss-win32-x64-msvc set size:79645 disposed:false
4858 http fetch GET 200 https://registry.npmjs.org/lightningcss-win32-arm64-msvc 369ms (cache revalidated)
4859 silly packumentCache full:https://registry.npmjs.org/lightningcss-win32-arm64-msvc set size:26629 disposed:false
4860 silly placeDep ROOT detect-libc@2.1.2 OK for: lightningcss@1.32.0 want: ^2.0.3
4861 silly placeDep ROOT lightningcss-android-arm64@1.32.0 OK for: lightningcss@1.32.0 want: 1.32.0
4862 silly placeDep ROOT lightningcss-darwin-arm64@1.32.0 OK for: lightningcss@1.32.0 want: 1.32.0
4863 silly placeDep ROOT lightningcss-darwin-x64@1.32.0 OK for: lightningcss@1.32.0 want: 1.32.0
4864 silly placeDep ROOT lightningcss-freebsd-x64@1.32.0 OK for: lightningcss@1.32.0 want: 1.32.0
4865 silly placeDep ROOT lightningcss-linux-arm-gnueabihf@1.32.0 OK for: lightningcss@1.32.0 want: 1.32.0
4866 silly placeDep ROOT lightningcss-linux-arm64-gnu@1.32.0 OK for: lightningcss@1.32.0 want: 1.32.0
4867 silly placeDep ROOT lightningcss-linux-arm64-musl@1.32.0 OK for: lightningcss@1.32.0 want: 1.32.0
4868 silly placeDep ROOT lightningcss-linux-x64-gnu@1.32.0 OK for: lightningcss@1.32.0 want: 1.32.0
4869 silly placeDep ROOT lightningcss-linux-x64-musl@1.32.0 OK for: lightningcss@1.32.0 want: 1.32.0
4870 silly placeDep ROOT lightningcss-win32-arm64-msvc@1.32.0 OK for: lightningcss@1.32.0 want: 1.32.0
4871 silly placeDep ROOT lightningcss-win32-x64-msvc@1.32.0 OK for: lightningcss@1.32.0 want: 1.32.0
4872 silly placeDep ROOT source-map-js@1.2.1 OK for: postcss@8.4.49 want: ^1.2.1
4873 silly placeDep node_modules/expo/node_modules/@expo/json-file @babel/code-frame@7.10.4 OK for: @expo/json-file@10.0.16 want: ~7.10.4
4874 silly fetch manifest @babel/core@^7.12.0
4875 silly packumentCache full:https://registry.npmjs.org/@babel%2fcore cache-hit
4876 silly placeDep ROOT @babel/plugin-proposal-decorators@7.29.7 OK for: babel-preset-expo@54.0.11 want: ^7.12.9
4877 silly placeDep ROOT @babel/plugin-proposal-export-default-from@7.29.7 OK for: babel-preset-expo@54.0.11 want: ^7.24.7
4878 silly placeDep ROOT @babel/plugin-syntax-export-default-from@7.29.7 OK for: babel-preset-expo@54.0.11 want: ^7.24.7
4879 silly placeDep ROOT @babel/plugin-transform-class-static-block@7.29.7 OK for: babel-preset-expo@54.0.11 want: ^7.27.1
4880 silly placeDep ROOT @babel/plugin-transform-export-namespace-from@7.29.7 OK for: babel-preset-expo@54.0.11 want: ^7.25.9
4881 silly placeDep ROOT @babel/plugin-transform-flow-strip-types@7.29.7 OK for: babel-preset-expo@54.0.11 want: ^7.25.2
4882 silly placeDep ROOT @babel/plugin-transform-object-rest-spread@7.29.7 OK for: babel-preset-expo@54.0.11 want: ^7.24.7
4883 silly placeDep ROOT @babel/plugin-transform-parameters@7.29.7 OK for: babel-preset-expo@54.0.11 want: ^7.24.7
4884 silly placeDep ROOT @babel/plugin-transform-private-methods@7.29.7 OK for: babel-preset-expo@54.0.11 want: ^7.24.7
4885 silly placeDep ROOT @babel/plugin-transform-private-property-in-object@7.29.7 OK for: babel-preset-expo@54.0.11 want: ^7.24.7
4886 silly placeDep ROOT @babel/plugin-transform-runtime@7.29.7 OK for: babel-preset-expo@54.0.11 want: ^7.24.7
4887 silly placeDep ROOT @babel/preset-react@7.29.7 OK for: babel-preset-expo@54.0.11 want: ^7.22.15
4888 silly placeDep ROOT @react-native/babel-preset@0.81.5 OK for: babel-preset-expo@54.0.11 want: 0.81.5
4889 silly placeDep ROOT babel-plugin-react-compiler@1.0.0 OK for: babel-preset-expo@54.0.11 want: ^1.0.0
4890 silly placeDep ROOT babel-plugin-react-native-web@0.21.2 OK for: babel-preset-expo@54.0.11 want: ~0.21.0
4891 silly placeDep ROOT babel-plugin-transform-flow-enums@0.0.2 OK for: babel-preset-expo@54.0.11 want: ^0.0.2
4892 silly fetch manifest @babel/plugin-syntax-decorators@^7.29.7
4893 silly packumentCache full:https://registry.npmjs.org/@babel%2fplugin-syntax-decorators cache-miss
4894 silly fetch manifest @babel/plugin-syntax-flow@^7.29.7
4895 silly packumentCache full:https://registry.npmjs.org/@babel%2fplugin-syntax-flow cache-miss
4896 silly fetch manifest @babel/plugin-transform-parameters@^7.29.7
4897 silly packumentCache full:https://registry.npmjs.org/@babel%2fplugin-transform-parameters cache-hit
4898 silly fetch manifest @babel/plugin-transform-destructuring@^7.29.7
4899 silly packumentCache full:https://registry.npmjs.org/@babel%2fplugin-transform-destructuring cache-miss
4900 silly fetch manifest babel-plugin-polyfill-corejs2@^0.4.14
4901 silly packumentCache full:https://registry.npmjs.org/babel-plugin-polyfill-corejs2 cache-miss
4902 silly fetch manifest babel-plugin-polyfill-corejs3@^0.13.0
4903 silly packumentCache full:https://registry.npmjs.org/babel-plugin-polyfill-corejs3 cache-miss
4904 silly fetch manifest babel-plugin-polyfill-regenerator@^0.6.5
4905 silly packumentCache full:https://registry.npmjs.org/babel-plugin-polyfill-regenerator cache-miss
4906 silly fetch manifest @babel/plugin-transform-react-jsx@^7.29.7
4907 silly packumentCache full:https://registry.npmjs.org/@babel%2fplugin-transform-react-jsx cache-miss
4908 silly fetch manifest @babel/plugin-transform-react-display-name@^7.29.7
4909 silly packumentCache full:https://registry.npmjs.org/@babel%2fplugin-transform-react-display-name cache-miss
4910 silly fetch manifest @babel/plugin-transform-react-jsx-development@^7.29.7
4911 silly packumentCache full:https://registry.npmjs.org/@babel%2fplugin-transform-react-jsx-development cache-miss
4912 silly fetch manifest @babel/plugin-transform-react-pure-annotations@^7.29.7
4913 silly packumentCache full:https://registry.npmjs.org/@babel%2fplugin-transform-react-pure-annotations cache-miss
4914 silly fetch manifest @babel/plugin-transform-for-of@^7.24.7
4915 silly packumentCache full:https://registry.npmjs.org/@babel%2fplugin-transform-for-of cache-miss
4916 silly fetch manifest @babel/plugin-transform-spread@^7.24.7
4917 silly packumentCache full:https://registry.npmjs.org/@babel%2fplugin-transform-spread cache-miss
4918 silly fetch manifest @babel/plugin-transform-literals@^7.25.2
4919 silly packumentCache full:https://registry.npmjs.org/@babel%2fplugin-transform-literals cache-miss
4920 silly fetch manifest @babel/plugin-transform-react-jsx@^7.25.2
4921 silly packumentCache full:https://registry.npmjs.org/@babel%2fplugin-transform-react-jsx cache-miss
4922 silly fetch manifest @react-native/babel-plugin-codegen@0.81.5
4923 silly packumentCache full:https://registry.npmjs.org/@react-native%2fbabel-plugin-codegen cache-miss
4924 silly fetch manifest @babel/plugin-syntax-dynamic-import@^7.8.3
4925 silly packumentCache full:https://registry.npmjs.org/@babel%2fplugin-syntax-dynamic-import cache-miss
4926 silly fetch manifest @babel/plugin-transform-regenerator@^7.24.7
4927 silly packumentCache full:https://registry.npmjs.org/@babel%2fplugin-transform-regenerator cache-miss
4928 silly fetch manifest @babel/plugin-transform-sticky-regex@^7.24.7
4929 silly packumentCache full:https://registry.npmjs.org/@babel%2fplugin-transform-sticky-regex cache-miss
4930 silly fetch manifest @babel/plugin-transform-block-scoping@^7.25.0
4931 silly packumentCache full:https://registry.npmjs.org/@babel%2fplugin-transform-block-scoping cache-miss
4932 http fetch GET 200 https://registry.npmjs.org/babel-plugin-polyfill-regenerator 174ms (cache revalidated)
4933 silly packumentCache full:https://registry.npmjs.org/babel-plugin-polyfill-regenerator set size:101432 disposed:false
4934 silly fetch manifest @babel/plugin-transform-destructuring@^7.24.8
4935 silly packumentCache full:https://registry.npmjs.org/@babel%2fplugin-transform-destructuring cache-miss
4936 http fetch GET 200 https://registry.npmjs.org/@babel%2fplugin-syntax-flow 194ms (cache revalidated)
4937 silly packumentCache full:https://registry.npmjs.org/@babel%2fplugin-syntax-flow set size:201006 disposed:false
4938 silly fetch manifest @babel/plugin-transform-function-name@^7.25.1
4939 silly packumentCache full:https://registry.npmjs.org/@babel%2fplugin-transform-function-name cache-miss
4940 http fetch GET 200 https://registry.npmjs.org/babel-plugin-polyfill-corejs2 312ms (cache revalidated)
4941 silly packumentCache full:https://registry.npmjs.org/babel-plugin-polyfill-corejs2 set size:116417 disposed:false
4942 silly fetch manifest @babel/plugin-transform-react-jsx-self@^7.24.7
4943 silly packumentCache full:https://registry.npmjs.org/@babel%2fplugin-transform-react-jsx-self cache-miss
4944 http fetch GET 200 https://registry.npmjs.org/@babel%2fplugin-syntax-decorators 330ms (cache revalidated)
4945 silly packumentCache full:https://registry.npmjs.org/@babel%2fplugin-syntax-decorators set size:215890 disposed:false
4946 silly fetch manifest @babel/plugin-transform-react-jsx-source@^7.24.7
4947 silly packumentCache full:https://registry.npmjs.org/@babel%2fplugin-transform-react-jsx-source cache-miss
4948 http fetch GET 200 https://registry.npmjs.org/@babel%2fplugin-transform-destructuring 352ms (cache revalidated)
4949 silly packumentCache full:https://registry.npmjs.org/@babel%2fplugin-transform-destructuring set size:301661 disposed:false
4950 silly fetch manifest @babel/plugin-transform-numeric-separator@^7.24.7
4951 silly packumentCache full:https://registry.npmjs.org/@babel%2fplugin-transform-numeric-separator cache-miss
4952 http fetch GET 200 https://registry.npmjs.org/@babel%2fplugin-transform-react-jsx-development 354ms (cache revalidated)
4953 silly packumentCache full:https://registry.npmjs.org/@babel%2fplugin-transform-react-jsx-development set size:135202 disposed:false
4954 silly fetch manifest @babel/plugin-transform-async-to-generator@^7.24.7
4955 silly packumentCache full:https://registry.npmjs.org/@babel%2fplugin-transform-async-to-generator cache-miss
4956 http fetch GET 200 https://registry.npmjs.org/babel-plugin-polyfill-corejs3 363ms (cache revalidated)
4957 silly packumentCache full:https://registry.npmjs.org/babel-plugin-polyfill-corejs3 set size:154739 disposed:false
4958 silly fetch manifest @babel/plugin-transform-react-display-name@^7.24.7
4959 silly packumentCache full:https://registry.npmjs.org/@babel%2fplugin-transform-react-display-name cache-miss
4960 http fetch GET 200 https://registry.npmjs.org/@babel%2fplugin-transform-for-of 366ms (cache revalidated)
4961 silly packumentCache full:https://registry.npmjs.org/@babel%2fplugin-transform-for-of set size:245976 disposed:false
4962 silly fetch manifest @babel/plugin-transform-computed-properties@^7.24.7
4963 silly packumentCache full:https://registry.npmjs.org/@babel%2fplugin-transform-computed-properties cache-miss
4964 http fetch GET 200 https://registry.npmjs.org/@react-native%2fbabel-plugin-codegen 459ms (cache revalidated)
4965 silly packumentCache full:https://registry.npmjs.org/@react-native%2fbabel-plugin-codegen set size:2230359 disposed:false
4966 silly fetch manifest @babel/plugin-transform-optional-catch-binding@^7.24.7
4967 silly packumentCache full:https://registry.npmjs.org/@babel%2fplugin-transform-optional-catch-binding cache-miss
4968 http fetch GET 200 https://registry.npmjs.org/@babel%2fplugin-transform-destructuring 315ms (cache revalidated)
4969 silly packumentCache full:https://registry.npmjs.org/@babel%2fplugin-transform-destructuring set size:301661 disposed:false
4970 silly packumentCache full:https://registry.npmjs.org/@babel%2fplugin-transform-destructuring dispose
4971 silly fetch manifest @babel/plugin-transform-async-generator-functions@^7.25.4
4972 silly packumentCache full:https://registry.npmjs.org/@babel%2fplugin-transform-async-generator-functions cache-miss
4973 http fetch GET 200 https://registry.npmjs.org/@babel%2fplugin-transform-sticky-regex 488ms (cache miss)
4974 silly packumentCache full:https://registry.npmjs.org/@babel%2fplugin-transform-sticky-regex set size:undefined disposed:false
4975 silly fetch manifest @babel/plugin-transform-logical-assignment-operators@^7.24.7
4976 silly packumentCache full:https://registry.npmjs.org/@babel%2fplugin-transform-logical-assignment-operators cache-miss
4977 http fetch GET 200 https://registry.npmjs.org/@babel%2fplugin-transform-react-jsx 499ms (cache revalidated)
4978 silly packumentCache full:https://registry.npmjs.org/@babel%2fplugin-transform-react-jsx set size:298685 disposed:false
4979 silly fetch manifest @babel/plugin-transform-named-capturing-groups-regex@^7.24.7
4980 silly packumentCache full:https://registry.npmjs.org/@babel%2fplugin-transform-named-capturing-groups-regex cache-miss
4981 http fetch GET 200 https://registry.npmjs.org/@babel%2fplugin-transform-react-jsx-source 181ms (cache revalidated)
4982 silly packumentCache full:https://registry.npmjs.org/@babel%2fplugin-transform-react-jsx-source set size:205288 disposed:false
4983 silly fetch manifest @babel/plugin-syntax-flow@^7.12.1
4984 silly packumentCache full:https://registry.npmjs.org/@babel%2fplugin-syntax-flow cache-hit
4985 http fetch GET 200 https://registry.npmjs.org/@babel%2fplugin-transform-react-display-name 515ms (cache revalidated)
4986 silly packumentCache full:https://registry.npmjs.org/@babel%2fplugin-transform-react-display-name set size:218986 disposed:false
4987 http fetch GET 200 https://registry.npmjs.org/@babel%2fplugin-transform-react-jsx 525ms (cache revalidated)
4988 silly packumentCache full:https://registry.npmjs.org/@babel%2fplugin-transform-react-jsx set size:298685 disposed:false
4989 silly packumentCache full:https://registry.npmjs.org/@babel%2fplugin-transform-react-jsx dispose
4990 http fetch GET 200 https://registry.npmjs.org/@babel%2fplugin-transform-literals 536ms (cache miss)
4991 silly packumentCache full:https://registry.npmjs.org/@babel%2fplugin-transform-literals set size:undefined disposed:false
4992 http fetch GET 200 https://registry.npmjs.org/@babel%2fplugin-transform-react-pure-annotations 543ms (cache revalidated)
4993 silly packumentCache full:https://registry.npmjs.org/@babel%2fplugin-transform-react-pure-annotations set size:127512 disposed:false
4994 http fetch GET 200 https://registry.npmjs.org/@babel%2fplugin-transform-spread 545ms (cache miss)
4995 silly packumentCache full:https://registry.npmjs.org/@babel%2fplugin-transform-spread set size:undefined disposed:false
4996 http fetch GET 200 https://registry.npmjs.org/@babel%2fplugin-transform-react-display-name 241ms (cache revalidated)
4997 silly packumentCache full:https://registry.npmjs.org/@babel%2fplugin-transform-react-display-name set size:218986 disposed:false
4998 silly packumentCache full:https://registry.npmjs.org/@babel%2fplugin-transform-react-display-name dispose
4999 http fetch GET 200 https://registry.npmjs.org/@babel%2fplugin-syntax-dynamic-import 614ms (cache revalidated)
5000 silly packumentCache full:https://registry.npmjs.org/@babel%2fplugin-syntax-dynamic-import set size:81432 disposed:false
5001 http fetch GET 200 https://registry.npmjs.org/@babel%2fplugin-transform-regenerator 639ms (cache revalidated)
5002 silly packumentCache full:https://registry.npmjs.org/@babel%2fplugin-transform-regenerator set size:283101 disposed:false
5003 http fetch GET 200 https://registry.npmjs.org/@babel%2fplugin-transform-block-scoping 718ms (cache revalidated)
5004 silly packumentCache full:https://registry.npmjs.org/@babel%2fplugin-transform-block-scoping set size:325996 disposed:false
5005 http fetch GET 200 https://registry.npmjs.org/@babel%2fplugin-transform-function-name 628ms (cache miss)
5006 silly packumentCache full:https://registry.npmjs.org/@babel%2fplugin-transform-function-name set size:undefined disposed:false
5007 http fetch GET 200 https://registry.npmjs.org/@babel%2fplugin-transform-react-jsx-self 523ms (cache revalidated)
5008 silly packumentCache full:https://registry.npmjs.org/@babel%2fplugin-transform-react-jsx-self set size:200274 disposed:false
5009 http fetch GET 200 https://registry.npmjs.org/@babel%2fplugin-transform-computed-properties 515ms (cache miss)
5010 silly packumentCache full:https://registry.npmjs.org/@babel%2fplugin-transform-computed-properties set size:undefined disposed:false
5011 http fetch GET 200 https://registry.npmjs.org/@babel%2fplugin-transform-async-to-generator 579ms (cache revalidated)
5012 silly packumentCache full:https://registry.npmjs.org/@babel%2fplugin-transform-async-to-generator set size:248954 disposed:false
5013 http fetch GET 200 https://registry.npmjs.org/@babel%2fplugin-transform-numeric-separator 597ms (cache miss)
5014 silly packumentCache full:https://registry.npmjs.org/@babel%2fplugin-transform-numeric-separator set size:undefined disposed:false
5015 http fetch GET 200 https://registry.npmjs.org/@babel%2fplugin-transform-optional-catch-binding 478ms (cache revalidated)
5016 silly packumentCache full:https://registry.npmjs.org/@babel%2fplugin-transform-optional-catch-binding set size:95205 disposed:false
5017 http fetch GET 200 https://registry.npmjs.org/@babel%2fplugin-transform-logical-assignment-operators 503ms (cache revalidated)
5018 silly packumentCache full:https://registry.npmjs.org/@babel%2fplugin-transform-logical-assignment-operators set size:104752 disposed:false
5019 http fetch GET 200 https://registry.npmjs.org/@babel%2fplugin-transform-async-generator-functions 514ms (cache revalidated)
5020 silly packumentCache full:https://registry.npmjs.org/@babel%2fplugin-transform-async-generator-functions set size:130193 disposed:false
5021 http fetch GET 200 https://registry.npmjs.org/@babel%2fplugin-transform-named-capturing-groups-regex 502ms (cache revalidated)
5022 silly packumentCache full:https://registry.npmjs.org/@babel%2fplugin-transform-named-capturing-groups-regex set size:197029 disposed:false
5023 silly placeDep ROOT @babel/plugin-syntax-decorators@7.29.7 OK for: @babel/plugin-proposal-decorators@7.29.7 want: ^7.29.7
5024 silly placeDep ROOT @babel/plugin-syntax-flow@7.29.7 OK for: @babel/plugin-transform-flow-strip-types@7.29.7 want: ^7.29.7
5025 silly placeDep ROOT @babel/plugin-transform-destructuring@7.29.7 OK for: @babel/plugin-transform-object-rest-spread@7.29.7 want: ^7.29.7
5026 silly placeDep ROOT babel-plugin-polyfill-corejs2@0.4.17 OK for: @babel/plugin-transform-runtime@7.29.7 want: ^0.4.14
5027 silly placeDep ROOT babel-plugin-polyfill-corejs3@0.13.0 OK for: @babel/plugin-transform-runtime@7.29.7 want: ^0.13.0
5028 silly placeDep ROOT babel-plugin-polyfill-regenerator@0.6.8 OK for: @babel/plugin-transform-runtime@7.29.7 want: ^0.6.5
5029 silly fetch manifest @babel/helper-define-polyfill-provider@^0.6.8
5030 silly packumentCache full:https://registry.npmjs.org/@babel%2fhelper-define-polyfill-provider cache-miss
5031 silly fetch manifest core-js-compat@^3.43.0
5032 silly packumentCache full:https://registry.npmjs.org/core-js-compat cache-miss
5033 silly fetch manifest @babel/helper-define-polyfill-provider@^0.6.5
5034 silly packumentCache full:https://registry.npmjs.org/@babel%2fhelper-define-polyfill-provider cache-miss
5035 silly fetch manifest @babel/helper-define-polyfill-provider@^0.6.8
5036 silly packumentCache full:https://registry.npmjs.org/@babel%2fhelper-define-polyfill-provider cache-miss
5037 http fetch GET 200 https://registry.npmjs.org/core-js-compat 298ms (cache revalidated)
5038 silly packumentCache full:https://registry.npmjs.org/core-js-compat set size:345744 disposed:false
5039 http fetch GET 200 https://registry.npmjs.org/@babel%2fhelper-define-polyfill-provider 471ms (cache revalidated)
5040 silly packumentCache full:https://registry.npmjs.org/@babel%2fhelper-define-polyfill-provider set size:119317 disposed:false
5041 http fetch GET 200 https://registry.npmjs.org/@babel%2fhelper-define-polyfill-provider 477ms (cache revalidated)
5042 silly packumentCache full:https://registry.npmjs.org/@babel%2fhelper-define-polyfill-provider set size:119317 disposed:false
5043 silly packumentCache full:https://registry.npmjs.org/@babel%2fhelper-define-polyfill-provider dispose
5044 http fetch GET 200 https://registry.npmjs.org/@babel%2fhelper-define-polyfill-provider 484ms (cache revalidated)
5045 silly packumentCache full:https://registry.npmjs.org/@babel%2fhelper-define-polyfill-provider set size:119317 disposed:true
5046 silly packumentCache full:https://registry.npmjs.org/@babel%2fhelper-define-polyfill-provider dispose
5047 silly placeDep ROOT @babel/plugin-transform-react-display-name@7.29.7 OK for: @babel/preset-react@7.29.7 want: ^7.29.7
5048 silly placeDep ROOT @babel/plugin-transform-react-jsx@7.29.7 OK for: @babel/preset-react@7.29.7 want: ^7.29.7
5049 silly placeDep ROOT @babel/plugin-transform-react-jsx-development@7.29.7 OK for: @babel/preset-react@7.29.7 want: ^7.29.7
5050 silly placeDep ROOT @babel/plugin-transform-react-pure-annotations@7.29.7 OK for: @babel/preset-react@7.29.7 want: ^7.29.7
5051 silly placeDep ROOT @babel/plugin-syntax-dynamic-import@7.8.3 OK for: @react-native/babel-preset@0.81.5 want: ^7.8.3
5052 silly placeDep ROOT @babel/plugin-transform-async-generator-functions@7.29.7 OK for: @react-native/babel-preset@0.81.5 want: ^7.25.4
5053 silly placeDep ROOT @babel/plugin-transform-async-to-generator@7.29.7 OK for: @react-native/babel-preset@0.81.5 want: ^7.24.7
5054 silly placeDep ROOT @babel/plugin-transform-block-scoping@7.29.7 OK for: @react-native/babel-preset@0.81.5 want: ^7.25.0
5055 silly placeDep ROOT @babel/plugin-transform-computed-properties@7.29.7 OK for: @react-native/babel-preset@0.81.5 want: ^7.24.7
5056 silly placeDep ROOT @babel/plugin-transform-for-of@7.29.7 OK for: @react-native/babel-preset@0.81.5 want: ^7.24.7
5057 silly placeDep ROOT @babel/plugin-transform-function-name@7.29.7 OK for: @react-native/babel-preset@0.81.5 want: ^7.25.1
5058 silly placeDep ROOT @babel/plugin-transform-literals@7.29.7 OK for: @react-native/babel-preset@0.81.5 want: ^7.25.2
5059 silly placeDep ROOT @babel/plugin-transform-logical-assignment-operators@7.29.7 OK for: @react-native/babel-preset@0.81.5 want: ^7.24.7
5060 silly placeDep ROOT @babel/plugin-transform-named-capturing-groups-regex@7.29.7 OK for: @react-native/babel-preset@0.81.5 want: ^7.24.7
5061 silly placeDep ROOT @babel/plugin-transform-numeric-separator@7.29.7 OK for: @react-native/babel-preset@0.81.5 want: ^7.24.7
5062 silly placeDep ROOT @babel/plugin-transform-optional-catch-binding@7.29.7 OK for: @react-native/babel-preset@0.81.5 want: ^7.24.7
5063 silly placeDep ROOT @babel/plugin-transform-react-jsx-self@7.29.7 OK for: @react-native/babel-preset@0.81.5 want: ^7.24.7
5064 silly placeDep ROOT @babel/plugin-transform-react-jsx-source@7.29.7 OK for: @react-native/babel-preset@0.81.5 want: ^7.24.7
5065 silly placeDep ROOT @babel/plugin-transform-regenerator@7.29.7 OK for: @react-native/babel-preset@0.81.5 want: ^7.24.7
5066 silly placeDep ROOT @babel/plugin-transform-spread@7.29.7 OK for: @react-native/babel-preset@0.81.5 want: ^7.24.7
5067 silly placeDep ROOT @babel/plugin-transform-sticky-regex@7.29.7 OK for: @react-native/babel-preset@0.81.5 want: ^7.24.7
5068 silly placeDep ROOT @react-native/babel-plugin-codegen@0.81.5 OK for: @react-native/babel-preset@0.81.5 want: 0.81.5
5069 silly fetch manifest @babel/helper-remap-async-to-generator@^7.29.7
5070 silly packumentCache full:https://registry.npmjs.org/@babel%2fhelper-remap-async-to-generator cache-miss
5071 silly fetch manifest @babel/helper-remap-async-to-generator@^7.29.7
5072 silly packumentCache full:https://registry.npmjs.org/@babel%2fhelper-remap-async-to-generator cache-miss
5073 http fetch GET 200 https://registry.npmjs.org/@babel%2fhelper-remap-async-to-generator 321ms (cache revalidated)
5074 silly packumentCache full:https://registry.npmjs.org/@babel%2fhelper-remap-async-to-generator set size:230688 disposed:false
5075 http fetch GET 200 https://registry.npmjs.org/@babel%2fhelper-remap-async-to-generator 331ms (cache revalidated)
5076 silly packumentCache full:https://registry.npmjs.org/@babel%2fhelper-remap-async-to-generator set size:230688 disposed:false
5077 silly packumentCache full:https://registry.npmjs.org/@babel%2fhelper-remap-async-to-generator dispose
5078 silly placeDep ROOT @babel/helper-remap-async-to-generator@7.29.7 OK for: @babel/plugin-transform-async-generator-functions@7.29.7 want: ^7.29.7
5079 silly fetch manifest @babel/helper-wrap-function@^7.29.7
5080 silly packumentCache full:https://registry.npmjs.org/@babel%2fhelper-wrap-function cache-miss
5081 http fetch GET 200 https://registry.npmjs.org/@babel%2fhelper-wrap-function 290ms (cache revalidated)
5082 silly packumentCache full:https://registry.npmjs.org/@babel%2fhelper-wrap-function set size:224861 disposed:false
5083 silly placeDep ROOT @babel/helper-wrap-function@7.29.7 OK for: @babel/helper-remap-async-to-generator@7.29.7 want: ^7.29.7
5084 silly fetch manifest @babel/core@^7.4.0 || ^8.0.0-0 <8.0.0
5085 silly packumentCache full:https://registry.npmjs.org/@babel%2fcore cache-hit
5086 silly placeDep ROOT @babel/helper-define-polyfill-provider@0.6.8 OK for: babel-plugin-polyfill-corejs2@0.4.17 want: ^0.6.8
5087 silly fetch manifest resolve@^1.22.11
5088 silly packumentCache full:https://registry.npmjs.org/resolve cache-hit
5089 silly fetch manifest lodash.debounce@^4.0.8
5090 silly packumentCache full:https://registry.npmjs.org/lodash.debounce cache-miss
5091 http fetch GET 200 https://registry.npmjs.org/lodash.debounce 309ms (cache revalidated)
5092 silly packumentCache full:https://registry.npmjs.org/lodash.debounce set size:44123 disposed:false
5093 silly placeDep ROOT lodash.debounce@4.0.8 OK for: @babel/helper-define-polyfill-provider@0.6.8 want: ^4.0.8
5094 silly placeDep node_modules/@babel/helper-define-polyfill-provider resolve@1.22.12 OK for: @babel/helper-define-polyfill-provider@0.6.8 want: ^1.22.11
5095 silly placeDep ROOT core-js-compat@3.49.0 OK for: babel-plugin-polyfill-corejs3@0.13.0 want: ^3.43.0
5096 silly placeDep node_modules/expo hermes-estree@0.29.1 OK for: hermes-parser@0.29.1 want: 0.29.1
5097 silly placeDep node_modules/expo brace-expansion@2.1.1 OK for: minimatch@9.0.9 want: ^2.0.2
5098 silly placeDep node_modules/finalhandler ms@2.0.0 OK for: debug@2.6.9 want: 2.0.0
5099 silly placeDep node_modules/glob brace-expansion@5.0.7 OK for: minimatch@10.2.5 want: ^5.0.5
5100 silly placeDep node_modules/glob balanced-match@4.0.4 OK for: brace-expansion@5.0.7 want: ^4.0.2
5101 silly placeDep node_modules/lighthouse-logger ms@2.0.0 OK for: debug@2.6.9 want: 2.0.0
5102 silly placeDep node_modules/log-symbols ansi-styles@3.2.1 OK for: chalk@2.4.2 want: ^3.2.1
5103 silly placeDep node_modules/log-symbols escape-string-regexp@1.0.5 OK for: chalk@2.4.2 want: ^1.0.5
5104 silly placeDep node_modules/log-symbols supports-color@5.5.0 OK for: chalk@2.4.2 want: ^5.3.0
5105 silly placeDep node_modules/log-symbols color-convert@1.9.3 OK for: ansi-styles@3.2.1 want: ^1.9.0
5106 silly placeDep node_modules/log-symbols color-name@1.1.3 OK for: color-convert@1.9.3 want: 1.1.3
5107 silly placeDep node_modules/log-symbols has-flag@3.0.0 OK for: supports-color@5.5.0 want: ^3.0.0
5108 silly placeDep node_modules/ora ansi-styles@3.2.1 OK for: chalk@2.4.2 want: ^3.2.1
5109 silly placeDep node_modules/ora escape-string-regexp@1.0.5 OK for: chalk@2.4.2 want: ^1.0.5
5110 silly placeDep node_modules/ora supports-color@5.5.0 OK for: chalk@2.4.2 want: ^5.3.0
5111 silly placeDep node_modules/ora color-convert@1.9.3 OK for: ansi-styles@3.2.1 want: ^1.9.0
5112 silly placeDep node_modules/ora color-name@1.1.3 OK for: color-convert@1.9.3 want: 1.1.3
5113 silly placeDep node_modules/ora ansi-regex@4.1.1 OK for: strip-ansi@5.2.0 want: ^4.1.0
5114 silly placeDep node_modules/ora has-flag@3.0.0 OK for: supports-color@5.5.0 want: ^3.0.0
5115 silly placeDep node_modules/send/node_modules/debug ms@2.0.0 OK for: debug@2.6.9 want: 2.0.0
5116 silly placeDep node_modules/vaul @radix-ui/react-compose-refs@1.1.3 OK for: @radix-ui/react-dialog@1.1.18 want: 1.1.3
5117 silly placeDep node_modules/vaul @radix-ui/react-dismissable-layer@1.1.14 OK for: @radix-ui/react-dialog@1.1.18 want: 1.1.14
5118 silly placeDep ROOT @radix-ui/react-focus-guards@1.1.4 OK for: @radix-ui/react-dialog@1.1.18 want: 1.1.4
5119 silly placeDep node_modules/vaul @radix-ui/react-focus-scope@1.1.11 OK for: @radix-ui/react-dialog@1.1.18 want: 1.1.11
5120 silly placeDep node_modules/vaul @radix-ui/react-portal@1.1.13 OK for: @radix-ui/react-dialog@1.1.18 want: 1.1.13
5121 silly placeDep node_modules/vaul @radix-ui/react-presence@1.1.6 OK for: @radix-ui/react-dialog@1.1.18 want: 1.1.6
5122 silly placeDep node_modules/vaul @radix-ui/react-primitive@2.1.7 OK for: @radix-ui/react-dialog@1.1.18 want: 2.1.7
5123 silly placeDep node_modules/vaul @radix-ui/react-slot@1.3.0 OK for: @radix-ui/react-dialog@1.1.18 want: 1.3.0
5124 silly placeDep ROOT aria-hidden@1.2.6 OK for: @radix-ui/react-dialog@1.1.18 want: ^1.2.4
5125 silly placeDep ROOT react-remove-scroll@2.7.2 OK for: @radix-ui/react-dialog@1.1.18 want: ^2.7.2
5126 silly fetch manifest react-remove-scroll-bar@^2.3.7
5127 silly packumentCache full:https://registry.npmjs.org/react-remove-scroll-bar cache-miss
5128 silly fetch manifest react-style-singleton@^2.2.3
5129 silly packumentCache full:https://registry.npmjs.org/react-style-singleton cache-miss
5130 silly fetch manifest use-callback-ref@^1.3.3
5131 silly packumentCache full:https://registry.npmjs.org/use-callback-ref cache-miss
5132 silly fetch manifest use-sidecar@^1.1.3
5133 silly packumentCache full:https://registry.npmjs.org/use-sidecar cache-miss
5134 http fetch GET 200 https://registry.npmjs.org/react-style-singleton 142ms (cache revalidated)
5135 silly packumentCache full:https://registry.npmjs.org/react-style-singleton set size:33682 disposed:false
5136 http fetch GET 200 https://registry.npmjs.org/use-callback-ref 148ms (cache revalidated)
5137 silly packumentCache full:https://registry.npmjs.org/use-callback-ref set size:47599 disposed:false
5138 http fetch GET 200 https://registry.npmjs.org/use-sidecar 159ms (cache revalidated)
5139 silly packumentCache full:https://registry.npmjs.org/use-sidecar set size:58998 disposed:false
5140 http fetch GET 200 https://registry.npmjs.org/react-remove-scroll-bar 323ms (cache revalidated)
5141 silly packumentCache full:https://registry.npmjs.org/react-remove-scroll-bar set size:66434 disposed:false
5142 silly fetch manifest react@^16.8.0 || ^17.0.0 || ^18.0.0 || ^19.0.0 || ^19.0.0-rc
5143 silly packumentCache full:https://registry.npmjs.org/react cache-miss
5144 http cache https://registry.npmjs.org/react 30ms (cache hit)
5145 silly packumentCache full:https://registry.npmjs.org/react set size:6765208 disposed:false
5146 silly placeDep ROOT react-remove-scroll-bar@2.3.8 OK for: react-remove-scroll@2.7.2 want: ^2.3.7
5147 silly placeDep ROOT react-style-singleton@2.2.3 OK for: react-remove-scroll@2.7.2 want: ^2.2.3
5148 silly placeDep ROOT use-callback-ref@1.3.3 OK for: react-remove-scroll@2.7.2 want: ^1.3.3
5149 silly placeDep ROOT use-sidecar@1.1.3 OK for: react-remove-scroll@2.7.2 want: ^1.1.3
5150 silly fetch manifest react-style-singleton@^2.2.2
5151 silly packumentCache full:https://registry.npmjs.org/react-style-singleton cache-hit
5152 silly fetch manifest get-nonce@^1.0.0
5153 silly packumentCache full:https://registry.npmjs.org/get-nonce cache-miss
5154 silly fetch manifest detect-node-es@^1.1.0
5155 silly packumentCache full:https://registry.npmjs.org/detect-node-es cache-miss
5156 http fetch GET 200 https://registry.npmjs.org/detect-node-es 134ms (cache revalidated)
5157 silly packumentCache full:https://registry.npmjs.org/detect-node-es set size:6554 disposed:false
5158 http fetch GET 200 https://registry.npmjs.org/get-nonce 144ms (cache revalidated)
5159 silly packumentCache full:https://registry.npmjs.org/get-nonce set size:8902 disposed:false
5160 silly placeDep ROOT get-nonce@1.0.1 OK for: react-style-singleton@2.2.3 want: ^1.0.0
5161 silly placeDep ROOT detect-node-es@1.1.0 OK for: use-sidecar@1.1.3 want: ^1.1.0
5162 silly reify moves {}
5163 silly audit bulk request {
5163 silly audit   '@expo/vector-icons': [ '15.1.1' ],
5163 silly audit   react: [ '19.1.0' ],
5163 silly audit   'expo-font': [ '14.0.12' ],
5163 silly audit   expo: [ '54.0.35' ],
5163 silly audit   'react-native': [ '0.81.5' ],
5163 silly audit   '@react-navigation/bottom-tabs': [ '7.18.7' ],
5163 silly audit   '@react-navigation/native': [ '7.3.7' ],
5163 silly audit   'react-native-safe-area-context': [ '5.6.2' ],
5163 silly audit   'react-native-screens': [ '4.16.0' ],
5163 silly audit   '@react-navigation/elements': [ '2.9.29' ],
5163 silly audit   '@types/react': [ '19.1.17' ],
5163 silly audit   eslint: [ '9.39.4' ],
5163 silly audit   'eslint-config-expo': [ '10.0.0' ],
5163 silly audit   'expo-constants': [ '18.0.13' ],
5163 silly audit   'expo-haptics': [ '15.0.8' ],
5163 silly audit   'expo-image': [ '3.0.11' ],
5163 silly audit   'expo-linking': [ '8.0.12' ],
5163 silly audit   'expo-router': [ '6.0.24' ],
5163 silly audit   'expo-splash-screen': [ '31.0.13' ],
5163 silly audit   'expo-status-bar': [ '3.0.9' ],
5163 silly audit   'expo-symbols': [ '1.0.8' ],
5163 silly audit   'expo-system-ui': [ '6.0.9' ],
5163 silly audit   'expo-web-browser': [ '15.0.11' ],
5163 silly audit   'react-dom': [ '19.1.0' ],
5163 silly audit   'react-native-gesture-handler': [ '2.28.0' ],
5163 silly audit   'react-native-reanimated': [ '4.1.7' ],
5163 silly audit   'react-native-worklets': [ '0.5.1' ],
5163 silly audit   '@babel/core': [ '7.29.7' ],
5163 silly audit   'react-native-web': [ '0.21.2' ],
5163 silly audit   typescript: [ '5.9.3' ],
5163 silly audit   '@babel/code-frame': [ '7.29.7', '7.10.4' ],
5163 silly audit   '@babel/generator': [ '7.29.7' ],
5163 silly audit   '@babel/helper-compilation-targets': [ '7.29.7' ],
5163 silly audit   '@babel/helper-module-transforms': [ '7.29.7' ],
5163 silly audit   '@babel/helpers': [ '7.29.7' ],
5163 silly audit   '@babel/parser': [ '7.29.7' ],
5163 silly audit   '@babel/template': [ '7.29.7' ],
5163 silly audit   '@babel/traverse': [ '7.29.7' ],
5163 silly audit   '@babel/types': [ '7.29.7' ],
5163 silly audit   '@jridgewell/remapping': [ '2.3.5' ],
5163 silly audit   'convert-source-map': [ '2.0.0' ],
5163 silly audit   debug: [ '4.4.3', '3.2.7', '2.6.9' ],
5163 silly audit   gensync: [ '1.0.0-beta.2' ],
5163 silly audit   json5: [ '2.2.3', '1.0.2' ],
5163 silly audit   semver: [ '6.3.1', '7.8.5', '7.6.3', '7.7.2' ],
5163 silly audit   '@babel/helper-validator-identifier': [ '7.29.7' ],
5163 silly audit   'js-tokens': [ '4.0.0' ],
5163 silly audit   picocolors: [ '1.1.1' ],
5163 silly audit   '@jridgewell/gen-mapping': [ '0.3.13' ],
5163 silly audit   '@jridgewell/trace-mapping': [ '0.3.31' ],
5163 silly audit   jsesc: [ '3.1.0' ],
5163 silly audit   '@babel/compat-data': [ '7.29.7' ],
5163 silly audit   '@babel/helper-validator-option': [ '7.29.7' ],
5163 silly audit   browserslist: [ '4.28.4' ],
5163 silly audit   'lru-cache': [ '5.1.1', '11.5.1', '10.4.3' ],
5163 silly audit   '@babel/helper-module-imports': [ '7.29.7' ],
5163 silly audit   '@babel/helper-globals': [ '7.29.7' ],
5163 silly audit   '@babel/helper-string-parser': [ '7.29.7' ],
5163 silly audit   '@jridgewell/sourcemap-codec': [ '1.5.5' ],
5163 silly audit   '@jridgewell/resolve-uri': [ '3.1.2' ],
5163 silly audit   color: [ '4.2.3' ],
5163 silly audit   'sf-symbols-typescript': [ '2.2.0' ],
5163 silly audit   'use-latest-callback': [ '0.2.6' ],
5163 silly audit   'use-sync-external-store': [ '1.6.0' ],
5163 silly audit   '@react-navigation/core': [ '7.21.5' ],
5163 silly audit   'escape-string-regexp': [ '4.0.0', '2.0.0', '1.0.5' ],
5163 silly audit   'fast-deep-equal': [ '3.1.3' ],
5163 silly audit   nanoid: [ '3.3.15' ],
5163 silly audit   'standard-navigation': [ '0.0.7' ],
5163 silly audit   '@react-navigation/routers': [ '7.6.0' ],
5163 silly audit   'query-string': [ '7.1.3' ],
5163 silly audit   'react-is': [ '19.2.7', '18.3.1', '16.13.1' ],
5163 silly audit   csstype: [ '3.2.3' ],
5163 silly audit   'baseline-browser-mapping': [ '2.10.41' ],
5163 silly audit   'caniuse-lite': [ '1.0.30001800' ],
5163 silly audit   'electron-to-chromium': [ '1.5.385' ],
5163 silly audit   'node-releases': [ '2.0.50' ],
5163 silly audit   'update-browserslist-db': [ '1.2.3' ],
5163 silly audit   'color-convert': [ '2.0.1', '1.9.3' ],
5163 silly audit   'color-string': [ '1.9.1' ],
5163 silly audit   'color-name': [ '1.1.4', '1.1.3' ],
5163 silly audit   'simple-swizzle': [ '0.2.4' ],
5163 silly audit   ms: [ '2.1.3', '2.0.0' ],
5163 silly audit   '@eslint-community/eslint-utils': [ '4.9.1' ],
5163 silly audit   '@eslint-community/regexpp': [ '4.12.2' ],
5163 silly audit   '@eslint/config-array': [ '0.21.2' ],
5163 silly audit   '@eslint/config-helpers': [ '0.4.2' ],
5163 silly audit   '@eslint/core': [ '0.17.0' ],
5163 silly audit   '@eslint/eslintrc': [ '3.3.5' ],
5163 silly audit   '@eslint/js': [ '9.39.4' ],
5163 silly audit   '@eslint/plugin-kit': [ '0.4.1' ],
5163 silly audit   '@humanfs/node': [ '0.16.8' ],
5163 silly audit   '@humanwhocodes/module-importer': [ '1.0.1' ],
5163 silly audit   '@humanwhocodes/retry': [ '0.4.3' ],
5163 silly audit   '@types/estree': [ '1.0.9' ],
5163 silly audit   ajv: [ '6.15.0' ],
5163 silly audit   chalk: [ '4.1.2', '2.4.2' ],
5163 silly audit   'cross-spawn': [ '7.0.6' ],
5163 silly audit   'eslint-scope': [ '8.4.0' ],
5163 silly audit   'eslint-visitor-keys': [ '4.2.1', '3.4.3', '5.0.1' ],
5163 silly audit   espree: [ '10.4.0' ],
5163 silly audit   esquery: [ '1.7.0' ],
5163 silly audit   esutils: [ '2.0.3' ],
5163 silly audit   'file-entry-cache': [ '8.0.0' ],
5163 silly audit   'find-up': [ '5.0.0', '4.1.0' ],
5163 silly audit   'glob-parent': [ '6.0.2' ],
5163 silly audit   ignore: [ '5.3.2', '7.0.5' ],
5163 silly audit   imurmurhash: [ '0.1.4' ],
5163 silly audit   'is-glob': [ '4.0.3' ],
5163 silly audit   'json-stable-stringify-without-jsonify': [ '1.0.1' ],
5163 silly audit   'lodash.merge': [ '4.6.2' ],
5163 silly audit   minimatch: [ '3.1.5', '10.2.5', '9.0.9' ],
5163 silly audit   'natural-compare': [ '1.4.0' ],
5163 silly audit   optionator: [ '0.9.4' ],
5163 silly audit   '@eslint/object-schema': [ '2.1.7' ],
5163 silly audit   '@types/json-schema': [ '7.0.15' ],
5163 silly audit   globals: [ '14.0.0', '16.5.0' ],
5163 silly audit   'import-fresh': [ '3.3.1' ],
5163 silly audit   'js-yaml': [ '4.3.0', '3.15.0' ],
5163 silly audit   'strip-json-comments': [ '3.1.1', '2.0.1' ],
5163 silly audit   levn: [ '0.4.1' ],
5163 silly audit   '@humanfs/core': [ '0.19.2' ],
5163 silly audit   '@humanfs/types': [ '0.15.0' ],
5163 silly audit   'fast-json-stable-stringify': [ '2.1.0' ],
5163 silly audit   'json-schema-traverse': [ '0.4.1' ],
5163 silly audit   'uri-js': [ '4.4.1' ],
5163 silly audit   'ansi-styles': [ '4.3.0', '5.2.0', '3.2.1' ],
5163 silly audit   'supports-color': [ '7.2.0', '8.1.1', '5.5.0' ],
5163 silly audit   'path-key': [ '3.1.1' ],
5163 silly audit   'shebang-command': [ '2.0.0' ],
5163 silly audit   which: [ '2.0.2' ],
5163 silly audit   '@typescript-eslint/eslint-plugin': [ '8.62.1' ],
5163 silly audit   '@typescript-eslint/parser': [ '8.62.1' ],
5163 silly audit   'eslint-import-resolver-typescript': [ '3.10.1' ],
5163 silly audit   'eslint-plugin-expo': [ '1.1.0' ],
5163 silly audit   'eslint-plugin-import': [ '2.32.0' ],
5163 silly audit   'eslint-plugin-react': [ '7.37.5' ],
5163 silly audit   'eslint-plugin-react-hooks': [ '5.2.0' ],
5163 silly audit   '@typescript-eslint/scope-manager': [ '8.62.1' ],
5163 silly audit   '@typescript-eslint/type-utils': [ '8.62.1' ],
5163 silly audit   '@typescript-eslint/utils': [ '8.62.1' ],
5163 silly audit   '@typescript-eslint/visitor-keys': [ '8.62.1' ],
5163 silly audit   'ts-api-utils': [ '2.5.0' ],
5163 silly audit   '@typescript-eslint/types': [ '8.62.1' ],
5163 silly audit   '@typescript-eslint/typescript-estree': [ '8.62.1' ],
5163 silly audit   '@typescript-eslint/project-service': [ '8.62.1' ],
5163 silly audit   '@typescript-eslint/tsconfig-utils': [ '8.62.1' ],
5163 silly audit   tinyglobby: [ '0.2.17' ],
5163 silly audit   '@nolyfill/is-core-module': [ '1.0.39' ],
5163 silly audit   'get-tsconfig': [ '4.14.0' ],
5163 silly audit   'is-bun-module': [ '2.0.0' ],
5163 silly audit   'stable-hash': [ '0.0.5' ],
5163 silly audit   'unrs-resolver': [ '1.12.2' ],
5163 silly audit   '@rtsao/scc': [ '1.1.0' ],
5163 silly audit   'array-includes': [ '3.1.9' ],
5163 silly audit   'array.prototype.findlastindex': [ '1.2.6' ],
5163 silly audit   'array.prototype.flat': [ '1.3.3' ],
5163 silly audit   'array.prototype.flatmap': [ '1.3.3' ],
5163 silly audit   doctrine: [ '2.1.0' ],
5163 silly audit   'eslint-import-resolver-node': [ '0.3.10' ],
5163 silly audit   'eslint-module-utils': [ '2.14.0' ],
5163 silly audit   hasown: [ '2.0.4' ],
5163 silly audit   'is-core-module': [ '2.16.2' ],
5163 silly audit   'object.fromentries': [ '2.0.8' ],
5163 silly audit   'object.groupby': [ '1.0.3' ],
5163 silly audit   'object.values': [ '1.2.1' ],
5163 silly audit   'string.prototype.trimend': [ '1.0.10' ],
5163 silly audit   'tsconfig-paths': [ '3.15.0' ],
5163 silly audit   'call-bind': [ '1.0.9' ],
5163 silly audit   'call-bound': [ '1.0.4' ],
5163 silly audit   'define-properties': [ '1.2.1' ],
5163 silly audit   'es-abstract': [ '1.24.2' ],
5163 silly audit   'es-object-atoms': [ '1.1.2' ],
5163 silly audit   'get-intrinsic': [ '1.3.0' ],
5163 silly audit   'is-string': [ '1.1.1' ],
5163 silly audit   'math-intrinsics': [ '1.1.0' ],
5163 silly audit   'es-errors': [ '1.3.0' ],
5163 silly audit   'es-shim-unscopables': [ '1.1.0' ],
5163 silly audit   'call-bind-apply-helpers': [ '1.0.2' ],
5163 silly audit   'es-define-property': [ '1.0.1' ],
5163 silly audit   'set-function-length': [ '1.2.2' ],
5163 silly audit   'function-bind': [ '1.1.2' ],
5163 silly audit   'define-data-property': [ '1.1.4' ],
5163 silly audit   'has-property-descriptors': [ '1.0.2' ],
5163 silly audit   'object-keys': [ '1.1.1' ],
5163 silly audit   gopd: [ '1.2.0' ],
5163 silly audit   'array-buffer-byte-length': [ '1.0.2' ],
5163 silly audit   'arraybuffer.prototype.slice': [ '1.0.4' ],
5163 silly audit   'available-typed-arrays': [ '1.0.7' ],
5163 silly audit   'data-view-buffer': [ '1.0.2' ],
5163 silly audit   'data-view-byte-length': [ '1.0.2' ],
5163 silly audit   'data-view-byte-offset': [ '1.0.1' ],
5163 silly audit   'es-set-tostringtag': [ '2.1.0' ],
5163 silly audit   'es-to-primitive': [ '1.3.4' ],
5163 silly audit   'function.prototype.name': [ '1.2.0' ],
5163 silly audit   'get-proto': [ '1.0.1' ],
5163 silly audit   'get-symbol-description': [ '1.1.0' ],
5163 silly audit   globalthis: [ '1.0.4' ],
5163 silly audit   'has-proto': [ '1.2.0' ],
5163 silly audit   'has-symbols': [ '1.1.0' ],
5163 silly audit   'internal-slot': [ '1.1.0' ],
5163 silly audit   'is-array-buffer': [ '3.0.5' ],
5163 silly audit   'is-callable': [ '1.2.7' ],
5163 silly audit   'is-data-view': [ '1.0.2' ],
5163 silly audit   'is-negative-zero': [ '2.0.3' ],
5163 silly audit   'is-regex': [ '1.2.1' ],
5163 silly audit   'is-set': [ '2.0.3' ],
5163 silly audit   'is-shared-array-buffer': [ '1.0.4' ],
5163 silly audit   'is-typed-array': [ '1.1.15' ],
5163 silly audit   'is-weakref': [ '1.1.1' ],
5163 silly audit   'object-inspect': [ '1.13.4' ],
5163 silly audit   'object.assign': [ '4.1.7' ],
5163 silly audit   'own-keys': [ '1.0.1' ],
5163 silly audit   'regexp.prototype.flags': [ '1.5.4' ],
5163 silly audit   'safe-array-concat': [ '1.1.4' ],
5163 silly audit   'safe-push-apply': [ '1.0.0' ],
5163 silly audit   'safe-regex-test': [ '1.1.0' ],
5163 silly audit   'set-proto': [ '1.0.0' ],
5163 silly audit   'stop-iteration-iterator': [ '1.1.0' ],
5163 silly audit   'string.prototype.trim': [ '1.2.11' ],
5163 silly audit   'string.prototype.trimstart': [ '1.0.8' ],
5163 silly audit   'typed-array-buffer': [ '1.0.3' ],
5163 silly audit   'typed-array-byte-length': [ '1.0.3' ],
5163 silly audit   'typed-array-byte-offset': [ '1.0.4' ],
5163 silly audit   'typed-array-length': [ '1.0.8' ],
5163 silly audit   'unbox-primitive': [ '1.1.0' ],
5163 silly audit   'which-typed-array': [ '1.1.22' ],
5163 silly audit   'possible-typed-array-names': [ '1.1.0' ],
5163 silly audit   'has-tostringtag': [ '1.0.2' ],
5163 silly audit   'es-abstract-get': [ '1.0.0' ],
5163 silly audit   'is-date-object': [ '1.1.0' ],
5163 silly audit   'is-symbol': [ '1.1.1' ],
5163 silly audit   resolve: [ '2.0.0-next.7', '1.22.12', '1.7.1' ],
5163 silly audit   'array.prototype.findlast': [ '1.2.5' ],
5163 silly audit   'array.prototype.tosorted': [ '1.1.4' ],
5163 silly audit   'es-iterator-helpers': [ '1.3.3' ],
5163 silly audit   estraverse: [ '5.3.0' ],
5163 silly audit   'jsx-ast-utils': [ '3.3.5' ],
5163 silly audit   'object.entries': [ '1.1.9' ],
5163 silly audit   'prop-types': [ '15.8.1' ],
5163 silly audit   'string.prototype.matchall': [ '4.0.12' ],
5163 silly audit   'string.prototype.repeat': [ '1.0.0' ],
5163 silly audit   'iterator.prototype': [ '1.1.5' ],
5163 silly audit   esrecurse: [ '4.3.0' ],
5163 silly audit   acorn: [ '8.17.0' ],
5163 silly audit   'acorn-jsx': [ '5.3.2' ],
5163 silly audit   '@babel/runtime': [ '7.29.7' ],
5163 silly audit   '@expo/cli': [ '54.0.25' ],
5163 silly audit   '@expo/config': [ '12.0.13' ],
5163 silly audit   '@expo/config-plugins': [ '54.0.4' ],
5163 silly audit   '@expo/devtools': [ '0.1.8' ],
5163 silly audit   '@expo/fingerprint': [ '0.15.5' ],
5163 silly audit   '@expo/metro': [ '54.2.0' ],
5163 silly audit   '@expo/metro-config': [ '54.0.16' ],
5163 silly audit   '@ungap/structured-clone': [ '1.3.2' ],
5163 silly audit   'babel-preset-expo': [ '54.0.11' ],
5163 silly audit   'react-refresh': [ '0.14.2' ],
5163 silly audit   'expo-asset': [ '12.0.13' ],
5163 silly audit   'expo-file-system': [ '19.0.23' ],
5163 silly audit   'expo-keep-awake': [ '15.0.8' ],
5163 silly audit   'expo-modules-autolinking': [ '3.0.26' ],
5163 silly audit   'expo-modules-core': [ '3.0.30' ],
5163 silly audit   'pretty-format': [ '29.7.0' ],
5163 silly audit   'whatwg-url-without-unicode': [ '8.0.0-3' ],
5163 silly audit   '@expo/config-types': [ '54.0.10' ],
5163 silly audit   '@expo/json-file': [ '10.2.0', '10.0.16', '11.0.0' ],
5163 silly audit   deepmerge: [ '4.3.1' ],
5163 silly audit   getenv: [ '2.0.0' ],
5163 silly audit   glob: [ '13.0.6', '7.2.3' ],
5163 silly audit   'require-from-string': [ '2.0.2' ],
5163 silly audit   'resolve-from': [ '5.0.0', '4.0.0' ],
5163 silly audit   'resolve-workspace-root': [ '2.0.1' ],
5163 silly audit   slugify: [ '1.6.9' ],
5163 silly audit   sucrase: [ '3.35.1' ],
5163 silly audit   '@expo/plist': [ '0.4.9' ],
5163 silly audit   '@expo/sdk-runtime-versions': [ '1.0.0' ],
5163 silly audit   slash: [ '3.0.0' ],
5163 silly audit   xcode: [ '3.0.1' ],
5163 silly audit   xml2js: [ '0.6.0' ],
5163 silly audit   '@expo/spawn-async': [ '1.8.0' ],
5163 silly audit   arg: [ '5.0.2' ],
5163 silly audit   'p-limit': [ '3.1.0', '2.3.0' ],
5163 silly audit   metro: [ '0.83.3' ],
5163 silly audit   'metro-babel-transformer': [ '0.83.3' ],
5163 silly audit   'metro-cache': [ '0.83.3' ],
5163 silly audit   'metro-cache-key': [ '0.83.3' ],
5163 silly audit   'metro-config': [ '0.83.3' ],
5163 silly audit   'metro-core': [ '0.83.3' ],
5163 silly audit   'metro-file-map': [ '0.83.3' ],
5163 silly audit   'metro-minify-terser': [ '0.83.3' ],
5163 silly audit   'metro-resolver': [ '0.83.3' ],
5163 silly audit   'metro-runtime': [ '0.83.3' ],
5163 silly audit   'metro-source-map': [ '0.83.3' ],
5163 silly audit   'metro-symbolicate': [ '0.83.3' ],
5163 silly audit   'metro-transform-plugins': [ '0.83.3' ],
5163 silly audit   'metro-transform-worker': [ '0.83.3' ],
5163 silly audit   '@xmldom/xmldom': [ '0.8.13', '0.9.10' ],
5163 silly audit   'base64-js': [ '1.5.1' ],
5163 silly audit   xmlbuilder: [ '15.1.1', '11.0.1' ],
5163 silly audit   '@expo/env': [ '2.0.11' ],
5163 silly audit   dotenv: [ '16.4.7' ],
5163 silly audit   'dotenv-expand': [ '11.0.7' ],
5163 silly audit   fontfaceobserver: [ '2.3.0' ],
5163 silly audit   invariant: [ '2.2.4' ],
5163 silly audit   commander: [ '7.2.0', '12.1.0', '4.1.1', '2.20.3' ],
5163 silly audit   '@expo/metro-runtime': [ '6.1.2' ],
5163 silly audit   '@expo/schema-utils': [ '0.1.8' ],
5163 silly audit   '@radix-ui/react-slot': [ '1.2.0', '1.3.0' ],
5163 silly audit   '@radix-ui/react-tabs': [ '1.1.16' ],
5163 silly audit   '@react-navigation/native-stack': [ '7.17.9' ],
5163 silly audit   'client-only': [ '0.0.1' ],
5163 silly audit   'expo-server': [ '1.0.7' ],
5163 silly audit   'react-fast-compare': [ '3.2.2' ],
5163 silly audit   'react-native-is-edge-to-edge': [ '1.3.1' ],
5163 silly audit   'server-only': [ '0.0.1' ],
5163 silly audit   shallowequal: [ '1.1.0' ],
5163 silly audit   vaul: [ '1.1.2' ],
5163 silly audit   anser: [ '1.4.10' ],
5163 silly audit   'stacktrace-parser': [ '0.1.11' ],
5163 silly audit   'whatwg-fetch': [ '3.6.20' ],
5163 silly audit   '@radix-ui/react-compose-refs': [ '1.1.2', '1.1.3' ],
5163 silly audit   'warn-once': [ '0.1.1' ],
5163 silly audit   '@expo/prebuild-config': [ '54.0.8' ],
5163 silly audit   '@expo/image-utils': [ '0.8.14' ],
5163 silly audit   '@react-native/normalize-colors': [ '0.81.5', '0.74.89' ],
5163 silly audit   '@expo/require-utils': [ '55.0.5' ],
5163 silly audit   'jimp-compact': [ '0.16.1' ],
5163 silly audit   'parse-png': [ '2.1.0' ],
5163 silly audit   '@babel/plugin-transform-modules-commonjs': [ '7.29.7' ],
5163 silly audit   '@babel/helper-plugin-utils': [ '7.29.7' ],
5163 silly audit   'flat-cache': [ '4.0.1' ],
5163 silly audit   'locate-path': [ '6.0.0', '5.0.0' ],
5163 silly audit   'path-exists': [ '4.0.0' ],
5163 silly audit   flatted: [ '3.4.2' ],
5163 silly audit   keyv: [ '4.5.4' ],
5163 silly audit   'functions-have-names': [ '1.2.3' ],
5163 silly audit   'is-document.all': [ '1.0.0' ],
5163 silly audit   'dunder-proto': [ '1.0.1' ],
5163 silly audit   'resolve-pkg-maps': [ '1.0.0' ],
5163 silly audit   minipass: [ '7.1.3' ],
5163 silly audit   'path-scurry': [ '2.0.2' ],
5163 silly audit   'parent-module': [ '1.0.1' ],
5163 silly audit   'side-channel': [ '1.1.1' ],
5163 silly audit   'loose-envify': [ '1.4.0' ],
5163 silly audit   'is-extglob': [ '2.1.1' ],
5163 silly audit   'set-function-name': [ '2.0.2' ],
5163 silly audit   argparse: [ '2.0.1', '1.0.10' ],
5163 silly audit   'json-buffer': [ '3.0.1' ],
5163 silly audit   'prelude-ls': [ '1.2.1' ],
5163 silly audit   'type-check': [ '0.4.0' ],
5163 silly audit   'p-locate': [ '5.0.0', '4.1.0' ],
5163 silly audit   yallist: [ '3.1.1', '5.0.0' ],
5163 silly audit   accepts: [ '1.3.8' ],
5163 silly audit   'ci-info': [ '2.0.0', '3.9.0' ],
5163 silly audit   connect: [ '3.7.0' ],
5163 silly audit   'error-stack-parser': [ '2.1.4' ],
5163 silly audit   'flow-enums-runtime': [ '0.0.6' ],
5163 silly audit   'graceful-fs': [ '4.2.11' ],
5163 silly audit   'hermes-parser': [ '0.32.0', '0.29.1' ],
5163 silly audit   'image-size': [ '1.2.1' ],
5163 silly audit   'jest-worker': [ '29.7.0' ],
5163 silly audit   'jsc-safe-url': [ '0.2.4' ],
5163 silly audit   'lodash.throttle': [ '4.1.1' ],
5163 silly audit   'mime-types': [ '2.1.35' ],
5163 silly audit   nullthrows: [ '1.1.1' ],
5163 silly audit   'serialize-error': [ '2.1.0' ],
5163 silly audit   'source-map': [ '0.5.7', '0.6.1' ],
5163 silly audit   throat: [ '5.0.0' ],
5163 silly audit   ws: [ '7.5.11', '6.2.4', '8.21.0' ],
5163 silly audit   yargs: [ '17.7.3' ],
5163 silly audit   negotiator: [ '0.6.3', '0.6.4' ],
5163 silly audit   finalhandler: [ '1.1.2' ],
5163 silly audit   parseurl: [ '1.3.3' ],
5163 silly audit   'utils-merge': [ '1.0.1' ],
5163 silly audit   stackframe: [ '1.3.4' ],
5163 silly audit   encodeurl: [ '1.0.2', '2.0.0' ],
5163 silly audit   'escape-html': [ '1.0.3' ],
5163 silly audit   'on-finished': [ '2.3.0', '2.4.1' ],
5163 silly audit   statuses: [ '1.5.0', '2.0.2' ],
5163 silly audit   unpipe: [ '1.0.0' ],
5163 silly audit   'hermes-estree': [ '0.32.0', '0.29.1' ],
5163 silly audit   queue: [ '6.0.2' ],
5163 silly audit   '@types/node': [ '26.1.0' ],
5163 silly audit   'jest-util': [ '29.7.0' ],
5163 silly audit   'merge-stream': [ '2.0.0' ],
5163 silly audit   'undici-types': [ '8.3.0' ],
5163 silly audit   '@jest/types': [ '29.6.3' ],
5163 silly audit   picomatch: [ '2.3.2', '4.0.5' ],
5163 silly audit   '@jest/schemas': [ '29.6.3' ],
5163 silly audit   '@types/istanbul-lib-coverage': [ '2.0.6' ],
5163 silly audit   '@types/istanbul-reports': [ '3.0.4' ],
5163 silly audit   '@types/yargs': [ '17.0.35' ],
5163 silly audit   '@sinclair/typebox': [ '0.27.10' ],
5163 silly audit   '@types/istanbul-lib-report': [ '3.0.3' ],
5163 silly audit   '@types/yargs-parser': [ '21.0.3' ],
5163 silly audit   'exponential-backoff': [ '3.1.3' ],
5163 silly audit   'https-proxy-agent': [ '7.0.6' ],
5163 silly audit   'agent-base': [ '7.1.4' ],
5163 silly audit   'jest-validate': [ '29.7.0' ],
5163 silly audit   yaml: [ '2.9.0' ],
5163 silly audit   camelcase: [ '6.3.0', '5.3.1' ],
5163 silly audit   'jest-get-type': [ '29.6.3' ],
5163 silly audit   leven: [ '3.1.0' ],
5163 silly audit   'fb-watchman': [ '2.0.2' ],
5163 silly audit   micromatch: [ '4.0.8' ],
5163 silly audit   walker: [ '1.0.8' ],
5163 silly audit   bser: [ '2.1.1' ],
5163 silly audit   'node-int64': [ '0.4.0' ],
5163 silly audit   terser: [ '5.48.0' ],
5163 silly audit   ob1: [ '0.83.3' ],
5163 silly audit   vlq: [ '1.0.1' ],
5163 silly audit   braces: [ '3.0.3' ],
5163 silly audit   'fill-range': [ '7.1.1' ],
5163 silly audit   'to-regex-range': [ '5.0.1' ],
5163 silly audit   'mime-db': [ '1.52.0' ],
5163 silly audit   'brace-expansion': [ '1.1.15', '5.0.7', '2.1.1' ],
5163 silly audit   'balanced-match': [ '1.0.2', '4.0.4' ],
5163 silly audit   'concat-map': [ '0.0.1' ],
5163 silly audit   'ee-first': [ '1.1.1' ],
5163 silly audit   'deep-is': [ '0.1.4' ],
5163 silly audit   'fast-levenshtein': [ '2.0.6' ],
5163 silly audit   'word-wrap': [ '1.2.5' ],
5163 silly audit   'yocto-queue': [ '0.1.0' ],
5163 silly audit   callsites: [ '3.1.0' ],
5163 silly audit   pngjs: [ '3.4.0' ],
5163 silly audit   'object-assign': [ '4.1.1' ],
5163 silly audit   'decode-uri-component': [ '0.2.2' ],
5163 silly audit   'filter-obj': [ '1.1.0' ],
5163 silly audit   'split-on-first': [ '1.1.0' ],
5163 silly audit   'strict-uri-encode': [ '2.0.0' ],
5163 silly audit   inherits: [ '2.0.4' ],
5163 silly audit   scheduler: [ '0.26.0' ],
5163 silly audit   '@jest/create-cache-key-function': [ '29.7.0' ],
5163 silly audit   '@react-native/assets-registry': [ '0.81.5' ],
5163 silly audit   '@react-native/codegen': [ '0.81.5' ],
5163 silly audit   '@react-native/community-cli-plugin': [ '0.81.5' ],
5163 silly audit   '@react-native/gradle-plugin': [ '0.81.5' ],
5163 silly audit   '@react-native/js-polyfills': [ '0.81.5' ],
5163 silly audit   '@react-native/virtualized-lists': [ '0.81.5' ],
5163 silly audit   'abort-controller': [ '3.0.0' ],
5163 silly audit   'ansi-regex': [ '5.0.1', '4.1.1' ],
5163 silly audit   'babel-jest': [ '29.7.0' ],
5163 silly audit   'babel-plugin-syntax-hermes-parser': [ '0.29.1' ],
5163 silly audit   'jest-environment-node': [ '29.7.0' ],
5163 silly audit   'memoize-one': [ '5.2.1', '6.0.0' ],
5163 silly audit   promise: [ '8.3.0', '7.3.1' ],
5163 silly audit   'react-devtools-core': [ '6.1.5' ],
5163 silly audit   'regenerator-runtime': [ '0.13.11' ],
5163 silly audit   '@react-native/dev-middleware': [ '0.81.5' ],
5163 silly audit   '@isaacs/ttlcache': [ '1.4.1' ],
5163 silly audit   '@react-native/debugger-frontend': [ '0.81.5' ],
5163 silly audit   'chrome-launcher': [ '0.15.2' ],
5163 silly audit   'chromium-edge-launcher': [ '0.2.0' ],
5163 silly audit   open: [ '7.4.2', '8.4.2' ],
5163 silly audit   'serve-static': [ '1.16.3' ],
5163 silly audit   'event-target-shim': [ '5.0.1' ],
5163 silly audit   '@jest/transform': [ '29.7.0' ],
5163 silly audit   '@types/babel__core': [ '7.20.5' ],
5163 silly audit   'babel-plugin-istanbul': [ '6.1.1' ],
5163 silly audit   'babel-preset-jest': [ '29.6.3' ],
5163 silly audit   'jest-haste-map': [ '29.7.0' ],
5163 silly audit   'jest-regex-util': [ '29.6.3' ],
5163 silly audit   pirates: [ '4.0.7' ],
5163 silly audit   'write-file-atomic': [ '4.0.2' ],
5163 silly audit   '@types/babel__generator': [ '7.27.0' ],
5163 silly audit   '@types/babel__template': [ '7.4.4' ],
5163 silly audit   '@types/babel__traverse': [ '7.28.0' ],
5163 silly audit   '@istanbuljs/load-nyc-config': [ '1.1.0' ],
5163 silly audit   '@istanbuljs/schema': [ '0.1.6' ],
5163 silly audit   'istanbul-lib-instrument': [ '5.2.1' ],
5163 silly audit   'test-exclude': [ '6.0.0' ],
5163 silly audit   'get-package-type': [ '0.1.0' ],
5163 silly audit   'babel-plugin-jest-hoist': [ '29.6.3' ],
5163 silly audit   'babel-preset-current-node-syntax': [ '1.2.0' ],
5163 silly audit   '@babel/plugin-syntax-async-generators': [ '7.8.4' ],
5163 silly audit   '@babel/plugin-syntax-bigint': [ '7.8.3' ],
5163 silly audit   '@babel/plugin-syntax-class-properties': [ '7.12.13' ],
5163 silly audit   '@babel/plugin-syntax-class-static-block': [ '7.14.5' ],
5163 silly audit   '@babel/plugin-syntax-import-attributes': [ '7.29.7' ],
5163 silly audit   '@babel/plugin-syntax-import-meta': [ '7.10.4' ],
5163 silly audit   '@babel/plugin-syntax-json-strings': [ '7.8.3' ],
5163 silly audit   '@babel/plugin-syntax-logical-assignment-operators': [ '7.10.4' ],
5163 silly audit   '@babel/plugin-syntax-nullish-coalescing-operator': [ '7.8.3' ],
5163 silly audit   '@babel/plugin-syntax-numeric-separator': [ '7.10.4' ],
5163 silly audit   '@babel/plugin-syntax-object-rest-spread': [ '7.8.3' ],
5163 silly audit   '@babel/plugin-syntax-optional-catch-binding': [ '7.8.3' ],
5163 silly audit   '@babel/plugin-syntax-optional-chaining': [ '7.8.3' ],
5163 silly audit   '@babel/plugin-syntax-private-property-in-object': [ '7.14.5' ],
5163 silly audit   '@babel/plugin-syntax-top-level-await': [ '7.14.5' ],
5163 silly audit   'is-wsl': [ '2.2.0' ],
5163 silly audit   'lighthouse-logger': [ '1.4.2' ],
5163 silly audit   mkdirp: [ '1.0.4' ],
5163 silly audit   rimraf: [ '3.0.2' ],
5163 silly audit   'is-docker': [ '2.2.1' ],
5163 silly audit   'istanbul-lib-coverage': [ '3.2.2' ],
5163 silly audit   '@jest/environment': [ '29.7.0' ],
5163 silly audit   '@jest/fake-timers': [ '29.7.0' ],
5163 silly audit   'jest-mock': [ '29.7.0' ],
5163 silly audit   '@sinonjs/fake-timers': [ '10.3.0' ],
5163 silly audit   'jest-message-util': [ '29.7.0' ],
5163 silly audit   '@sinonjs/commons': [ '3.0.1' ],
5163 silly audit   'type-detect': [ '4.0.8' ],
5163 silly audit   '@types/graceful-fs': [ '4.1.9' ],
5163 silly audit   anymatch: [ '3.1.3' ],
5163 silly audit   fsevents: [ '2.3.3' ],
5163 silly audit   'normalize-path': [ '3.0.0' ],
5163 silly audit   '@types/stack-utils': [ '2.0.3' ],
5163 silly audit   'stack-utils': [ '2.0.6' ],
5163 silly audit   marky: [ '1.3.0' ],
5163 silly audit   asap: [ '2.0.6' ],
5163 silly audit   'shell-quote': [ '1.9.0' ],
5163 silly audit   '@egjs/hammerjs': [ '2.0.17' ],
5163 silly audit   'hoist-non-react-statics': [ '3.3.2' ],
5163 silly audit   '@types/hammerjs': [ '2.0.46' ],
5163 silly audit   'react-freeze': [ '1.0.4' ],
5163 silly audit   fbjs: [ '3.0.5' ],
5163 silly audit   'inline-style-prefixer': [ '7.0.1' ],
5163 silly audit   'postcss-value-parser': [ '4.2.0' ],
5163 silly audit   styleq: [ '0.1.3' ],
5163 silly audit   'cross-fetch': [ '3.2.0' ],
5163 silly audit   'fbjs-css-vars': [ '1.0.2' ],
5163 silly audit   setimmediate: [ '1.0.5' ],
5163 silly audit   'ua-parser-js': [ '1.0.41' ],
5163 silly audit   'node-fetch': [ '2.7.0' ],
5163 silly audit   'css-in-js-utils': [ '3.1.0' ],
5163 silly audit   'hyphenate-style-name': [ '1.1.0' ],
5163 silly audit   'whatwg-url': [ '5.0.0' ],
5163 silly audit   '@babel/plugin-transform-arrow-functions': [ '7.29.7' ],
5163 silly audit   '@babel/plugin-transform-class-properties': [ '7.29.7' ],
5163 silly audit   '@babel/plugin-transform-classes': [ '7.29.7' ],
5163 silly audit   '@babel/plugin-transform-nullish-coalescing-operator': [ '7.29.7' ],
5163 silly audit   '@babel/plugin-transform-optional-chaining': [ '7.29.7' ],
5163 silly audit   '@babel/plugin-transform-shorthand-properties': [ '7.29.7' ],
5163 silly audit   '@babel/plugin-transform-template-literals': [ '7.29.7' ],
5163 silly audit   '@babel/plugin-transform-unicode-regex': [ '7.29.7' ],
5163 silly audit   '@babel/preset-typescript': [ '7.29.7' ],
5163 silly audit   '@babel/helper-create-class-features-plugin': [ '7.29.7' ],
5163 silly audit   '@babel/helper-annotate-as-pure': [ '7.29.7' ],
5163 silly audit   '@babel/helper-member-expression-to-functions': [ '7.29.7' ],
5163 silly audit   '@babel/helper-optimise-call-expression': [ '7.29.7' ],
5163 silly audit   '@babel/helper-replace-supers': [ '7.29.7' ],
5163 silly audit   '@babel/helper-skip-transparent-expression-wrappers': [ '7.29.7' ],
5163 silly audit   '@babel/helper-create-regexp-features-plugin': [ '7.29.7' ],
5163 silly audit   'regexpu-core': [ '6.4.0' ],
5163 silly audit   '@babel/plugin-syntax-jsx': [ '7.29.7' ],
5163 silly audit   '@babel/plugin-transform-typescript': [ '7.29.7' ],
5163 silly audit   '@babel/plugin-syntax-typescript': [ '7.29.7' ],
5163 silly audit   regenerate: [ '1.4.2' ],
5163 silly audit   'regenerate-unicode-properties': [ '10.2.2' ],
5163 silly audit   regjsgen: [ '0.8.0' ],
5163 silly audit   regjsparser: [ '0.13.2' ],
5163 silly audit   'unicode-match-property-ecmascript': [ '2.0.0' ],
5163 silly audit   'unicode-match-property-value-ecmascript': [ '2.2.1' ],
5163 silly audit   'node-exports-info': [ '1.6.2' ],
5163 silly audit   'path-parse': [ '1.0.7' ],
5163 silly audit   'supports-preserve-symlinks-flag': [ '1.0.0' ],
5163 silly audit   isarray: [ '2.0.5' ],
5163 silly audit   send: [ '0.19.2' ],
5163 silly audit   depd: [ '2.0.0' ],
5163 silly audit   destroy: [ '1.2.0' ],
5163 silly audit   etag: [ '1.8.1' ],
5163 silly audit   fresh: [ '0.5.2' ],
5163 silly audit   'http-errors': [ '2.0.1' ],
5163 silly audit   mime: [ '1.6.0' ],
5163 silly audit   'range-parser': [ '1.2.1' ],
5163 silly audit   setprototypeof: [ '1.2.0' ],
5163 silly audit   toidentifier: [ '1.0.1' ],
5163 silly audit   'shebang-regex': [ '3.0.0' ],
5163 silly audit   'side-channel-list': [ '1.0.1' ],
5163 silly audit   'side-channel-map': [ '1.0.1' ],
5163 silly audit   'side-channel-weakmap': [ '1.0.2' ],
5163 silly audit   'is-arrayish': [ '0.3.4' ],
5163 silly audit   'type-fest': [ '0.7.1', '0.21.3' ],
5163 silly audit   'lines-and-columns': [ '1.2.4' ],
5163 silly audit   mz: [ '2.7.0' ],
5163 silly audit   'ts-interface-checker': [ '0.1.13' ],
5163 silly audit   'any-promise': [ '1.3.0' ],
5163 silly audit   'thenify-all': [ '1.6.0' ],
5163 silly audit   'has-flag': [ '4.0.0', '3.0.0' ],
5163 silly audit   '@jridgewell/source-map': [ '0.3.11' ],
5163 silly audit   'source-map-support': [ '0.5.21' ],
5163 silly audit   'buffer-from': [ '1.1.2' ],
5163 silly audit   thenify: [ '3.3.1' ],
5163 silly audit   fdir: [ '6.5.0' ],
5163 silly audit   'is-number': [ '7.0.0' ],
5163 silly audit   '@types/json5': [ '0.0.29' ],
5163 silly audit   minimist: [ '1.2.8' ],
5163 silly audit   'strip-bom': [ '3.0.0' ],
5163 silly audit   'for-each': [ '0.3.5' ],
5163 silly audit   'reflect.getprototypeof': [ '1.0.10' ],
5163 silly audit   'which-builtin-type': [ '1.2.1' ],
5163 silly audit   'has-bigints': [ '1.1.0' ],
5163 silly audit   'which-boxed-primitive': [ '1.1.1' ],
5163 silly audit   'unicode-canonical-property-names-ecmascript': [ '2.0.1' ],
5163 silly audit   'unicode-property-aliases-ecmascript': [ '2.2.0' ],
5163 silly audit   '@unrs/resolver-binding-android-arm-eabi': [ '1.12.2' ],
5163 silly audit   '@unrs/resolver-binding-android-arm64': [ '1.12.2' ],
5163 silly audit   '@unrs/resolver-binding-darwin-arm64': [ '1.12.2' ],
5163 silly audit   '@unrs/resolver-binding-darwin-x64': [ '1.12.2' ],
5163 silly audit   '@unrs/resolver-binding-freebsd-x64': [ '1.12.2' ],
5163 silly audit   '@unrs/resolver-binding-linux-arm-gnueabihf': [ '1.12.2' ],
5163 silly audit   '@unrs/resolver-binding-linux-arm-musleabihf': [ '1.12.2' ],
5163 silly audit   '@unrs/resolver-binding-linux-arm64-gnu': [ '1.12.2' ],
5163 silly audit   '@unrs/resolver-binding-linux-arm64-musl': [ '1.12.2' ],
5163 silly audit   '@unrs/resolver-binding-linux-loong64-gnu': [ '1.12.2' ],
5163 silly audit   '@unrs/resolver-binding-linux-loong64-musl': [ '1.12.2' ],
5163 silly audit   '@unrs/resolver-binding-linux-ppc64-gnu': [ '1.12.2' ],
5163 silly audit   '@unrs/resolver-binding-linux-riscv64-gnu': [ '1.12.2' ],
5163 silly audit   '@unrs/resolver-binding-linux-riscv64-musl': [ '1.12.2' ],
5163 silly audit   '@unrs/resolver-binding-linux-s390x-gnu': [ '1.12.2' ],
5163 silly audit   '@unrs/resolver-binding-linux-x64-gnu': [ '1.12.2' ],
5163 silly audit   '@unrs/resolver-binding-linux-x64-musl': [ '1.12.2' ],
5163 silly audit   '@unrs/resolver-binding-openharmony-arm64': [ '1.12.2' ],
5163 silly audit   '@unrs/resolver-binding-wasm32-wasi': [ '1.12.2' ],
5163 silly audit   '@unrs/resolver-binding-win32-arm64-msvc': [ '1.12.2' ],
5163 silly audit   '@unrs/resolver-binding-win32-ia32-msvc': [ '1.12.2' ],
5163 silly audit   '@unrs/resolver-binding-win32-x64-msvc': [ '1.12.2' ],
5163 silly audit   'napi-postinstall': [ '0.3.4' ],
5163 silly audit   '@emnapi/core': [ '1.10.0' ],
5163 silly audit   '@emnapi/runtime': [ '1.10.0' ],
5163 silly audit   '@napi-rs/wasm-runtime': [ '1.1.6' ],
5163 silly audit   '@emnapi/wasi-threads': [ '1.2.1' ],
5163 silly audit   tslib: [ '2.8.1' ],
5163 silly audit   '@tybys/wasm-util': [ '0.10.3' ],
5163 silly audit   escalade: [ '3.2.0' ],
5163 silly audit   punycode: [ '2.3.1' ],
5163 silly audit   '@radix-ui/react-dialog': [ '1.1.18' ],
5163 silly audit   makeerror: [ '1.0.12' ],
5163 silly audit   tmpl: [ '1.0.5' ],
5163 silly audit   tr46: [ '0.0.3' ],
5163 silly audit   'webidl-conversions': [ '3.0.1', '5.0.0' ],
5163 silly audit   buffer: [ '5.7.1' ],
5163 silly audit   ieee754: [ '1.2.1' ],
5163 silly audit   isexe: [ '2.0.0' ],
5163 silly audit   'is-bigint': [ '1.1.0' ],
5163 silly audit   'is-boolean-object': [ '1.2.2' ],
5163 silly audit   'is-number-object': [ '1.1.1' ],
5163 silly audit   'is-async-function': [ '2.1.1' ],
5163 silly audit   'is-finalizationregistry': [ '1.1.1' ],
5163 silly audit   'is-generator-function': [ '1.1.2' ],
5163 silly audit   'which-collection': [ '1.0.2' ],
5163 silly audit   'async-function': [ '1.0.0' ],
5163 silly audit   'generator-function': [ '2.0.1' ],
5163 silly audit   'is-map': [ '2.0.3' ],
5163 silly audit   'is-weakmap': [ '2.0.2' ],
5163 silly audit   'is-weakset': [ '2.0.4' ],
5163 silly audit   'signal-exit': [ '3.0.7' ],
5163 silly audit   'simple-plist': [ '1.3.1' ],
5163 silly audit   uuid: [ '7.0.3' ],
5163 silly audit   'bplist-creator': [ '0.1.0' ],
5163 silly audit   'bplist-parser': [ '0.3.1' ],
5163 silly audit   plist: [ '3.1.1' ],
5163 silly audit   'stream-buffers': [ '2.2.0' ],
5163 silly audit   'big-integer': [ '1.6.52' ],
5163 silly audit   sax: [ '1.6.0' ],
5163 silly audit   cliui: [ '8.0.1' ],
5163 silly audit   'get-caller-file': [ '2.0.5' ],
5163 silly audit   'require-directory': [ '2.1.1' ],
5163 silly audit   'string-width': [ '4.2.3' ],
5163 silly audit   y18n: [ '5.0.8' ],
5163 silly audit   'yargs-parser': [ '21.1.1' ],
5163 silly audit   'strip-ansi': [ '6.0.1', '5.2.0' ],
5163 silly audit   'wrap-ansi': [ '7.0.0' ],
5163 silly audit   'emoji-regex': [ '8.0.0' ],
5163 silly audit   'is-fullwidth-code-point': [ '3.0.0' ],
5163 silly audit   '@babel/highlight': [ '7.25.9' ],
5163 silly audit   esprima: [ '4.0.1' ],
5163 silly audit   'sprintf-js': [ '1.0.3' ],
5163 silly audit   'p-try': [ '2.2.0' ],
5163 silly audit   'fs.realpath': [ '1.0.0' ],
5163 silly audit   inflight: [ '1.0.6' ],
5163 silly audit   once: [ '1.4.0' ],
5163 silly audit   'path-is-absolute': [ '1.0.1' ],
5163 silly audit   wrappy: [ '1.0.2' ],
5163 silly audit   'async-limiter': [ '1.0.1' ],
5163 silly audit   '@radix-ui/primitive': [ '1.1.4' ],
5163 silly audit   '@radix-ui/react-context': [ '1.1.4' ],
5163 silly audit   '@radix-ui/react-direction': [ '1.1.2' ],
5163 silly audit   '@radix-ui/react-id': [ '1.1.2' ],
5163 silly audit   '@radix-ui/react-presence': [ '1.1.6' ],
5163 silly audit   '@radix-ui/react-primitive': [ '2.1.7' ],
5163 silly audit   '@radix-ui/react-roving-focus': [ '1.1.14' ],
5163 silly audit   '@radix-ui/react-use-controllable-state': [ '1.2.3' ],
5163 silly audit   '@radix-ui/react-use-layout-effect': [ '1.1.2' ],
5163 silly audit   '@radix-ui/react-use-effect-event': [ '0.0.3' ],
5163 silly audit   '@radix-ui/react-collection': [ '1.1.11' ],
5163 silly audit   '@radix-ui/react-use-callback-ref': [ '1.1.2' ],
5163 silly audit   '@0no-co/graphql.web': [ '1.3.2' ],
5163 silly audit   '@expo/code-signing-certificates': [ '0.0.6' ],
5163 silly audit   '@expo/devcert': [ '1.2.1' ],
5163 silly audit   '@expo/osascript': [ '2.7.0' ],
5163 silly audit   '@expo/package-manager': [ '1.13.0' ],
5163 silly audit   '@expo/ws-tunnel': [ '1.0.6' ],
5163 silly audit   '@expo/xcpretty': [ '4.4.4' ],
5163 silly audit   '@urql/core': [ '5.2.0' ],
5163 silly audit   '@urql/exchange-retry': [ '1.3.2' ],
5163 silly audit   'better-opn': [ '3.0.2' ],
5163 silly audit   compression: [ '1.8.1' ],
5163 silly audit   'env-editor': [ '0.4.2' ],
5163 silly audit   'freeport-async': [ '2.0.0' ],
5163 silly audit   'lan-network': [ '0.2.1' ],
5163 silly audit   'node-forge': [ '1.4.0' ],
5163 silly audit   'npm-package-arg': [ '11.0.3' ],
5163 silly audit   ora: [ '3.4.0' ],
5163 silly audit   'pretty-bytes': [ '5.6.0' ],
5163 silly audit   progress: [ '2.0.3' ],
5163 silly audit   prompts: [ '2.4.2' ],
5163 silly audit   'qrcode-terminal': [ '0.11.0' ],
5163 silly audit   requireg: [ '0.2.2' ],
5163 silly audit   'resolve.exports': [ '2.0.3' ],
5163 silly audit   'structured-headers': [ '0.4.1' ],
5163 silly audit   tar: [ '7.5.19' ],
5163 silly audit   'terminal-link': [ '2.1.1' ],
5163 silly audit   undici: [ '6.27.0' ],
5163 silly audit   '@expo/sudo-prompt': [ '9.3.2' ],
5163 silly audit   wonka: [ '6.3.6' ],
5163 silly audit   bytes: [ '3.1.2' ],
5163 silly audit   compressible: [ '2.0.18' ],
5163 silly audit   'on-headers': [ '1.1.0' ],
5163 silly audit   'safe-buffer': [ '5.2.1' ],
5163 silly audit   vary: [ '1.1.2' ],
5163 silly audit   'hosted-git-info': [ '7.0.2' ],
5163 silly audit   'proc-log': [ '4.2.0' ],
5163 silly audit   'validate-npm-package-name': [ '5.0.1' ],
5163 silly audit   'cli-cursor': [ '2.1.0' ],
5163 silly audit   'cli-spinners': [ '2.9.2' ],
5163 silly audit   'log-symbols': [ '2.2.0' ],
5163 silly audit   wcwidth: [ '1.0.1' ],
5163 silly audit   'restore-cursor': [ '2.0.0' ],
5163 silly audit   kleur: [ '3.0.3' ],
5163 silly audit   sisteransi: [ '1.0.5' ],
5163 silly audit   'nested-error-stacks': [ '2.0.1' ],
5163 silly audit   rc: [ '1.2.8' ],
5163 silly audit   'deep-extend': [ '0.6.0' ],
5163 silly audit   ini: [ '1.3.8' ],
5163 silly audit   onetime: [ '2.0.1' ],
5163 silly audit   'mimic-fn': [ '1.2.0' ],
5163 silly audit   '@isaacs/fs-minipass': [ '4.0.1' ],
5163 silly audit   chownr: [ '3.0.0' ],
5163 silly audit   minizlib: [ '3.1.0' ],
5163 silly audit   'ansi-escapes': [ '4.3.2' ],
5163 silly audit   'supports-hyperlinks': [ '2.3.0' ],
5163 silly audit   defaults: [ '1.0.4' ],
5163 silly audit   clone: [ '1.0.4' ],
5163 silly audit   'define-lazy-prop': [ '2.0.0' ],
5163 silly audit   lightningcss: [ '1.32.0' ],
5163 silly audit   postcss: [ '8.4.49' ],
5163 silly audit   'detect-libc': [ '2.1.2' ],
5163 silly audit   'lightningcss-android-arm64': [ '1.32.0' ],
5163 silly audit   'lightningcss-darwin-arm64': [ '1.32.0' ],
5163 silly audit   'lightningcss-darwin-x64': [ '1.32.0' ],
5163 silly audit   'lightningcss-freebsd-x64': [ '1.32.0' ],
5163 silly audit   'lightningcss-linux-arm-gnueabihf': [ '1.32.0' ],
5163 silly audit   'lightningcss-linux-arm64-gnu': [ '1.32.0' ],
5163 silly audit   'lightningcss-linux-arm64-musl': [ '1.32.0' ],
5163 silly audit   'lightningcss-linux-x64-gnu': [ '1.32.0' ],
5163 silly audit   'lightningcss-linux-x64-musl': [ '1.32.0' ],
5163 silly audit   'lightningcss-win32-arm64-msvc': [ '1.32.0' ],
5163 silly audit   'lightningcss-win32-x64-msvc': [ '1.32.0' ],
5163 silly audit   'source-map-js': [ '1.2.1' ],
5163 silly audit   '@babel/plugin-proposal-decorators': [ '7.29.7' ],
5163 silly audit   '@babel/plugin-proposal-export-default-from': [ '7.29.7' ],
5163 silly audit   '@babel/plugin-syntax-export-default-from': [ '7.29.7' ],
5163 silly audit   '@babel/plugin-transform-class-static-block': [ '7.29.7' ],
5163 silly audit   '@babel/plugin-transform-export-namespace-from': [ '7.29.7' ],
5163 silly audit   '@babel/plugin-transform-flow-strip-types': [ '7.29.7' ],
5163 silly audit   '@babel/plugin-transform-object-rest-spread': [ '7.29.7' ],
5163 silly audit   '@babel/plugin-transform-parameters': [ '7.29.7' ],
5163 silly audit   '@babel/plugin-transform-private-methods': [ '7.29.7' ],
5163 silly audit   '@babel/plugin-transform-private-property-in-object': [ '7.29.7' ],
5163 silly audit   '@babel/plugin-transform-runtime': [ '7.29.7' ],
5163 silly audit   '@babel/preset-react': [ '7.29.7' ],
5163 silly audit   '@react-native/babel-preset': [ '0.81.5' ],
5163 silly audit   'babel-plugin-react-compiler': [ '1.0.0' ],
5163 silly audit   'babel-plugin-react-native-web': [ '0.21.2' ],
5163 silly audit   'babel-plugin-transform-flow-enums': [ '0.0.2' ],
5163 silly audit   '@babel/plugin-syntax-decorators': [ '7.29.7' ],
5163 silly audit   '@babel/plugin-syntax-flow': [ '7.29.7' ],
5163 silly audit   '@babel/plugin-transform-destructuring': [ '7.29.7' ],
5163 silly audit   'babel-plugin-polyfill-corejs2': [ '0.4.17' ],
5163 silly audit   'babel-plugin-polyfill-corejs3': [ '0.13.0' ],
5163 silly audit   'babel-plugin-polyfill-regenerator': [ '0.6.8' ],
5163 silly audit   '@babel/plugin-transform-react-display-name': [ '7.29.7' ],
5163 silly audit   '@babel/plugin-transform-react-jsx': [ '7.29.7' ],
5163 silly audit   '@babel/plugin-transform-react-jsx-development': [ '7.29.7' ],
5163 silly audit   '@babel/plugin-transform-react-pure-annotations': [ '7.29.7' ],
5163 silly audit   '@babel/plugin-syntax-dynamic-import': [ '7.8.3' ],
5163 silly audit   '@babel/plugin-transform-async-generator-functions': [ '7.29.7' ],
5163 silly audit   '@babel/plugin-transform-async-to-generator': [ '7.29.7' ],
5163 silly audit   '@babel/plugin-transform-block-scoping': [ '7.29.7' ],
5163 silly audit   '@babel/plugin-transform-computed-properties': [ '7.29.7' ],
5163 silly audit   '@babel/plugin-transform-for-of': [ '7.29.7' ],
5163 silly audit   '@babel/plugin-transform-function-name': [ '7.29.7' ],
5163 silly audit   '@babel/plugin-transform-literals': [ '7.29.7' ],
5163 silly audit   '@babel/plugin-transform-logical-assignment-operators': [ '7.29.7' ],
5163 silly audit   '@babel/plugin-transform-named-capturing-groups-regex': [ '7.29.7' ],
5163 silly audit   '@babel/plugin-transform-numeric-separator': [ '7.29.7' ],
5163 silly audit   '@babel/plugin-transform-optional-catch-binding': [ '7.29.7' ],
5163 silly audit   '@babel/plugin-transform-react-jsx-self': [ '7.29.7' ],
5163 silly audit   '@babel/plugin-transform-react-jsx-source': [ '7.29.7' ],
5163 silly audit   '@babel/plugin-transform-regenerator': [ '7.29.7' ],
5163 silly audit   '@babel/plugin-transform-spread': [ '7.29.7' ],
5163 silly audit   '@babel/plugin-transform-sticky-regex': [ '7.29.7' ],
5163 silly audit   '@react-native/babel-plugin-codegen': [ '0.81.5' ],
5163 silly audit   '@babel/helper-remap-async-to-generator': [ '7.29.7' ],
5163 silly audit   '@babel/helper-wrap-function': [ '7.29.7' ],
5163 silly audit   '@babel/helper-define-polyfill-provider': [ '0.6.8' ],
5163 silly audit   'lodash.debounce': [ '4.0.8' ],
5163 silly audit   'core-js-compat': [ '3.49.0' ],
5163 silly audit   '@radix-ui/react-dismissable-layer': [ '1.1.14' ],
5163 silly audit   '@radix-ui/react-focus-guards': [ '1.1.4' ],
5163 silly audit   '@radix-ui/react-focus-scope': [ '1.1.11' ],
5163 silly audit   '@radix-ui/react-portal': [ '1.1.13' ],
5163 silly audit   'aria-hidden': [ '1.2.6' ],
5163 silly audit   'react-remove-scroll': [ '2.7.2' ],
5163 silly audit   'react-remove-scroll-bar': [ '2.3.8' ],
5163 silly audit   'react-style-singleton': [ '2.2.3' ],
5163 silly audit   'use-callback-ref': [ '1.3.3' ],
5163 silly audit   'use-sidecar': [ '1.1.3' ],
5163 silly audit   'get-nonce': [ '1.0.1' ],
5163 silly audit   'detect-node-es': [ '1.1.0' ]
5163 silly audit }
5164 http cache detect-node-es@https://registry.npmjs.org/detect-node-es/-/detect-node-es-1.1.0.tgz 0ms (cache hit)
5165 http cache get-nonce@https://registry.npmjs.org/get-nonce/-/get-nonce-1.0.1.tgz 0ms (cache hit)
5166 http cache use-sidecar@https://registry.npmjs.org/use-sidecar/-/use-sidecar-1.1.3.tgz 0ms (cache hit)
5167 http cache use-callback-ref@https://registry.npmjs.org/use-callback-ref/-/use-callback-ref-1.3.3.tgz 0ms (cache hit)
5168 http cache react-style-singleton@https://registry.npmjs.org/react-style-singleton/-/react-style-singleton-2.2.3.tgz 0ms (cache hit)
5169 http cache @radix-ui/react-focus-guards@https://registry.npmjs.org/@radix-ui/react-focus-guards/-/react-focus-guards-1.1.4.tgz 0ms (cache hit)
5170 http cache react-remove-scroll@https://registry.npmjs.org/react-remove-scroll/-/react-remove-scroll-2.7.2.tgz 0ms (cache hit)
5171 http cache react-remove-scroll-bar@https://registry.npmjs.org/react-remove-scroll-bar/-/react-remove-scroll-bar-2.3.8.tgz 0ms (cache hit)
5172 http cache aria-hidden@https://registry.npmjs.org/aria-hidden/-/aria-hidden-1.2.6.tgz 0ms (cache hit)
5173 http cache @babel/helper-wrap-function@https://registry.npmjs.org/@babel/helper-wrap-function/-/helper-wrap-function-7.29.7.tgz 0ms (cache hit)
5174 http cache core-js-compat@https://registry.npmjs.org/core-js-compat/-/core-js-compat-3.49.0.tgz 0ms (cache hit)
5175 http cache lodash.debounce@https://registry.npmjs.org/lodash.debounce/-/lodash.debounce-4.0.8.tgz 0ms (cache hit)
5176 http cache @react-native/babel-plugin-codegen@https://registry.npmjs.org/@react-native/babel-plugin-codegen/-/babel-plugin-codegen-0.81.5.tgz 0ms (cache hit)
5177 http cache @babel/helper-define-polyfill-provider@https://registry.npmjs.org/@babel/helper-define-polyfill-provider/-/helper-define-polyfill-provider-0.6.8.tgz 0ms (cache hit)
5178 http cache @babel/helper-remap-async-to-generator@https://registry.npmjs.org/@babel/helper-remap-async-to-generator/-/helper-remap-async-to-generator-7.29.7.tgz 0ms (cache hit)
5179 http cache @babel/plugin-transform-sticky-regex@https://registry.npmjs.org/@babel/plugin-transform-sticky-regex/-/plugin-transform-sticky-regex-7.29.7.tgz 0ms (cache hit)
5180 http cache @babel/plugin-transform-spread@https://registry.npmjs.org/@babel/plugin-transform-spread/-/plugin-transform-spread-7.29.7.tgz 0ms (cache hit)
5181 http cache @babel/plugin-transform-react-jsx-source@https://registry.npmjs.org/@babel/plugin-transform-react-jsx-source/-/plugin-transform-react-jsx-source-7.29.7.tgz 0ms (cache hit)
5182 http cache @babel/plugin-transform-regenerator@https://registry.npmjs.org/@babel/plugin-transform-regenerator/-/plugin-transform-regenerator-7.29.7.tgz 0ms (cache hit)
5183 http cache @babel/plugin-transform-react-jsx-self@https://registry.npmjs.org/@babel/plugin-transform-react-jsx-self/-/plugin-transform-react-jsx-self-7.29.7.tgz 0ms (cache hit)
5184 http cache @babel/plugin-transform-optional-catch-binding@https://registry.npmjs.org/@babel/plugin-transform-optional-catch-binding/-/plugin-transform-optional-catch-binding-7.29.7.tgz 0ms (cache hit)
5185 http cache @babel/plugin-transform-numeric-separator@https://registry.npmjs.org/@babel/plugin-transform-numeric-separator/-/plugin-transform-numeric-separator-7.29.7.tgz 0ms (cache hit)
5186 http cache @babel/plugin-transform-logical-assignment-operators@https://registry.npmjs.org/@babel/plugin-transform-logical-assignment-operators/-/plugin-transform-logical-assignment-operators-7.29.7.tgz 0ms (cache hit)
5187 http cache @babel/plugin-transform-named-capturing-groups-regex@https://registry.npmjs.org/@babel/plugin-transform-named-capturing-groups-regex/-/plugin-transform-named-capturing-groups-regex-7.29.7.tgz 0ms (cache hit)
5188 http cache @babel/plugin-transform-literals@https://registry.npmjs.org/@babel/plugin-transform-literals/-/plugin-transform-literals-7.29.7.tgz 0ms (cache hit)
5189 http cache @babel/plugin-transform-function-name@https://registry.npmjs.org/@babel/plugin-transform-function-name/-/plugin-transform-function-name-7.29.7.tgz 0ms (cache hit)
5190 http cache @babel/plugin-transform-for-of@https://registry.npmjs.org/@babel/plugin-transform-for-of/-/plugin-transform-for-of-7.29.7.tgz 0ms (cache hit)
5191 http cache @babel/plugin-transform-computed-properties@https://registry.npmjs.org/@babel/plugin-transform-computed-properties/-/plugin-transform-computed-properties-7.29.7.tgz 0ms (cache hit)
5192 http cache @babel/plugin-transform-block-scoping@https://registry.npmjs.org/@babel/plugin-transform-block-scoping/-/plugin-transform-block-scoping-7.29.7.tgz 0ms (cache hit)
5193 http cache @babel/plugin-transform-async-generator-functions@https://registry.npmjs.org/@babel/plugin-transform-async-generator-functions/-/plugin-transform-async-generator-functions-7.29.7.tgz 0ms (cache hit)
5194 http cache @babel/plugin-transform-async-to-generator@https://registry.npmjs.org/@babel/plugin-transform-async-to-generator/-/plugin-transform-async-to-generator-7.29.7.tgz 0ms (cache hit)
5195 http cache @babel/plugin-syntax-dynamic-import@https://registry.npmjs.org/@babel/plugin-syntax-dynamic-import/-/plugin-syntax-dynamic-import-7.8.3.tgz 0ms (cache hit)
5196 http cache babel-plugin-polyfill-regenerator@https://registry.npmjs.org/babel-plugin-polyfill-regenerator/-/babel-plugin-polyfill-regenerator-0.6.8.tgz 0ms (cache hit)
5197 http cache @babel/plugin-transform-react-pure-annotations@https://registry.npmjs.org/@babel/plugin-transform-react-pure-annotations/-/plugin-transform-react-pure-annotations-7.29.7.tgz 0ms (cache hit)
5198 http cache babel-plugin-polyfill-corejs3@https://registry.npmjs.org/babel-plugin-polyfill-corejs3/-/babel-plugin-polyfill-corejs3-0.13.0.tgz 0ms (cache hit)
5199 http cache @babel/plugin-transform-react-jsx@https://registry.npmjs.org/@babel/plugin-transform-react-jsx/-/plugin-transform-react-jsx-7.29.7.tgz 0ms (cache hit)
5200 http cache babel-plugin-polyfill-corejs2@https://registry.npmjs.org/babel-plugin-polyfill-corejs2/-/babel-plugin-polyfill-corejs2-0.4.17.tgz 0ms (cache hit)
5201 http cache @babel/plugin-transform-react-display-name@https://registry.npmjs.org/@babel/plugin-transform-react-display-name/-/plugin-transform-react-display-name-7.29.7.tgz 0ms (cache hit)
5202 http cache @babel/plugin-transform-react-jsx-development@https://registry.npmjs.org/@babel/plugin-transform-react-jsx-development/-/plugin-transform-react-jsx-development-7.29.7.tgz 0ms (cache hit)
5203 http cache babel-plugin-transform-flow-enums@https://registry.npmjs.org/babel-plugin-transform-flow-enums/-/babel-plugin-transform-flow-enums-0.0.2.tgz 0ms (cache hit)
5204 http cache @babel/plugin-transform-destructuring@https://registry.npmjs.org/@babel/plugin-transform-destructuring/-/plugin-transform-destructuring-7.29.7.tgz 0ms (cache hit)
5205 http cache babel-plugin-react-native-web@https://registry.npmjs.org/babel-plugin-react-native-web/-/babel-plugin-react-native-web-0.21.2.tgz 0ms (cache hit)
5206 http cache @babel/plugin-syntax-flow@https://registry.npmjs.org/@babel/plugin-syntax-flow/-/plugin-syntax-flow-7.29.7.tgz 0ms (cache hit)
5207 http cache @babel/plugin-syntax-decorators@https://registry.npmjs.org/@babel/plugin-syntax-decorators/-/plugin-syntax-decorators-7.29.7.tgz 0ms (cache hit)
5208 http cache babel-plugin-react-compiler@https://registry.npmjs.org/babel-plugin-react-compiler/-/babel-plugin-react-compiler-1.0.0.tgz 0ms (cache hit)
5209 http cache @react-native/babel-preset@https://registry.npmjs.org/@react-native/babel-preset/-/babel-preset-0.81.5.tgz 0ms (cache hit)
5210 http cache @babel/preset-react@https://registry.npmjs.org/@babel/preset-react/-/preset-react-7.29.7.tgz 0ms (cache hit)
5211 http cache @babel/plugin-transform-private-methods@https://registry.npmjs.org/@babel/plugin-transform-private-methods/-/plugin-transform-private-methods-7.29.7.tgz 0ms (cache hit)
5212 http cache @babel/plugin-transform-private-property-in-object@https://registry.npmjs.org/@babel/plugin-transform-private-property-in-object/-/plugin-transform-private-property-in-object-7.29.7.tgz 0ms (cache hit)
5213 http cache @babel/plugin-transform-object-rest-spread@https://registry.npmjs.org/@babel/plugin-transform-object-rest-spread/-/plugin-transform-object-rest-spread-7.29.7.tgz 0ms (cache hit)
5214 http cache @babel/plugin-transform-parameters@https://registry.npmjs.org/@babel/plugin-transform-parameters/-/plugin-transform-parameters-7.29.7.tgz 0ms (cache hit)
5215 http cache @babel/plugin-transform-export-namespace-from@https://registry.npmjs.org/@babel/plugin-transform-export-namespace-from/-/plugin-transform-export-namespace-from-7.29.7.tgz 0ms (cache hit)
5216 http cache @babel/plugin-transform-flow-strip-types@https://registry.npmjs.org/@babel/plugin-transform-flow-strip-types/-/plugin-transform-flow-strip-types-7.29.7.tgz 0ms (cache hit)
5217 http cache @babel/plugin-transform-class-static-block@https://registry.npmjs.org/@babel/plugin-transform-class-static-block/-/plugin-transform-class-static-block-7.29.7.tgz 0ms (cache hit)
5218 http cache @babel/plugin-syntax-export-default-from@https://registry.npmjs.org/@babel/plugin-syntax-export-default-from/-/plugin-syntax-export-default-from-7.29.7.tgz 0ms (cache hit)
5219 http cache lightningcss-win32-x64-msvc@https://registry.npmjs.org/lightningcss-win32-x64-msvc/-/lightningcss-win32-x64-msvc-1.32.0.tgz 0ms (cache hit)
5220 http cache @babel/plugin-proposal-export-default-from@https://registry.npmjs.org/@babel/plugin-proposal-export-default-from/-/plugin-proposal-export-default-from-7.29.7.tgz 0ms (cache hit)
5221 http cache @babel/plugin-proposal-decorators@https://registry.npmjs.org/@babel/plugin-proposal-decorators/-/plugin-proposal-decorators-7.29.7.tgz 0ms (cache hit)
5222 http cache source-map-js@https://registry.npmjs.org/source-map-js/-/source-map-js-1.2.1.tgz 0ms (cache hit)
5223 http cache @babel/plugin-transform-runtime@https://registry.npmjs.org/@babel/plugin-transform-runtime/-/plugin-transform-runtime-7.29.7.tgz 0ms (cache hit)
5224 http cache detect-libc@https://registry.npmjs.org/detect-libc/-/detect-libc-2.1.2.tgz 0ms (cache hit)
5225 http cache postcss@https://registry.npmjs.org/postcss/-/postcss-8.4.49.tgz 0ms (cache hit)
5226 http cache lightningcss@https://registry.npmjs.org/lightningcss/-/lightningcss-1.32.0.tgz 0ms (cache hit)
5227 http cache define-lazy-prop@https://registry.npmjs.org/define-lazy-prop/-/define-lazy-prop-2.0.0.tgz 0ms (cache hit)
5228 http cache clone@https://registry.npmjs.org/clone/-/clone-1.0.4.tgz 0ms (cache hit)
5229 http cache defaults@https://registry.npmjs.org/defaults/-/defaults-1.0.4.tgz 0ms (cache hit)
5230 http cache @isaacs/fs-minipass@https://registry.npmjs.org/@isaacs/fs-minipass/-/fs-minipass-4.0.1.tgz 0ms (cache hit)
5231 http cache supports-hyperlinks@https://registry.npmjs.org/supports-hyperlinks/-/supports-hyperlinks-2.3.0.tgz 0ms (cache hit)
5232 http cache chownr@https://registry.npmjs.org/chownr/-/chownr-3.0.0.tgz 0ms (cache hit)
5233 http cache ansi-escapes@https://registry.npmjs.org/ansi-escapes/-/ansi-escapes-4.3.2.tgz 0ms (cache hit)
5234 http cache mimic-fn@https://registry.npmjs.org/mimic-fn/-/mimic-fn-1.2.0.tgz 0ms (cache hit)
5235 http cache minizlib@https://registry.npmjs.org/minizlib/-/minizlib-3.1.0.tgz 0ms (cache hit)
5236 http cache onetime@https://registry.npmjs.org/onetime/-/onetime-2.0.1.tgz 0ms (cache hit)
5237 http cache ini@https://registry.npmjs.org/ini/-/ini-1.3.8.tgz 0ms (cache hit)
5238 http cache deep-extend@https://registry.npmjs.org/deep-extend/-/deep-extend-0.6.0.tgz 0ms (cache hit)
5239 http cache rc@https://registry.npmjs.org/rc/-/rc-1.2.8.tgz 0ms (cache hit)
5240 http cache sisteransi@https://registry.npmjs.org/sisteransi/-/sisteransi-1.0.5.tgz 0ms (cache hit)
5241 http cache nested-error-stacks@https://registry.npmjs.org/nested-error-stacks/-/nested-error-stacks-2.0.1.tgz 0ms (cache hit)
5242 http cache restore-cursor@https://registry.npmjs.org/restore-cursor/-/restore-cursor-2.0.0.tgz 0ms (cache hit)
5243 http cache kleur@https://registry.npmjs.org/kleur/-/kleur-3.0.3.tgz 0ms (cache hit)
5244 http cache wcwidth@https://registry.npmjs.org/wcwidth/-/wcwidth-1.0.1.tgz 0ms (cache hit)
5245 http cache log-symbols@https://registry.npmjs.org/log-symbols/-/log-symbols-2.2.0.tgz 0ms (cache hit)
5246 http cache cli-cursor@https://registry.npmjs.org/cli-cursor/-/cli-cursor-2.1.0.tgz 0ms (cache hit)
5247 http cache cli-spinners@https://registry.npmjs.org/cli-spinners/-/cli-spinners-2.9.2.tgz 0ms (cache hit)
5248 http cache validate-npm-package-name@https://registry.npmjs.org/validate-npm-package-name/-/validate-npm-package-name-5.0.1.tgz 0ms (cache hit)
5249 http cache proc-log@https://registry.npmjs.org/proc-log/-/proc-log-4.2.0.tgz 0ms (cache hit)
5250 http cache vary@https://registry.npmjs.org/vary/-/vary-1.1.2.tgz 0ms (cache hit)
5251 http cache hosted-git-info@https://registry.npmjs.org/hosted-git-info/-/hosted-git-info-7.0.2.tgz 0ms (cache hit)
5252 http cache safe-buffer@https://registry.npmjs.org/safe-buffer/-/safe-buffer-5.2.1.tgz 0ms (cache hit)
5253 http cache @expo/sudo-prompt@https://registry.npmjs.org/@expo/sudo-prompt/-/sudo-prompt-9.3.2.tgz 0ms (cache hit)
5254 http cache on-headers@https://registry.npmjs.org/on-headers/-/on-headers-1.1.0.tgz 0ms (cache hit)
5255 http cache compressible@https://registry.npmjs.org/compressible/-/compressible-2.0.18.tgz 0ms (cache hit)
5256 http cache bytes@https://registry.npmjs.org/bytes/-/bytes-3.1.2.tgz 0ms (cache hit)
5257 http cache undici@https://registry.npmjs.org/undici/-/undici-6.27.0.tgz 0ms (cache hit)
5258 http cache terminal-link@https://registry.npmjs.org/terminal-link/-/terminal-link-2.1.1.tgz 0ms (cache hit)
5259 http cache wonka@https://registry.npmjs.org/wonka/-/wonka-6.3.6.tgz 0ms (cache hit)
5260 http cache structured-headers@https://registry.npmjs.org/structured-headers/-/structured-headers-0.4.1.tgz 0ms (cache hit)
5261 http cache resolve.exports@https://registry.npmjs.org/resolve.exports/-/resolve.exports-2.0.3.tgz 0ms (cache hit)
5262 http cache tar@https://registry.npmjs.org/tar/-/tar-7.5.19.tgz 0ms (cache hit)
5263 http cache requireg@https://registry.npmjs.org/requireg/-/requireg-0.2.2.tgz 0ms (cache hit)
5264 http cache qrcode-terminal@https://registry.npmjs.org/qrcode-terminal/-/qrcode-terminal-0.11.0.tgz 0ms (cache hit)
5265 http cache prompts@https://registry.npmjs.org/prompts/-/prompts-2.4.2.tgz 0ms (cache hit)
5266 http cache progress@https://registry.npmjs.org/progress/-/progress-2.0.3.tgz 0ms (cache hit)
5267 http cache pretty-bytes@https://registry.npmjs.org/pretty-bytes/-/pretty-bytes-5.6.0.tgz 0ms (cache hit)
5268 http cache ora@https://registry.npmjs.org/ora/-/ora-3.4.0.tgz 0ms (cache hit)
5269 http cache npm-package-arg@https://registry.npmjs.org/npm-package-arg/-/npm-package-arg-11.0.3.tgz 0ms (cache hit)
5270 http cache node-forge@https://registry.npmjs.org/node-forge/-/node-forge-1.4.0.tgz 0ms (cache hit)
5271 http cache lan-network@https://registry.npmjs.org/lan-network/-/lan-network-0.2.1.tgz 0ms (cache hit)
5272 http cache freeport-async@https://registry.npmjs.org/freeport-async/-/freeport-async-2.0.0.tgz 0ms (cache hit)
5273 http cache @urql/exchange-retry@https://registry.npmjs.org/@urql/exchange-retry/-/exchange-retry-1.3.2.tgz 0ms (cache hit)
5274 http cache @urql/core@https://registry.npmjs.org/@urql/core/-/core-5.2.0.tgz 0ms (cache hit)
5275 http cache @expo/xcpretty@https://registry.npmjs.org/@expo/xcpretty/-/xcpretty-4.4.4.tgz 0ms (cache hit)
5276 http cache @expo/ws-tunnel@https://registry.npmjs.org/@expo/ws-tunnel/-/ws-tunnel-1.0.6.tgz 0ms (cache hit)
5277 http cache env-editor@https://registry.npmjs.org/env-editor/-/env-editor-0.4.2.tgz 0ms (cache hit)
5278 http cache compression@https://registry.npmjs.org/compression/-/compression-1.8.1.tgz 0ms (cache hit)
5279 http cache @expo/package-manager@https://registry.npmjs.org/@expo/package-manager/-/package-manager-1.13.0.tgz 0ms (cache hit)
5280 http cache better-opn@https://registry.npmjs.org/better-opn/-/better-opn-3.0.2.tgz 0ms (cache hit)
5281 http cache @expo/osascript@https://registry.npmjs.org/@expo/osascript/-/osascript-2.7.0.tgz 0ms (cache hit)
5282 http cache @0no-co/graphql.web@https://registry.npmjs.org/@0no-co/graphql.web/-/graphql.web-1.3.2.tgz 0ms (cache hit)
5283 http cache @expo/code-signing-certificates@https://registry.npmjs.org/@expo/code-signing-certificates/-/code-signing-certificates-0.0.6.tgz 0ms (cache hit)
5284 http cache @radix-ui/react-use-effect-event@https://registry.npmjs.org/@radix-ui/react-use-effect-event/-/react-use-effect-event-0.0.3.tgz 0ms (cache hit)
5285 http cache @radix-ui/react-use-callback-ref@https://registry.npmjs.org/@radix-ui/react-use-callback-ref/-/react-use-callback-ref-1.1.2.tgz 0ms (cache hit)
5286 http cache @expo/devcert@https://registry.npmjs.org/@expo/devcert/-/devcert-1.2.1.tgz 0ms (cache hit)
5287 http cache @radix-ui/react-use-controllable-state@https://registry.npmjs.org/@radix-ui/react-use-controllable-state/-/react-use-controllable-state-1.2.3.tgz 0ms (cache hit)
5288 http cache @radix-ui/react-id@https://registry.npmjs.org/@radix-ui/react-id/-/react-id-1.1.2.tgz 0ms (cache hit)
5289 http cache @radix-ui/react-use-layout-effect@https://registry.npmjs.org/@radix-ui/react-use-layout-effect/-/react-use-layout-effect-1.1.2.tgz 0ms (cache hit)
5290 http cache @radix-ui/react-context@https://registry.npmjs.org/@radix-ui/react-context/-/react-context-1.1.4.tgz 0ms (cache hit)
5291 http cache @radix-ui/primitive@https://registry.npmjs.org/@radix-ui/primitive/-/primitive-1.1.4.tgz 0ms (cache hit)
5292 http cache @radix-ui/react-direction@https://registry.npmjs.org/@radix-ui/react-direction/-/react-direction-1.1.2.tgz 0ms (cache hit)
5293 http cache async-limiter@https://registry.npmjs.org/async-limiter/-/async-limiter-1.0.1.tgz 0ms (cache hit)
5294 http cache path-is-absolute@https://registry.npmjs.org/path-is-absolute/-/path-is-absolute-1.0.1.tgz 0ms (cache hit)
5295 http cache wrappy@https://registry.npmjs.org/wrappy/-/wrappy-1.0.2.tgz 0ms (cache hit)
5296 http cache inflight@https://registry.npmjs.org/inflight/-/inflight-1.0.6.tgz 0ms (cache hit)
5297 http cache once@https://registry.npmjs.org/once/-/once-1.4.0.tgz 0ms (cache hit)
5298 http cache fs.realpath@https://registry.npmjs.org/fs.realpath/-/fs.realpath-1.0.0.tgz 0ms (cache hit)
5299 http cache sprintf-js@https://registry.npmjs.org/sprintf-js/-/sprintf-js-1.0.3.tgz 0ms (cache hit)
5300 http cache @babel/highlight@https://registry.npmjs.org/@babel/highlight/-/highlight-7.25.9.tgz 0ms (cache hit)
5301 http cache esprima@https://registry.npmjs.org/esprima/-/esprima-4.0.1.tgz 0ms (cache hit)
5302 http cache is-fullwidth-code-point@https://registry.npmjs.org/is-fullwidth-code-point/-/is-fullwidth-code-point-3.0.0.tgz 0ms (cache hit)
5303 http cache emoji-regex@https://registry.npmjs.org/emoji-regex/-/emoji-regex-8.0.0.tgz 0ms (cache hit)
5304 http cache wrap-ansi@https://registry.npmjs.org/wrap-ansi/-/wrap-ansi-7.0.0.tgz 0ms (cache hit)
5305 http cache p-try@https://registry.npmjs.org/p-try/-/p-try-2.2.0.tgz 0ms (cache hit)
5306 http cache y18n@https://registry.npmjs.org/y18n/-/y18n-5.0.8.tgz 0ms (cache hit)
5307 http cache strip-ansi@https://registry.npmjs.org/strip-ansi/-/strip-ansi-6.0.1.tgz 1ms (cache hit)
5308 http cache yargs-parser@https://registry.npmjs.org/yargs-parser/-/yargs-parser-21.1.1.tgz 0ms (cache hit)
5309 http cache string-width@https://registry.npmjs.org/string-width/-/string-width-4.2.3.tgz 0ms (cache hit)
5310 http cache require-directory@https://registry.npmjs.org/require-directory/-/require-directory-2.1.1.tgz 0ms (cache hit)
5311 http cache get-caller-file@https://registry.npmjs.org/get-caller-file/-/get-caller-file-2.0.5.tgz 0ms (cache hit)
5312 http cache cliui@https://registry.npmjs.org/cliui/-/cliui-8.0.1.tgz 0ms (cache hit)
5313 http cache sax@https://registry.npmjs.org/sax/-/sax-1.6.0.tgz 0ms (cache hit)
5314 http cache stream-buffers@https://registry.npmjs.org/stream-buffers/-/stream-buffers-2.2.0.tgz 0ms (cache hit)
5315 http cache big-integer@https://registry.npmjs.org/big-integer/-/big-integer-1.6.52.tgz 0ms (cache hit)
5316 http cache plist@https://registry.npmjs.org/plist/-/plist-3.1.1.tgz 0ms (cache hit)
5317 http cache bplist-parser@https://registry.npmjs.org/bplist-parser/-/bplist-parser-0.3.1.tgz 0ms (cache hit)
5318 http cache uuid@https://registry.npmjs.org/uuid/-/uuid-7.0.3.tgz 0ms (cache hit)
5319 http cache bplist-creator@https://registry.npmjs.org/bplist-creator/-/bplist-creator-0.1.0.tgz 0ms (cache hit)
5320 http cache simple-plist@https://registry.npmjs.org/simple-plist/-/simple-plist-1.3.1.tgz 0ms (cache hit)
5321 http cache is-weakset@https://registry.npmjs.org/is-weakset/-/is-weakset-2.0.4.tgz 0ms (cache hit)
5322 http cache is-weakmap@https://registry.npmjs.org/is-weakmap/-/is-weakmap-2.0.2.tgz 0ms (cache hit)
5323 http cache signal-exit@https://registry.npmjs.org/signal-exit/-/signal-exit-3.0.7.tgz 0ms (cache hit)
5324 http cache generator-function@https://registry.npmjs.org/generator-function/-/generator-function-2.0.1.tgz 0ms (cache hit)
5325 http cache async-function@https://registry.npmjs.org/async-function/-/async-function-1.0.0.tgz 0ms (cache hit)
5326 http cache is-map@https://registry.npmjs.org/is-map/-/is-map-2.0.3.tgz 0ms (cache hit)
5327 http cache which-collection@https://registry.npmjs.org/which-collection/-/which-collection-1.0.2.tgz 0ms (cache hit)
5328 http cache is-finalizationregistry@https://registry.npmjs.org/is-finalizationregistry/-/is-finalizationregistry-1.1.1.tgz 0ms (cache hit)
5329 http cache is-async-function@https://registry.npmjs.org/is-async-function/-/is-async-function-2.1.1.tgz 0ms (cache hit)
5330 http cache is-generator-function@https://registry.npmjs.org/is-generator-function/-/is-generator-function-1.1.2.tgz 0ms (cache hit)
5331 http cache is-boolean-object@https://registry.npmjs.org/is-boolean-object/-/is-boolean-object-1.2.2.tgz 0ms (cache hit)
5332 http cache isexe@https://registry.npmjs.org/isexe/-/isexe-2.0.0.tgz 0ms (cache hit)
5333 http cache is-bigint@https://registry.npmjs.org/is-bigint/-/is-bigint-1.1.0.tgz 0ms (cache hit)
5334 http cache ieee754@https://registry.npmjs.org/ieee754/-/ieee754-1.2.1.tgz 0ms (cache hit)
5335 http cache is-number-object@https://registry.npmjs.org/is-number-object/-/is-number-object-1.1.1.tgz 0ms (cache hit)
5336 http cache webidl-conversions@https://registry.npmjs.org/webidl-conversions/-/webidl-conversions-3.0.1.tgz 0ms (cache hit)
5337 http cache buffer@https://registry.npmjs.org/buffer/-/buffer-5.7.1.tgz 0ms (cache hit)
5338 http cache tr46@https://registry.npmjs.org/tr46/-/tr46-0.0.3.tgz 0ms (cache hit)
5339 http cache makeerror@https://registry.npmjs.org/makeerror/-/makeerror-1.0.12.tgz 0ms (cache hit)
5340 http cache punycode@https://registry.npmjs.org/punycode/-/punycode-2.3.1.tgz 0ms (cache hit)
5341 http cache @unrs/resolver-binding-win32-x64-msvc@https://registry.npmjs.org/@unrs/resolver-binding-win32-x64-msvc/-/resolver-binding-win32-x64-msvc-1.12.2.tgz 0ms (cache hit)
5342 http cache tmpl@https://registry.npmjs.org/tmpl/-/tmpl-1.0.5.tgz 0ms (cache hit)
5343 http cache escalade@https://registry.npmjs.org/escalade/-/escalade-3.2.0.tgz 0ms (cache hit)
5344 http cache tslib@https://registry.npmjs.org/tslib/-/tslib-2.8.1.tgz 0ms (cache hit)
5345 http cache napi-postinstall@https://registry.npmjs.org/napi-postinstall/-/napi-postinstall-0.3.4.tgz 0ms (cache hit)
5346 http cache unicode-property-aliases-ecmascript@https://registry.npmjs.org/unicode-property-aliases-ecmascript/-/unicode-property-aliases-ecmascript-2.2.0.tgz 0ms (cache hit)
5347 http cache unicode-canonical-property-names-ecmascript@https://registry.npmjs.org/unicode-canonical-property-names-ecmascript/-/unicode-canonical-property-names-ecmascript-2.0.1.tgz 0ms (cache hit)
5348 http cache which-boxed-primitive@https://registry.npmjs.org/which-boxed-primitive/-/which-boxed-primitive-1.1.1.tgz 0ms (cache hit)
5349 http cache has-bigints@https://registry.npmjs.org/has-bigints/-/has-bigints-1.1.0.tgz 0ms (cache hit)
5350 http cache reflect.getprototypeof@https://registry.npmjs.org/reflect.getprototypeof/-/reflect.getprototypeof-1.0.10.tgz 0ms (cache hit)
5351 http cache @types/json5@https://registry.npmjs.org/@types/json5/-/json5-0.0.29.tgz 0ms (cache hit)
5352 http cache which-builtin-type@https://registry.npmjs.org/which-builtin-type/-/which-builtin-type-1.2.1.tgz 0ms (cache hit)
5353 http cache strip-bom@https://registry.npmjs.org/strip-bom/-/strip-bom-3.0.0.tgz 0ms (cache hit)
5354 http cache for-each@https://registry.npmjs.org/for-each/-/for-each-0.3.5.tgz 0ms (cache hit)
5355 http cache minimist@https://registry.npmjs.org/minimist/-/minimist-1.2.8.tgz 0ms (cache hit)
5356 http cache thenify@https://registry.npmjs.org/thenify/-/thenify-3.3.1.tgz 0ms (cache hit)
5357 http cache @jridgewell/source-map@https://registry.npmjs.org/@jridgewell/source-map/-/source-map-0.3.11.tgz 0ms (cache hit)
5358 http cache buffer-from@https://registry.npmjs.org/buffer-from/-/buffer-from-1.1.2.tgz 0ms (cache hit)
5359 http cache is-number@https://registry.npmjs.org/is-number/-/is-number-7.0.0.tgz 0ms (cache hit)
5360 http cache thenify-all@https://registry.npmjs.org/thenify-all/-/thenify-all-1.6.0.tgz 0ms (cache hit)
5361 http cache source-map-support@https://registry.npmjs.org/source-map-support/-/source-map-support-0.5.21.tgz 0ms (cache hit)
5362 http cache ts-interface-checker@https://registry.npmjs.org/ts-interface-checker/-/ts-interface-checker-0.1.13.tgz 0ms (cache hit)
5363 http cache has-flag@https://registry.npmjs.org/has-flag/-/has-flag-4.0.0.tgz 0ms (cache hit)
5364 http cache any-promise@https://registry.npmjs.org/any-promise/-/any-promise-1.3.0.tgz 0ms (cache hit)
5365 http cache lines-and-columns@https://registry.npmjs.org/lines-and-columns/-/lines-and-columns-1.2.4.tgz 0ms (cache hit)
5366 http cache mz@https://registry.npmjs.org/mz/-/mz-2.7.0.tgz 0ms (cache hit)
5367 http cache is-arrayish@https://registry.npmjs.org/is-arrayish/-/is-arrayish-0.3.4.tgz 0ms (cache hit)
5368 http cache type-fest@https://registry.npmjs.org/type-fest/-/type-fest-0.7.1.tgz 0ms (cache hit)
5369 http cache side-channel-weakmap@https://registry.npmjs.org/side-channel-weakmap/-/side-channel-weakmap-1.0.2.tgz 0ms (cache hit)
5370 http cache side-channel-list@https://registry.npmjs.org/side-channel-list/-/side-channel-list-1.0.1.tgz 0ms (cache hit)
5371 http cache shebang-regex@https://registry.npmjs.org/shebang-regex/-/shebang-regex-3.0.0.tgz 0ms (cache hit)
5372 http cache toidentifier@https://registry.npmjs.org/toidentifier/-/toidentifier-1.0.1.tgz 0ms (cache hit)
5373 http cache side-channel-map@https://registry.npmjs.org/side-channel-map/-/side-channel-map-1.0.1.tgz 0ms (cache hit)
5374 http cache setprototypeof@https://registry.npmjs.org/setprototypeof/-/setprototypeof-1.2.0.tgz 0ms (cache hit)
5375 http cache range-parser@https://registry.npmjs.org/range-parser/-/range-parser-1.2.1.tgz 0ms (cache hit)
5376 http cache mime@https://registry.npmjs.org/mime/-/mime-1.6.0.tgz 0ms (cache hit)
5377 http cache http-errors@https://registry.npmjs.org/http-errors/-/http-errors-2.0.1.tgz 0ms (cache hit)
5378 http cache fresh@https://registry.npmjs.org/fresh/-/fresh-0.5.2.tgz 0ms (cache hit)
5379 http cache etag@https://registry.npmjs.org/etag/-/etag-1.8.1.tgz 0ms (cache hit)
5380 http cache destroy@https://registry.npmjs.org/destroy/-/destroy-1.2.0.tgz 0ms (cache hit)
5381 http cache send@https://registry.npmjs.org/send/-/send-0.19.2.tgz 0ms (cache hit)
5382 http cache supports-preserve-symlinks-flag@https://registry.npmjs.org/supports-preserve-symlinks-flag/-/supports-preserve-symlinks-flag-1.0.0.tgz 0ms (cache hit)
5383 http cache depd@https://registry.npmjs.org/depd/-/depd-2.0.0.tgz 0ms (cache hit)
5384 http cache isarray@https://registry.npmjs.org/isarray/-/isarray-2.0.5.tgz 0ms (cache hit)
5385 http cache path-parse@https://registry.npmjs.org/path-parse/-/path-parse-1.0.7.tgz 0ms (cache hit)
5386 http cache unicode-match-property-ecmascript@https://registry.npmjs.org/unicode-match-property-ecmascript/-/unicode-match-property-ecmascript-2.0.0.tgz 0ms (cache hit)
5387 http cache node-exports-info@https://registry.npmjs.org/node-exports-info/-/node-exports-info-1.6.2.tgz 0ms (cache hit)
5388 http cache unicode-match-property-value-ecmascript@https://registry.npmjs.org/unicode-match-property-value-ecmascript/-/unicode-match-property-value-ecmascript-2.2.1.tgz 0ms (cache hit)
5389 http cache @babel/plugin-syntax-typescript@https://registry.npmjs.org/@babel/plugin-syntax-typescript/-/plugin-syntax-typescript-7.29.7.tgz 0ms (cache hit)
5390 http cache regjsparser@https://registry.npmjs.org/regjsparser/-/regjsparser-0.13.2.tgz 0ms (cache hit)
5391 http cache regjsgen@https://registry.npmjs.org/regjsgen/-/regjsgen-0.8.0.tgz 0ms (cache hit)
5392 http cache @babel/plugin-transform-typescript@https://registry.npmjs.org/@babel/plugin-transform-typescript/-/plugin-transform-typescript-7.29.7.tgz 0ms (cache hit)
5393 http cache regenerate@https://registry.npmjs.org/regenerate/-/regenerate-1.4.2.tgz 0ms (cache hit)
5394 http cache regexpu-core@https://registry.npmjs.org/regexpu-core/-/regexpu-core-6.4.0.tgz 0ms (cache hit)
5395 http cache @babel/plugin-syntax-jsx@https://registry.npmjs.org/@babel/plugin-syntax-jsx/-/plugin-syntax-jsx-7.29.7.tgz 0ms (cache hit)
5396 http cache @babel/helper-create-regexp-features-plugin@https://registry.npmjs.org/@babel/helper-create-regexp-features-plugin/-/helper-create-regexp-features-plugin-7.29.7.tgz 0ms (cache hit)
5397 http cache regenerate-unicode-properties@https://registry.npmjs.org/regenerate-unicode-properties/-/regenerate-unicode-properties-10.2.2.tgz 0ms (cache hit)
5398 http cache @babel/helper-skip-transparent-expression-wrappers@https://registry.npmjs.org/@babel/helper-skip-transparent-expression-wrappers/-/helper-skip-transparent-expression-wrappers-7.29.7.tgz 0ms (cache hit)
5399 http cache @babel/helper-replace-supers@https://registry.npmjs.org/@babel/helper-replace-supers/-/helper-replace-supers-7.29.7.tgz 0ms (cache hit)
5400 http cache @babel/helper-optimise-call-expression@https://registry.npmjs.org/@babel/helper-optimise-call-expression/-/helper-optimise-call-expression-7.29.7.tgz 0ms (cache hit)
5401 http cache @babel/helper-member-expression-to-functions@https://registry.npmjs.org/@babel/helper-member-expression-to-functions/-/helper-member-expression-to-functions-7.29.7.tgz 0ms (cache hit)
5402 http cache @babel/helper-annotate-as-pure@https://registry.npmjs.org/@babel/helper-annotate-as-pure/-/helper-annotate-as-pure-7.29.7.tgz 0ms (cache hit)
5403 http cache @babel/plugin-transform-unicode-regex@https://registry.npmjs.org/@babel/plugin-transform-unicode-regex/-/plugin-transform-unicode-regex-7.29.7.tgz 0ms (cache hit)
5404 http cache @babel/helper-create-class-features-plugin@https://registry.npmjs.org/@babel/helper-create-class-features-plugin/-/helper-create-class-features-plugin-7.29.7.tgz 0ms (cache hit)
5405 http cache @babel/preset-typescript@https://registry.npmjs.org/@babel/preset-typescript/-/preset-typescript-7.29.7.tgz 0ms (cache hit)
5406 http cache @babel/plugin-transform-template-literals@https://registry.npmjs.org/@babel/plugin-transform-template-literals/-/plugin-transform-template-literals-7.29.7.tgz 0ms (cache hit)
5407 http cache @babel/plugin-transform-shorthand-properties@https://registry.npmjs.org/@babel/plugin-transform-shorthand-properties/-/plugin-transform-shorthand-properties-7.29.7.tgz 0ms (cache hit)
5408 http cache @babel/plugin-transform-classes@https://registry.npmjs.org/@babel/plugin-transform-classes/-/plugin-transform-classes-7.29.7.tgz 0ms (cache hit)
5409 http cache @babel/plugin-transform-nullish-coalescing-operator@https://registry.npmjs.org/@babel/plugin-transform-nullish-coalescing-operator/-/plugin-transform-nullish-coalescing-operator-7.29.7.tgz 0ms (cache hit)
5410 http cache @babel/plugin-transform-arrow-functions@https://registry.npmjs.org/@babel/plugin-transform-arrow-functions/-/plugin-transform-arrow-functions-7.29.7.tgz 0ms (cache hit)
5411 http cache @babel/plugin-transform-optional-chaining@https://registry.npmjs.org/@babel/plugin-transform-optional-chaining/-/plugin-transform-optional-chaining-7.29.7.tgz 0ms (cache hit)
5412 http cache @babel/plugin-transform-class-properties@https://registry.npmjs.org/@babel/plugin-transform-class-properties/-/plugin-transform-class-properties-7.29.7.tgz 0ms (cache hit)
5413 http cache whatwg-url@https://registry.npmjs.org/whatwg-url/-/whatwg-url-5.0.0.tgz 0ms (cache hit)
5414 http cache hyphenate-style-name@https://registry.npmjs.org/hyphenate-style-name/-/hyphenate-style-name-1.1.0.tgz 0ms (cache hit)
5415 http cache css-in-js-utils@https://registry.npmjs.org/css-in-js-utils/-/css-in-js-utils-3.1.0.tgz 0ms (cache hit)
5416 http cache node-fetch@https://registry.npmjs.org/node-fetch/-/node-fetch-2.7.0.tgz 0ms (cache hit)
5417 http cache ua-parser-js@https://registry.npmjs.org/ua-parser-js/-/ua-parser-js-1.0.41.tgz 0ms (cache hit)
5418 http cache fbjs-css-vars@https://registry.npmjs.org/fbjs-css-vars/-/fbjs-css-vars-1.0.2.tgz 0ms (cache hit)
5419 http cache setimmediate@https://registry.npmjs.org/setimmediate/-/setimmediate-1.0.5.tgz 0ms (cache hit)
5420 http cache styleq@https://registry.npmjs.org/styleq/-/styleq-0.1.3.tgz 0ms (cache hit)
5421 http cache @types/hammerjs@https://registry.npmjs.org/@types/hammerjs/-/hammerjs-2.0.46.tgz 0ms (cache hit)
5422 http cache postcss-value-parser@https://registry.npmjs.org/postcss-value-parser/-/postcss-value-parser-4.2.0.tgz 0ms (cache hit)
5423 http cache cross-fetch@https://registry.npmjs.org/cross-fetch/-/cross-fetch-3.2.0.tgz 0ms (cache hit)
5424 http cache inline-style-prefixer@https://registry.npmjs.org/inline-style-prefixer/-/inline-style-prefixer-7.0.1.tgz 0ms (cache hit)
5425 http cache @egjs/hammerjs@https://registry.npmjs.org/@egjs/hammerjs/-/hammerjs-2.0.17.tgz 0ms (cache hit)
5426 http cache fbjs@https://registry.npmjs.org/fbjs/-/fbjs-3.0.5.tgz 0ms (cache hit)
5427 http cache react-freeze@https://registry.npmjs.org/react-freeze/-/react-freeze-1.0.4.tgz 0ms (cache hit)
5428 http cache asap@https://registry.npmjs.org/asap/-/asap-2.0.6.tgz 0ms (cache hit)
5429 http cache marky@https://registry.npmjs.org/marky/-/marky-1.3.0.tgz 0ms (cache hit)
5430 http cache shell-quote@https://registry.npmjs.org/shell-quote/-/shell-quote-1.9.0.tgz 0ms (cache hit)
5431 http cache hoist-non-react-statics@https://registry.npmjs.org/hoist-non-react-statics/-/hoist-non-react-statics-3.3.2.tgz 0ms (cache hit)
5432 http cache @types/stack-utils@https://registry.npmjs.org/@types/stack-utils/-/stack-utils-2.0.3.tgz 0ms (cache hit)
5433 http cache stack-utils@https://registry.npmjs.org/stack-utils/-/stack-utils-2.0.6.tgz 0ms (cache hit)
5434 http cache @types/graceful-fs@https://registry.npmjs.org/@types/graceful-fs/-/graceful-fs-4.1.9.tgz 0ms (cache hit)
5435 http cache normalize-path@https://registry.npmjs.org/normalize-path/-/normalize-path-3.0.0.tgz 0ms (cache hit)
5436 http cache anymatch@https://registry.npmjs.org/anymatch/-/anymatch-3.1.3.tgz 0ms (cache hit)
5437 http cache @sinonjs/commons@https://registry.npmjs.org/@sinonjs/commons/-/commons-3.0.1.tgz 0ms (cache hit)
5438 http cache @sinonjs/fake-timers@https://registry.npmjs.org/@sinonjs/fake-timers/-/fake-timers-10.3.0.tgz 0ms (cache hit)
5439 http cache type-detect@https://registry.npmjs.org/type-detect/-/type-detect-4.0.8.tgz 0ms (cache hit)
5440 http cache jest-message-util@https://registry.npmjs.org/jest-message-util/-/jest-message-util-29.7.0.tgz 0ms (cache hit)
5441 http cache @jest/fake-timers@https://registry.npmjs.org/@jest/fake-timers/-/fake-timers-29.7.0.tgz 0ms (cache hit)
5442 http cache jest-mock@https://registry.npmjs.org/jest-mock/-/jest-mock-29.7.0.tgz 0ms (cache hit)
5443 http cache @jest/environment@https://registry.npmjs.org/@jest/environment/-/environment-29.7.0.tgz 0ms (cache hit)
5444 http cache is-docker@https://registry.npmjs.org/is-docker/-/is-docker-2.2.1.tgz 0ms (cache hit)
5445 http cache istanbul-lib-coverage@https://registry.npmjs.org/istanbul-lib-coverage/-/istanbul-lib-coverage-3.2.2.tgz 0ms (cache hit)
5446 http cache rimraf@https://registry.npmjs.org/rimraf/-/rimraf-3.0.2.tgz 0ms (cache hit)
5447 http cache mkdirp@https://registry.npmjs.org/mkdirp/-/mkdirp-1.0.4.tgz 0ms (cache hit)
5448 http cache lighthouse-logger@https://registry.npmjs.org/lighthouse-logger/-/lighthouse-logger-1.4.2.tgz 0ms (cache hit)
5449 http cache is-wsl@https://registry.npmjs.org/is-wsl/-/is-wsl-2.2.0.tgz 0ms (cache hit)
5450 http cache @babel/plugin-syntax-top-level-await@https://registry.npmjs.org/@babel/plugin-syntax-top-level-await/-/plugin-syntax-top-level-await-7.14.5.tgz 0ms (cache hit)
5451 http cache @babel/plugin-syntax-optional-chaining@https://registry.npmjs.org/@babel/plugin-syntax-optional-chaining/-/plugin-syntax-optional-chaining-7.8.3.tgz 0ms (cache hit)
5452 http cache @babel/plugin-syntax-optional-catch-binding@https://registry.npmjs.org/@babel/plugin-syntax-optional-catch-binding/-/plugin-syntax-optional-catch-binding-7.8.3.tgz 0ms (cache hit)
5453 http cache @babel/plugin-syntax-numeric-separator@https://registry.npmjs.org/@babel/plugin-syntax-numeric-separator/-/plugin-syntax-numeric-separator-7.10.4.tgz 0ms (cache hit)
5454 http cache @babel/plugin-syntax-private-property-in-object@https://registry.npmjs.org/@babel/plugin-syntax-private-property-in-object/-/plugin-syntax-private-property-in-object-7.14.5.tgz 0ms (cache hit)
5455 http cache @babel/plugin-syntax-object-rest-spread@https://registry.npmjs.org/@babel/plugin-syntax-object-rest-spread/-/plugin-syntax-object-rest-spread-7.8.3.tgz 0ms (cache hit)
5456 http cache @babel/plugin-syntax-nullish-coalescing-operator@https://registry.npmjs.org/@babel/plugin-syntax-nullish-coalescing-operator/-/plugin-syntax-nullish-coalescing-operator-7.8.3.tgz 0ms (cache hit)
5457 http cache @babel/plugin-syntax-logical-assignment-operators@https://registry.npmjs.org/@babel/plugin-syntax-logical-assignment-operators/-/plugin-syntax-logical-assignment-operators-7.10.4.tgz 0ms (cache hit)
5458 http cache @babel/plugin-syntax-json-strings@https://registry.npmjs.org/@babel/plugin-syntax-json-strings/-/plugin-syntax-json-strings-7.8.3.tgz 0ms (cache hit)
5459 http cache @babel/plugin-syntax-import-meta@https://registry.npmjs.org/@babel/plugin-syntax-import-meta/-/plugin-syntax-import-meta-7.10.4.tgz 0ms (cache hit)
5460 http cache babel-preset-current-node-syntax@https://registry.npmjs.org/babel-preset-current-node-syntax/-/babel-preset-current-node-syntax-1.2.0.tgz 0ms (cache hit)
5461 http cache @babel/plugin-syntax-class-static-block@https://registry.npmjs.org/@babel/plugin-syntax-class-static-block/-/plugin-syntax-class-static-block-7.14.5.tgz 0ms (cache hit)
5462 http cache @babel/plugin-syntax-import-attributes@https://registry.npmjs.org/@babel/plugin-syntax-import-attributes/-/plugin-syntax-import-attributes-7.29.7.tgz 0ms (cache hit)
5463 http cache babel-plugin-jest-hoist@https://registry.npmjs.org/babel-plugin-jest-hoist/-/babel-plugin-jest-hoist-29.6.3.tgz 0ms (cache hit)
5464 http cache @babel/plugin-syntax-bigint@https://registry.npmjs.org/@babel/plugin-syntax-bigint/-/plugin-syntax-bigint-7.8.3.tgz 0ms (cache hit)
5465 http cache @babel/plugin-syntax-class-properties@https://registry.npmjs.org/@babel/plugin-syntax-class-properties/-/plugin-syntax-class-properties-7.12.13.tgz 0ms (cache hit)
5466 http cache @babel/plugin-syntax-async-generators@https://registry.npmjs.org/@babel/plugin-syntax-async-generators/-/plugin-syntax-async-generators-7.8.4.tgz 0ms (cache hit)
5467 http cache get-package-type@https://registry.npmjs.org/get-package-type/-/get-package-type-0.1.0.tgz 0ms (cache hit)
5468 http cache @istanbuljs/schema@https://registry.npmjs.org/@istanbuljs/schema/-/schema-0.1.6.tgz 0ms (cache hit)
5469 http cache istanbul-lib-instrument@https://registry.npmjs.org/istanbul-lib-instrument/-/istanbul-lib-instrument-5.2.1.tgz 0ms (cache hit)
5470 http cache @istanbuljs/load-nyc-config@https://registry.npmjs.org/@istanbuljs/load-nyc-config/-/load-nyc-config-1.1.0.tgz 0ms (cache hit)
5471 http cache write-file-atomic@https://registry.npmjs.org/write-file-atomic/-/write-file-atomic-4.0.2.tgz 0ms (cache hit)
5472 http cache test-exclude@https://registry.npmjs.org/test-exclude/-/test-exclude-6.0.0.tgz 0ms (cache hit)
5473 http cache jest-regex-util@https://registry.npmjs.org/jest-regex-util/-/jest-regex-util-29.6.3.tgz 0ms (cache hit)
5474 http cache pirates@https://registry.npmjs.org/pirates/-/pirates-4.0.7.tgz 0ms (cache hit)
5475 http cache @types/babel__template@https://registry.npmjs.org/@types/babel__template/-/babel__template-7.4.4.tgz 0ms (cache hit)
5476 http cache @types/babel__traverse@https://registry.npmjs.org/@types/babel__traverse/-/babel__traverse-7.28.0.tgz 0ms (cache hit)
5477 http cache @types/babel__core@https://registry.npmjs.org/@types/babel__core/-/babel__core-7.20.5.tgz 0ms (cache hit)
5478 http cache @types/babel__generator@https://registry.npmjs.org/@types/babel__generator/-/babel__generator-7.27.0.tgz 0ms (cache hit)
5479 http cache babel-preset-jest@https://registry.npmjs.org/babel-preset-jest/-/babel-preset-jest-29.6.3.tgz 0ms (cache hit)
5480 http cache jest-haste-map@https://registry.npmjs.org/jest-haste-map/-/jest-haste-map-29.7.0.tgz 0ms (cache hit)
5481 http cache @jest/transform@https://registry.npmjs.org/@jest/transform/-/transform-29.7.0.tgz 0ms (cache hit)
5482 http cache babel-plugin-istanbul@https://registry.npmjs.org/babel-plugin-istanbul/-/babel-plugin-istanbul-6.1.1.tgz 0ms (cache hit)
5483 http cache event-target-shim@https://registry.npmjs.org/event-target-shim/-/event-target-shim-5.0.1.tgz 0ms (cache hit)
5484 http cache @react-native/debugger-frontend@https://registry.npmjs.org/@react-native/debugger-frontend/-/debugger-frontend-0.81.5.tgz 0ms (cache hit)
5485 http cache open@https://registry.npmjs.org/open/-/open-7.4.2.tgz 0ms (cache hit)
5486 http cache serve-static@https://registry.npmjs.org/serve-static/-/serve-static-1.16.3.tgz 0ms (cache hit)
5487 http cache @react-native/dev-middleware@https://registry.npmjs.org/@react-native/dev-middleware/-/dev-middleware-0.81.5.tgz 0ms (cache hit)
5488 http cache chromium-edge-launcher@https://registry.npmjs.org/chromium-edge-launcher/-/chromium-edge-launcher-0.2.0.tgz 0ms (cache hit)
5489 http cache @isaacs/ttlcache@https://registry.npmjs.org/@isaacs/ttlcache/-/ttlcache-1.4.1.tgz 0ms (cache hit)
5490 http cache chrome-launcher@https://registry.npmjs.org/chrome-launcher/-/chrome-launcher-0.15.2.tgz 0ms (cache hit)
5491 http cache promise@https://registry.npmjs.org/promise/-/promise-8.3.0.tgz 0ms (cache hit)
5492 http cache regenerator-runtime@https://registry.npmjs.org/regenerator-runtime/-/regenerator-runtime-0.13.11.tgz 0ms (cache hit)
5493 http cache memoize-one@https://registry.npmjs.org/memoize-one/-/memoize-one-5.2.1.tgz 0ms (cache hit)
5494 http cache react-devtools-core@https://registry.npmjs.org/react-devtools-core/-/react-devtools-core-6.1.5.tgz 0ms (cache hit)
5495 http cache jest-environment-node@https://registry.npmjs.org/jest-environment-node/-/jest-environment-node-29.7.0.tgz 0ms (cache hit)
5496 http cache babel-jest@https://registry.npmjs.org/babel-jest/-/babel-jest-29.7.0.tgz 0ms (cache hit)
5497 http cache abort-controller@https://registry.npmjs.org/abort-controller/-/abort-controller-3.0.0.tgz 0ms (cache hit)
5498 http cache ansi-regex@https://registry.npmjs.org/ansi-regex/-/ansi-regex-5.0.1.tgz 0ms (cache hit)
5499 http cache babel-plugin-syntax-hermes-parser@https://registry.npmjs.org/babel-plugin-syntax-hermes-parser/-/babel-plugin-syntax-hermes-parser-0.29.1.tgz 0ms (cache hit)
5500 http cache @react-native/js-polyfills@https://registry.npmjs.org/@react-native/js-polyfills/-/js-polyfills-0.81.5.tgz 0ms (cache hit)
5501 http cache @react-native/gradle-plugin@https://registry.npmjs.org/@react-native/gradle-plugin/-/gradle-plugin-0.81.5.tgz 0ms (cache hit)
5502 http cache @react-native/community-cli-plugin@https://registry.npmjs.org/@react-native/community-cli-plugin/-/community-cli-plugin-0.81.5.tgz 0ms (cache hit)
5503 http cache @react-native/codegen@https://registry.npmjs.org/@react-native/codegen/-/codegen-0.81.5.tgz 0ms (cache hit)
5504 http cache @react-native/assets-registry@https://registry.npmjs.org/@react-native/assets-registry/-/assets-registry-0.81.5.tgz 0ms (cache hit)
5505 http cache @jest/create-cache-key-function@https://registry.npmjs.org/@jest/create-cache-key-function/-/create-cache-key-function-29.7.0.tgz 0ms (cache hit)
5506 http cache scheduler@https://registry.npmjs.org/scheduler/-/scheduler-0.26.0.tgz 0ms (cache hit)
5507 http cache inherits@https://registry.npmjs.org/inherits/-/inherits-2.0.4.tgz 0ms (cache hit)
5508 http cache split-on-first@https://registry.npmjs.org/split-on-first/-/split-on-first-1.1.0.tgz 0ms (cache hit)
5509 http cache filter-obj@https://registry.npmjs.org/filter-obj/-/filter-obj-1.1.0.tgz 0ms (cache hit)
5510 http cache strict-uri-encode@https://registry.npmjs.org/strict-uri-encode/-/strict-uri-encode-2.0.0.tgz 0ms (cache hit)
5511 http cache object-assign@https://registry.npmjs.org/object-assign/-/object-assign-4.1.1.tgz 0ms (cache hit)
5512 http cache decode-uri-component@https://registry.npmjs.org/decode-uri-component/-/decode-uri-component-0.2.2.tgz 0ms (cache hit)
5513 http cache pngjs@https://registry.npmjs.org/pngjs/-/pngjs-3.4.0.tgz 0ms (cache hit)
5514 http cache yocto-queue@https://registry.npmjs.org/yocto-queue/-/yocto-queue-0.1.0.tgz 0ms (cache hit)
5515 http cache fast-levenshtein@https://registry.npmjs.org/fast-levenshtein/-/fast-levenshtein-2.0.6.tgz 0ms (cache hit)
5516 http cache word-wrap@https://registry.npmjs.org/word-wrap/-/word-wrap-1.2.5.tgz 0ms (cache hit)
5517 http cache callsites@https://registry.npmjs.org/callsites/-/callsites-3.1.0.tgz 0ms (cache hit)
5518 http cache deep-is@https://registry.npmjs.org/deep-is/-/deep-is-0.1.4.tgz 1ms (cache hit)
5519 http cache ee-first@https://registry.npmjs.org/ee-first/-/ee-first-1.1.1.tgz 0ms (cache hit)
5520 http cache concat-map@https://registry.npmjs.org/concat-map/-/concat-map-0.0.1.tgz 0ms (cache hit)
5521 http cache balanced-match@https://registry.npmjs.org/balanced-match/-/balanced-match-1.0.2.tgz 0ms (cache hit)
5522 http cache brace-expansion@https://registry.npmjs.org/brace-expansion/-/brace-expansion-1.1.15.tgz 0ms (cache hit)
5523 http cache @babel/traverse--for-generate-function-map@https://registry.npmjs.org/@babel/traverse/-/traverse-7.29.7.tgz 0ms (cache hit)
5524 http cache mime-db@https://registry.npmjs.org/mime-db/-/mime-db-1.52.0.tgz 0ms (cache hit)
5525 http cache to-regex-range@https://registry.npmjs.org/to-regex-range/-/to-regex-range-5.0.1.tgz 0ms (cache hit)
5526 http cache fill-range@https://registry.npmjs.org/fill-range/-/fill-range-7.1.1.tgz 0ms (cache hit)
5527 http cache vlq@https://registry.npmjs.org/vlq/-/vlq-1.0.1.tgz 0ms (cache hit)
5528 http cache braces@https://registry.npmjs.org/braces/-/braces-3.0.3.tgz 0ms (cache hit)
5529 http cache ob1@https://registry.npmjs.org/ob1/-/ob1-0.83.3.tgz 0ms (cache hit)
5530 http cache terser@https://registry.npmjs.org/terser/-/terser-5.48.0.tgz 0ms (cache hit)
5531 http cache bser@https://registry.npmjs.org/bser/-/bser-2.1.1.tgz 0ms (cache hit)
5532 http cache node-int64@https://registry.npmjs.org/node-int64/-/node-int64-0.4.0.tgz 0ms (cache hit)
5533 http cache fb-watchman@https://registry.npmjs.org/fb-watchman/-/fb-watchman-2.0.2.tgz 0ms (cache hit)
5534 http cache walker@https://registry.npmjs.org/walker/-/walker-1.0.8.tgz 0ms (cache hit)
5535 http cache micromatch@https://registry.npmjs.org/micromatch/-/micromatch-4.0.8.tgz 0ms (cache hit)
5536 http cache leven@https://registry.npmjs.org/leven/-/leven-3.1.0.tgz 0ms (cache hit)
5537 http cache camelcase@https://registry.npmjs.org/camelcase/-/camelcase-6.3.0.tgz 0ms (cache hit)
5538 http cache jest-get-type@https://registry.npmjs.org/jest-get-type/-/jest-get-type-29.6.3.tgz 0ms (cache hit)
5539 http cache @types/yargs-parser@https://registry.npmjs.org/@types/yargs-parser/-/yargs-parser-21.0.3.tgz 0ms (cache hit)
5540 http cache yaml@https://registry.npmjs.org/yaml/-/yaml-2.9.0.tgz 0ms (cache hit)
5541 http cache jest-validate@https://registry.npmjs.org/jest-validate/-/jest-validate-29.7.0.tgz 0ms (cache hit)
5542 http cache agent-base@https://registry.npmjs.org/agent-base/-/agent-base-7.1.4.tgz 0ms (cache hit)
5543 http cache https-proxy-agent@https://registry.npmjs.org/https-proxy-agent/-/https-proxy-agent-7.0.6.tgz 0ms (cache hit)
5544 http cache exponential-backoff@https://registry.npmjs.org/exponential-backoff/-/exponential-backoff-3.1.3.tgz 0ms (cache hit)
5545 http cache @types/istanbul-lib-report@https://registry.npmjs.org/@types/istanbul-lib-report/-/istanbul-lib-report-3.0.3.tgz 0ms (cache hit)
5546 http cache @jest/schemas@https://registry.npmjs.org/@jest/schemas/-/schemas-29.6.3.tgz 0ms (cache hit)
5547 http cache picomatch@https://registry.npmjs.org/picomatch/-/picomatch-2.3.2.tgz 0ms (cache hit)
5548 http cache @sinclair/typebox@https://registry.npmjs.org/@sinclair/typebox/-/typebox-0.27.10.tgz 0ms (cache hit)
5549 http cache @jest/types@https://registry.npmjs.org/@jest/types/-/types-29.6.3.tgz 0ms (cache hit)
5550 http cache @types/yargs@https://registry.npmjs.org/@types/yargs/-/yargs-17.0.35.tgz 0ms (cache hit)
5551 http cache @types/istanbul-lib-coverage@https://registry.npmjs.org/@types/istanbul-lib-coverage/-/istanbul-lib-coverage-2.0.6.tgz 0ms (cache hit)
5552 http cache @types/istanbul-reports@https://registry.npmjs.org/@types/istanbul-reports/-/istanbul-reports-3.0.4.tgz 0ms (cache hit)
5553 http cache merge-stream@https://registry.npmjs.org/merge-stream/-/merge-stream-2.0.0.tgz 0ms (cache hit)
5554 http cache @types/node@https://registry.npmjs.org/@types/node/-/node-26.1.0.tgz 0ms (cache hit)
5555 http cache jest-util@https://registry.npmjs.org/jest-util/-/jest-util-29.7.0.tgz 0ms (cache hit)
5556 http cache undici-types@https://registry.npmjs.org/undici-types/-/undici-types-8.3.0.tgz 0ms (cache hit)
5557 http cache hermes-estree@https://registry.npmjs.org/hermes-estree/-/hermes-estree-0.32.0.tgz 0ms (cache hit)
5558 http cache queue@https://registry.npmjs.org/queue/-/queue-6.0.2.tgz 0ms (cache hit)
5559 http cache on-finished@https://registry.npmjs.org/on-finished/-/on-finished-2.3.0.tgz 0ms (cache hit)
5560 http cache unpipe@https://registry.npmjs.org/unpipe/-/unpipe-1.0.0.tgz 0ms (cache hit)
5561 http cache statuses@https://registry.npmjs.org/statuses/-/statuses-1.5.0.tgz 0ms (cache hit)
5562 http cache escape-html@https://registry.npmjs.org/escape-html/-/escape-html-1.0.3.tgz 0ms (cache hit)
5563 http cache stackframe@https://registry.npmjs.org/stackframe/-/stackframe-1.3.4.tgz 0ms (cache hit)
5564 http cache encodeurl@https://registry.npmjs.org/encodeurl/-/encodeurl-1.0.2.tgz 0ms (cache hit)
5565 http cache utils-merge@https://registry.npmjs.org/utils-merge/-/utils-merge-1.0.1.tgz 0ms (cache hit)
5566 http cache parseurl@https://registry.npmjs.org/parseurl/-/parseurl-1.3.3.tgz 0ms (cache hit)
5567 http cache negotiator@https://registry.npmjs.org/negotiator/-/negotiator-0.6.3.tgz 0ms (cache hit)
5568 http cache finalhandler@https://registry.npmjs.org/finalhandler/-/finalhandler-1.1.2.tgz 0ms (cache hit)
5569 http cache ws@https://registry.npmjs.org/ws/-/ws-7.5.11.tgz 0ms (cache hit)
5570 http cache yargs@https://registry.npmjs.org/yargs/-/yargs-17.7.3.tgz 0ms (cache hit)
5571 http cache source-map@https://registry.npmjs.org/source-map/-/source-map-0.5.7.tgz 0ms (cache hit)
5572 http cache throat@https://registry.npmjs.org/throat/-/throat-5.0.0.tgz 0ms (cache hit)
5573 http cache serialize-error@https://registry.npmjs.org/serialize-error/-/serialize-error-2.1.0.tgz 0ms (cache hit)
5574 http cache nullthrows@https://registry.npmjs.org/nullthrows/-/nullthrows-1.1.1.tgz 0ms (cache hit)
5575 http cache mime-types@https://registry.npmjs.org/mime-types/-/mime-types-2.1.35.tgz 0ms (cache hit)
5576 http cache lodash.throttle@https://registry.npmjs.org/lodash.throttle/-/lodash.throttle-4.1.1.tgz 0ms (cache hit)
5577 http cache jest-worker@https://registry.npmjs.org/jest-worker/-/jest-worker-29.7.0.tgz 0ms (cache hit)
5578 http cache jsc-safe-url@https://registry.npmjs.org/jsc-safe-url/-/jsc-safe-url-0.2.4.tgz 0ms (cache hit)
5579 http cache image-size@https://registry.npmjs.org/image-size/-/image-size-1.2.1.tgz 0ms (cache hit)
5580 http cache hermes-parser@https://registry.npmjs.org/hermes-parser/-/hermes-parser-0.32.0.tgz 0ms (cache hit)
5581 http cache graceful-fs@https://registry.npmjs.org/graceful-fs/-/graceful-fs-4.2.11.tgz 0ms (cache hit)
5582 http cache flow-enums-runtime@https://registry.npmjs.org/flow-enums-runtime/-/flow-enums-runtime-0.0.6.tgz 0ms (cache hit)
5583 http cache error-stack-parser@https://registry.npmjs.org/error-stack-parser/-/error-stack-parser-2.1.4.tgz 0ms (cache hit)
5584 http cache connect@https://registry.npmjs.org/connect/-/connect-3.7.0.tgz 0ms (cache hit)
5585 http cache ci-info@https://registry.npmjs.org/ci-info/-/ci-info-2.0.0.tgz 0ms (cache hit)
5586 http cache accepts@https://registry.npmjs.org/accepts/-/accepts-1.3.8.tgz 0ms (cache hit)
5587 http cache p-locate@https://registry.npmjs.org/p-locate/-/p-locate-5.0.0.tgz 0ms (cache hit)
5588 http cache yallist@https://registry.npmjs.org/yallist/-/yallist-3.1.1.tgz 0ms (cache hit)
5589 http cache prelude-ls@https://registry.npmjs.org/prelude-ls/-/prelude-ls-1.2.1.tgz 0ms (cache hit)
5590 http cache type-check@https://registry.npmjs.org/type-check/-/type-check-0.4.0.tgz 0ms (cache hit)
5591 http cache json-buffer@https://registry.npmjs.org/json-buffer/-/json-buffer-3.0.1.tgz 0ms (cache hit)
5592 http cache argparse@https://registry.npmjs.org/argparse/-/argparse-2.0.1.tgz 0ms (cache hit)
5593 http cache is-extglob@https://registry.npmjs.org/is-extglob/-/is-extglob-2.1.1.tgz 0ms (cache hit)
5594 http cache set-function-name@https://registry.npmjs.org/set-function-name/-/set-function-name-2.0.2.tgz 0ms (cache hit)
5595 http cache side-channel@https://registry.npmjs.org/side-channel/-/side-channel-1.1.1.tgz 0ms (cache hit)
5596 http cache loose-envify@https://registry.npmjs.org/loose-envify/-/loose-envify-1.4.0.tgz 0ms (cache hit)
5597 http cache minipass@https://registry.npmjs.org/minipass/-/minipass-7.1.3.tgz 0ms (cache hit)
5598 http cache resolve-pkg-maps@https://registry.npmjs.org/resolve-pkg-maps/-/resolve-pkg-maps-1.0.0.tgz 0ms (cache hit)
5599 http cache parent-module@https://registry.npmjs.org/parent-module/-/parent-module-1.0.1.tgz 0ms (cache hit)
5600 http cache path-scurry@https://registry.npmjs.org/path-scurry/-/path-scurry-2.0.2.tgz 0ms (cache hit)
5601 http cache dunder-proto@https://registry.npmjs.org/dunder-proto/-/dunder-proto-1.0.1.tgz 0ms (cache hit)
5602 http cache is-document.all@https://registry.npmjs.org/is-document.all/-/is-document.all-1.0.0.tgz 0ms (cache hit)
5603 http cache @babel/helper-plugin-utils@https://registry.npmjs.org/@babel/helper-plugin-utils/-/helper-plugin-utils-7.29.7.tgz 0ms (cache hit)
5604 http cache flatted@https://registry.npmjs.org/flatted/-/flatted-3.4.2.tgz 0ms (cache hit)
5605 http cache functions-have-names@https://registry.npmjs.org/functions-have-names/-/functions-have-names-1.2.3.tgz 0ms (cache hit)
5606 http cache keyv@https://registry.npmjs.org/keyv/-/keyv-4.5.4.tgz 0ms (cache hit)
5607 http cache @babel/plugin-transform-modules-commonjs@https://registry.npmjs.org/@babel/plugin-transform-modules-commonjs/-/plugin-transform-modules-commonjs-7.29.7.tgz 0ms (cache hit)
5608 http cache @expo/require-utils@https://registry.npmjs.org/@expo/require-utils/-/require-utils-55.0.5.tgz 0ms (cache hit)
5609 http cache locate-path@https://registry.npmjs.org/locate-path/-/locate-path-6.0.0.tgz 0ms (cache hit)
5610 http cache path-exists@https://registry.npmjs.org/path-exists/-/path-exists-4.0.0.tgz 0ms (cache hit)
5611 http cache flat-cache@https://registry.npmjs.org/flat-cache/-/flat-cache-4.0.1.tgz 0ms (cache hit)
5612 http cache parse-png@https://registry.npmjs.org/parse-png/-/parse-png-2.1.0.tgz 0ms (cache hit)
5613 http cache @react-native/normalize-colors@https://registry.npmjs.org/@react-native/normalize-colors/-/normalize-colors-0.81.5.tgz 0ms (cache hit)
5614 http cache jimp-compact@https://registry.npmjs.org/jimp-compact/-/jimp-compact-0.16.1.tgz 0ms (cache hit)
5615 http cache @expo/image-utils@https://registry.npmjs.org/@expo/image-utils/-/image-utils-0.8.14.tgz 0ms (cache hit)
5616 http cache warn-once@https://registry.npmjs.org/warn-once/-/warn-once-0.1.1.tgz 0ms (cache hit)
5617 http cache @expo/prebuild-config@https://registry.npmjs.org/@expo/prebuild-config/-/prebuild-config-54.0.8.tgz 0ms (cache hit)
5618 http cache @radix-ui/react-compose-refs@https://registry.npmjs.org/@radix-ui/react-compose-refs/-/react-compose-refs-1.1.2.tgz 0ms (cache hit)
5619 http cache anser@https://registry.npmjs.org/anser/-/anser-1.4.10.tgz 0ms (cache hit)
5620 http cache whatwg-fetch@https://registry.npmjs.org/whatwg-fetch/-/whatwg-fetch-3.6.20.tgz 0ms (cache hit)
5621 http cache stacktrace-parser@https://registry.npmjs.org/stacktrace-parser/-/stacktrace-parser-0.1.11.tgz 0ms (cache hit)
5622 http cache vaul@https://registry.npmjs.org/vaul/-/vaul-1.1.2.tgz 0ms (cache hit)
5623 http cache server-only@https://registry.npmjs.org/server-only/-/server-only-0.0.1.tgz 0ms (cache hit)
5624 http cache shallowequal@https://registry.npmjs.org/shallowequal/-/shallowequal-1.1.0.tgz 0ms (cache hit)
5625 http cache react-fast-compare@https://registry.npmjs.org/react-fast-compare/-/react-fast-compare-3.2.2.tgz 0ms (cache hit)
5626 http cache react-native-is-edge-to-edge@https://registry.npmjs.org/react-native-is-edge-to-edge/-/react-native-is-edge-to-edge-1.3.1.tgz 0ms (cache hit)
5627 http cache expo-server@https://registry.npmjs.org/expo-server/-/expo-server-1.0.7.tgz 0ms (cache hit)
5628 http cache @radix-ui/react-slot@https://registry.npmjs.org/@radix-ui/react-slot/-/react-slot-1.2.0.tgz 0ms (cache hit)
5629 http cache client-only@https://registry.npmjs.org/client-only/-/client-only-0.0.1.tgz 0ms (cache hit)
5630 http cache @react-navigation/native-stack@https://registry.npmjs.org/@react-navigation/native-stack/-/native-stack-7.17.9.tgz 0ms (cache hit)
5631 http cache @expo/schema-utils@https://registry.npmjs.org/@expo/schema-utils/-/schema-utils-0.1.8.tgz 0ms (cache hit)
5632 http cache @expo/metro-runtime@https://registry.npmjs.org/@expo/metro-runtime/-/metro-runtime-6.1.2.tgz 0ms (cache hit)
5633 http cache invariant@https://registry.npmjs.org/invariant/-/invariant-2.2.4.tgz 0ms (cache hit)
5634 http cache @expo/env@https://registry.npmjs.org/@expo/env/-/env-2.0.11.tgz 0ms (cache hit)
5635 http cache commander@https://registry.npmjs.org/commander/-/commander-7.2.0.tgz 0ms (cache hit)
5636 http cache fontfaceobserver@https://registry.npmjs.org/fontfaceobserver/-/fontfaceobserver-2.3.0.tgz 0ms (cache hit)
5637 http cache @xmldom/xmldom@https://registry.npmjs.org/@xmldom/xmldom/-/xmldom-0.8.13.tgz 0ms (cache hit)
5638 http cache dotenv@https://registry.npmjs.org/dotenv/-/dotenv-16.4.7.tgz 0ms (cache hit)
5639 http cache dotenv-expand@https://registry.npmjs.org/dotenv-expand/-/dotenv-expand-11.0.7.tgz 0ms (cache hit)
5640 http cache xmlbuilder@https://registry.npmjs.org/xmlbuilder/-/xmlbuilder-15.1.1.tgz 0ms (cache hit)
5641 http cache metro-transform-worker@https://registry.npmjs.org/metro-transform-worker/-/metro-transform-worker-0.83.3.tgz 0ms (cache hit)
5642 http cache base64-js@https://registry.npmjs.org/base64-js/-/base64-js-1.5.1.tgz 0ms (cache hit)
5643 http cache metro-symbolicate@https://registry.npmjs.org/metro-symbolicate/-/metro-symbolicate-0.83.3.tgz 0ms (cache hit)
5644 http cache metro-runtime@https://registry.npmjs.org/metro-runtime/-/metro-runtime-0.83.3.tgz 0ms (cache hit)
5645 http cache metro-transform-plugins@https://registry.npmjs.org/metro-transform-plugins/-/metro-transform-plugins-0.83.3.tgz 0ms (cache hit)
5646 http cache metro-minify-terser@https://registry.npmjs.org/metro-minify-terser/-/metro-minify-terser-0.83.3.tgz 0ms (cache hit)
5647 http cache metro-core@https://registry.npmjs.org/metro-core/-/metro-core-0.83.3.tgz 0ms (cache hit)
5648 http cache metro-resolver@https://registry.npmjs.org/metro-resolver/-/metro-resolver-0.83.3.tgz 0ms (cache hit)
5649 http cache metro-source-map@https://registry.npmjs.org/metro-source-map/-/metro-source-map-0.83.3.tgz 0ms (cache hit)
5650 http cache metro-config@https://registry.npmjs.org/metro-config/-/metro-config-0.83.3.tgz 0ms (cache hit)
5651 http cache metro-cache-key@https://registry.npmjs.org/metro-cache-key/-/metro-cache-key-0.83.3.tgz 0ms (cache hit)
5652 http cache metro-file-map@https://registry.npmjs.org/metro-file-map/-/metro-file-map-0.83.3.tgz 0ms (cache hit)
5653 http cache metro-babel-transformer@https://registry.npmjs.org/metro-babel-transformer/-/metro-babel-transformer-0.83.3.tgz 0ms (cache hit)
5654 http cache p-limit@https://registry.npmjs.org/p-limit/-/p-limit-3.1.0.tgz 0ms (cache hit)
5655 http cache metro-cache@https://registry.npmjs.org/metro-cache/-/metro-cache-0.83.3.tgz 0ms (cache hit)
5656 http cache metro@https://registry.npmjs.org/metro/-/metro-0.83.3.tgz 0ms (cache hit)
5657 http cache @expo/spawn-async@https://registry.npmjs.org/@expo/spawn-async/-/spawn-async-1.8.0.tgz 0ms (cache hit)
5658 http cache arg@https://registry.npmjs.org/arg/-/arg-5.0.2.tgz 0ms (cache hit)
5659 http cache @expo/sdk-runtime-versions@https://registry.npmjs.org/@expo/sdk-runtime-versions/-/sdk-runtime-versions-1.0.0.tgz 0ms (cache hit)
5660 http cache xml2js@https://registry.npmjs.org/xml2js/-/xml2js-0.6.0.tgz 0ms (cache hit)
5661 http cache xcode@https://registry.npmjs.org/xcode/-/xcode-3.0.1.tgz 0ms (cache hit)
5662 http cache @expo/plist@https://registry.npmjs.org/@expo/plist/-/plist-0.4.9.tgz 0ms (cache hit)
5663 http cache slash@https://registry.npmjs.org/slash/-/slash-3.0.0.tgz 0ms (cache hit)
5664 http cache sucrase@https://registry.npmjs.org/sucrase/-/sucrase-3.35.1.tgz 0ms (cache hit)
5665 http cache @expo/json-file@https://registry.npmjs.org/@expo/json-file/-/json-file-10.2.0.tgz 0ms (cache hit)
5666 http cache slugify@https://registry.npmjs.org/slugify/-/slugify-1.6.9.tgz 0ms (cache hit)
5667 http cache resolve-workspace-root@https://registry.npmjs.org/resolve-workspace-root/-/resolve-workspace-root-2.0.1.tgz 0ms (cache hit)
5668 http cache resolve-from@https://registry.npmjs.org/resolve-from/-/resolve-from-5.0.0.tgz 0ms (cache hit)
5669 http cache @expo/config-types@https://registry.npmjs.org/@expo/config-types/-/config-types-54.0.10.tgz 0ms (cache hit)
5670 http cache require-from-string@https://registry.npmjs.org/require-from-string/-/require-from-string-2.0.2.tgz 0ms (cache hit)
5671 http cache glob@https://registry.npmjs.org/glob/-/glob-13.0.6.tgz 0ms (cache hit)
5672 http cache getenv@https://registry.npmjs.org/getenv/-/getenv-2.0.0.tgz 0ms (cache hit)
5673 http cache deepmerge@https://registry.npmjs.org/deepmerge/-/deepmerge-4.3.1.tgz 0ms (cache hit)
5674 http cache whatwg-url-without-unicode@https://registry.npmjs.org/whatwg-url-without-unicode/-/whatwg-url-without-unicode-8.0.0-3.tgz 0ms (cache hit)
5675 http cache expo-modules-core@https://registry.npmjs.org/expo-modules-core/-/expo-modules-core-3.0.30.tgz 0ms (cache hit)
5676 http cache pretty-format@https://registry.npmjs.org/pretty-format/-/pretty-format-29.7.0.tgz 0ms (cache hit)
5677 http cache react-refresh@https://registry.npmjs.org/react-refresh/-/react-refresh-0.14.2.tgz 0ms (cache hit)
5678 http cache expo-modules-autolinking@https://registry.npmjs.org/expo-modules-autolinking/-/expo-modules-autolinking-3.0.26.tgz 0ms (cache hit)
5679 http cache @ungap/structured-clone@https://registry.npmjs.org/@ungap/structured-clone/-/structured-clone-1.3.2.tgz 0ms (cache hit)
5680 http cache @expo/fingerprint@https://registry.npmjs.org/@expo/fingerprint/-/fingerprint-0.15.5.tgz 0ms (cache hit)
5681 http cache acorn-jsx@https://registry.npmjs.org/acorn-jsx/-/acorn-jsx-5.3.2.tgz 0ms (cache hit)
5682 http cache @babel/runtime@https://registry.npmjs.org/@babel/runtime/-/runtime-7.29.7.tgz 0ms (cache hit)
5683 http cache @expo/metro@https://registry.npmjs.org/@expo/metro/-/metro-54.2.0.tgz 0ms (cache hit)
5684 http cache @expo/devtools@https://registry.npmjs.org/@expo/devtools/-/devtools-0.1.8.tgz 0ms (cache hit)
5685 http cache @expo/config-plugins@https://registry.npmjs.org/@expo/config-plugins/-/config-plugins-54.0.4.tgz 0ms (cache hit)
5686 http cache @expo/config@https://registry.npmjs.org/@expo/config/-/config-12.0.13.tgz 0ms (cache hit)
5687 http cache acorn@https://registry.npmjs.org/acorn/-/acorn-8.17.0.tgz 0ms (cache hit)
5688 http cache esrecurse@https://registry.npmjs.org/esrecurse/-/esrecurse-4.3.0.tgz 0ms (cache hit)
5689 http cache string.prototype.repeat@https://registry.npmjs.org/string.prototype.repeat/-/string.prototype.repeat-1.0.0.tgz 0ms (cache hit)
5690 http cache iterator.prototype@https://registry.npmjs.org/iterator.prototype/-/iterator.prototype-1.1.5.tgz 0ms (cache hit)
5691 http cache string.prototype.matchall@https://registry.npmjs.org/string.prototype.matchall/-/string.prototype.matchall-4.0.12.tgz 0ms (cache hit)
5692 http cache prop-types@https://registry.npmjs.org/prop-types/-/prop-types-15.8.1.tgz 0ms (cache hit)
5693 http cache object.entries@https://registry.npmjs.org/object.entries/-/object.entries-1.1.9.tgz 0ms (cache hit)
5694 http cache es-iterator-helpers@https://registry.npmjs.org/es-iterator-helpers/-/es-iterator-helpers-1.3.3.tgz 0ms (cache hit)
5695 http cache estraverse@https://registry.npmjs.org/estraverse/-/estraverse-5.3.0.tgz 0ms (cache hit)
5696 http cache jsx-ast-utils@https://registry.npmjs.org/jsx-ast-utils/-/jsx-ast-utils-3.3.5.tgz 0ms (cache hit)
5697 http cache array.prototype.tosorted@https://registry.npmjs.org/array.prototype.tosorted/-/array.prototype.tosorted-1.1.4.tgz 0ms (cache hit)
5698 http cache resolve@https://registry.npmjs.org/resolve/-/resolve-2.0.0-next.7.tgz 0ms (cache hit)
5699 http cache is-symbol@https://registry.npmjs.org/is-symbol/-/is-symbol-1.1.1.tgz 0ms (cache hit)
5700 http cache is-date-object@https://registry.npmjs.org/is-date-object/-/is-date-object-1.1.0.tgz 0ms (cache hit)
5701 http cache es-abstract-get@https://registry.npmjs.org/es-abstract-get/-/es-abstract-get-1.0.0.tgz 0ms (cache hit)
5702 http cache array.prototype.findlast@https://registry.npmjs.org/array.prototype.findlast/-/array.prototype.findlast-1.2.5.tgz 0ms (cache hit)
5703 http cache has-tostringtag@https://registry.npmjs.org/has-tostringtag/-/has-tostringtag-1.0.2.tgz 0ms (cache hit)
5704 http cache possible-typed-array-names@https://registry.npmjs.org/possible-typed-array-names/-/possible-typed-array-names-1.1.0.tgz 0ms (cache hit)
5705 http cache unbox-primitive@https://registry.npmjs.org/unbox-primitive/-/unbox-primitive-1.1.0.tgz 0ms (cache hit)
5706 http cache typed-array-length@https://registry.npmjs.org/typed-array-length/-/typed-array-length-1.0.8.tgz 0ms (cache hit)
5707 http cache typed-array-byte-offset@https://registry.npmjs.org/typed-array-byte-offset/-/typed-array-byte-offset-1.0.4.tgz 0ms (cache hit)
5708 http cache typed-array-byte-length@https://registry.npmjs.org/typed-array-byte-length/-/typed-array-byte-length-1.0.3.tgz 0ms (cache hit)
5709 http cache typed-array-buffer@https://registry.npmjs.org/typed-array-buffer/-/typed-array-buffer-1.0.3.tgz 0ms (cache hit)
5710 http cache string.prototype.trimstart@https://registry.npmjs.org/string.prototype.trimstart/-/string.prototype.trimstart-1.0.8.tgz 0ms (cache hit)
5711 http cache which-typed-array@https://registry.npmjs.org/which-typed-array/-/which-typed-array-1.1.22.tgz 0ms (cache hit)
5712 http cache string.prototype.trim@https://registry.npmjs.org/string.prototype.trim/-/string.prototype.trim-1.2.11.tgz 0ms (cache hit)
5713 http cache stop-iteration-iterator@https://registry.npmjs.org/stop-iteration-iterator/-/stop-iteration-iterator-1.1.0.tgz 0ms (cache hit)
5714 http cache set-proto@https://registry.npmjs.org/set-proto/-/set-proto-1.0.0.tgz 0ms (cache hit)
5715 http cache safe-regex-test@https://registry.npmjs.org/safe-regex-test/-/safe-regex-test-1.1.0.tgz 0ms (cache hit)
5716 http cache safe-push-apply@https://registry.npmjs.org/safe-push-apply/-/safe-push-apply-1.0.0.tgz 0ms (cache hit)
5717 http cache safe-array-concat@https://registry.npmjs.org/safe-array-concat/-/safe-array-concat-1.1.4.tgz 0ms (cache hit)
5718 http cache own-keys@https://registry.npmjs.org/own-keys/-/own-keys-1.0.1.tgz 0ms (cache hit)
5719 http cache regexp.prototype.flags@https://registry.npmjs.org/regexp.prototype.flags/-/regexp.prototype.flags-1.5.4.tgz 0ms (cache hit)
5720 http cache object.assign@https://registry.npmjs.org/object.assign/-/object.assign-4.1.7.tgz 1ms (cache hit)
5721 http cache object-inspect@https://registry.npmjs.org/object-inspect/-/object-inspect-1.13.4.tgz 0ms (cache hit)
5722 http cache is-weakref@https://registry.npmjs.org/is-weakref/-/is-weakref-1.1.1.tgz 0ms (cache hit)
5723 http cache is-typed-array@https://registry.npmjs.org/is-typed-array/-/is-typed-array-1.1.15.tgz 0ms (cache hit)
5724 http cache is-shared-array-buffer@https://registry.npmjs.org/is-shared-array-buffer/-/is-shared-array-buffer-1.0.4.tgz 0ms (cache hit)
5725 http cache is-set@https://registry.npmjs.org/is-set/-/is-set-2.0.3.tgz 0ms (cache hit)
5726 http cache is-regex@https://registry.npmjs.org/is-regex/-/is-regex-1.2.1.tgz 0ms (cache hit)
5727 http cache is-data-view@https://registry.npmjs.org/is-data-view/-/is-data-view-1.0.2.tgz 0ms (cache hit)
5728 http cache is-negative-zero@https://registry.npmjs.org/is-negative-zero/-/is-negative-zero-2.0.3.tgz 0ms (cache hit)
5729 http cache is-array-buffer@https://registry.npmjs.org/is-array-buffer/-/is-array-buffer-3.0.5.tgz 0ms (cache hit)
5730 http cache is-callable@https://registry.npmjs.org/is-callable/-/is-callable-1.2.7.tgz 0ms (cache hit)
5731 http cache internal-slot@https://registry.npmjs.org/internal-slot/-/internal-slot-1.1.0.tgz 0ms (cache hit)
5732 http cache has-symbols@https://registry.npmjs.org/has-symbols/-/has-symbols-1.1.0.tgz 0ms (cache hit)
5733 http cache globalthis@https://registry.npmjs.org/globalthis/-/globalthis-1.0.4.tgz 0ms (cache hit)
5734 http cache get-proto@https://registry.npmjs.org/get-proto/-/get-proto-1.0.1.tgz 0ms (cache hit)
5735 http cache has-proto@https://registry.npmjs.org/has-proto/-/has-proto-1.2.0.tgz 0ms (cache hit)
5736 http cache get-symbol-description@https://registry.npmjs.org/get-symbol-description/-/get-symbol-description-1.1.0.tgz 0ms (cache hit)
5737 http cache data-view-byte-offset@https://registry.npmjs.org/data-view-byte-offset/-/data-view-byte-offset-1.0.1.tgz 0ms (cache hit)
5738 http cache function.prototype.name@https://registry.npmjs.org/function.prototype.name/-/function.prototype.name-1.2.0.tgz 0ms (cache hit)
5739 http cache es-set-tostringtag@https://registry.npmjs.org/es-set-tostringtag/-/es-set-tostringtag-2.1.0.tgz 0ms (cache hit)
5740 http cache es-to-primitive@https://registry.npmjs.org/es-to-primitive/-/es-to-primitive-1.3.4.tgz 0ms (cache hit)
5741 http cache data-view-byte-length@https://registry.npmjs.org/data-view-byte-length/-/data-view-byte-length-1.0.2.tgz 0ms (cache hit)
5742 http cache data-view-buffer@https://registry.npmjs.org/data-view-buffer/-/data-view-buffer-1.0.2.tgz 0ms (cache hit)
5743 http cache arraybuffer.prototype.slice@https://registry.npmjs.org/arraybuffer.prototype.slice/-/arraybuffer.prototype.slice-1.0.4.tgz 0ms (cache hit)
5744 http cache gopd@https://registry.npmjs.org/gopd/-/gopd-1.2.0.tgz 0ms (cache hit)
5745 http cache available-typed-arrays@https://registry.npmjs.org/available-typed-arrays/-/available-typed-arrays-1.0.7.tgz 0ms (cache hit)
5746 http cache object-keys@https://registry.npmjs.org/object-keys/-/object-keys-1.1.1.tgz 0ms (cache hit)
5747 http cache set-function-length@https://registry.npmjs.org/set-function-length/-/set-function-length-1.2.2.tgz 0ms (cache hit)
5748 http cache define-data-property@https://registry.npmjs.org/define-data-property/-/define-data-property-1.1.4.tgz 0ms (cache hit)
5749 http cache has-property-descriptors@https://registry.npmjs.org/has-property-descriptors/-/has-property-descriptors-1.0.2.tgz 0ms (cache hit)
5750 http cache function-bind@https://registry.npmjs.org/function-bind/-/function-bind-1.1.2.tgz 0ms (cache hit)
5751 http cache call-bind-apply-helpers@https://registry.npmjs.org/call-bind-apply-helpers/-/call-bind-apply-helpers-1.0.2.tgz 0ms (cache hit)
5752 http cache es-define-property@https://registry.npmjs.org/es-define-property/-/es-define-property-1.0.1.tgz 0ms (cache hit)
5753 http cache es-shim-unscopables@https://registry.npmjs.org/es-shim-unscopables/-/es-shim-unscopables-1.1.0.tgz 0ms (cache hit)
5754 http cache es-errors@https://registry.npmjs.org/es-errors/-/es-errors-1.3.0.tgz 0ms (cache hit)
5755 http cache math-intrinsics@https://registry.npmjs.org/math-intrinsics/-/math-intrinsics-1.1.0.tgz 0ms (cache hit)
5756 http cache is-string@https://registry.npmjs.org/is-string/-/is-string-1.1.1.tgz 0ms (cache hit)
5757 http cache get-intrinsic@https://registry.npmjs.org/get-intrinsic/-/get-intrinsic-1.3.0.tgz 0ms (cache hit)
5758 http cache es-object-atoms@https://registry.npmjs.org/es-object-atoms/-/es-object-atoms-1.1.2.tgz 0ms (cache hit)
5759 http cache es-abstract@https://registry.npmjs.org/es-abstract/-/es-abstract-1.24.2.tgz 0ms (cache hit)
5760 http cache define-properties@https://registry.npmjs.org/define-properties/-/define-properties-1.2.1.tgz 0ms (cache hit)
5761 http cache call-bound@https://registry.npmjs.org/call-bound/-/call-bound-1.0.4.tgz 0ms (cache hit)
5762 http cache call-bind@https://registry.npmjs.org/call-bind/-/call-bind-1.0.9.tgz 0ms (cache hit)
5763 http cache tsconfig-paths@https://registry.npmjs.org/tsconfig-paths/-/tsconfig-paths-3.15.0.tgz 0ms (cache hit)
5764 http cache object.values@https://registry.npmjs.org/object.values/-/object.values-1.2.1.tgz 0ms (cache hit)
5765 http cache object.groupby@https://registry.npmjs.org/object.groupby/-/object.groupby-1.0.3.tgz 0ms (cache hit)
5766 http cache array-buffer-byte-length@https://registry.npmjs.org/array-buffer-byte-length/-/array-buffer-byte-length-1.0.2.tgz 0ms (cache hit)
5767 http cache string.prototype.trimend@https://registry.npmjs.org/string.prototype.trimend/-/string.prototype.trimend-1.0.10.tgz 0ms (cache hit)
5768 http cache is-core-module@https://registry.npmjs.org/is-core-module/-/is-core-module-2.16.2.tgz 0ms (cache hit)
5769 http cache hasown@https://registry.npmjs.org/hasown/-/hasown-2.0.4.tgz 0ms (cache hit)
5770 http cache object.fromentries@https://registry.npmjs.org/object.fromentries/-/object.fromentries-2.0.8.tgz 0ms (cache hit)
5771 http cache eslint-import-resolver-node@https://registry.npmjs.org/eslint-import-resolver-node/-/eslint-import-resolver-node-0.3.10.tgz 0ms (cache hit)
5772 http cache eslint-module-utils@https://registry.npmjs.org/eslint-module-utils/-/eslint-module-utils-2.14.0.tgz 0ms (cache hit)
5773 http cache doctrine@https://registry.npmjs.org/doctrine/-/doctrine-2.1.0.tgz 0ms (cache hit)
5774 http cache @rtsao/scc@https://registry.npmjs.org/@rtsao/scc/-/scc-1.1.0.tgz 0ms (cache hit)
5775 http cache array.prototype.flatmap@https://registry.npmjs.org/array.prototype.flatmap/-/array.prototype.flatmap-1.3.3.tgz 0ms (cache hit)
5776 http cache array.prototype.flat@https://registry.npmjs.org/array.prototype.flat/-/array.prototype.flat-1.3.3.tgz 0ms (cache hit)
5777 http cache array-includes@https://registry.npmjs.org/array-includes/-/array-includes-3.1.9.tgz 0ms (cache hit)
5778 http cache array.prototype.findlastindex@https://registry.npmjs.org/array.prototype.findlastindex/-/array.prototype.findlastindex-1.2.6.tgz 0ms (cache hit)
5779 http cache unrs-resolver@https://registry.npmjs.org/unrs-resolver/-/unrs-resolver-1.12.2.tgz 0ms (cache hit)
5780 http cache stable-hash@https://registry.npmjs.org/stable-hash/-/stable-hash-0.0.5.tgz 0ms (cache hit)
5781 http cache @nolyfill/is-core-module@https://registry.npmjs.org/@nolyfill/is-core-module/-/is-core-module-1.0.39.tgz 0ms (cache hit)
5782 http cache get-tsconfig@https://registry.npmjs.org/get-tsconfig/-/get-tsconfig-4.14.0.tgz 0ms (cache hit)
5783 http cache is-bun-module@https://registry.npmjs.org/is-bun-module/-/is-bun-module-2.0.0.tgz 0ms (cache hit)
5784 http cache tinyglobby@https://registry.npmjs.org/tinyglobby/-/tinyglobby-0.2.17.tgz 0ms (cache hit)
5785 http cache @typescript-eslint/tsconfig-utils@https://registry.npmjs.org/@typescript-eslint/tsconfig-utils/-/tsconfig-utils-8.62.1.tgz 0ms (cache hit)
5786 http cache @typescript-eslint/project-service@https://registry.npmjs.org/@typescript-eslint/project-service/-/project-service-8.62.1.tgz 0ms (cache hit)
5787 http cache ts-api-utils@https://registry.npmjs.org/ts-api-utils/-/ts-api-utils-2.5.0.tgz 0ms (cache hit)
5788 http cache @typescript-eslint/typescript-estree@https://registry.npmjs.org/@typescript-eslint/typescript-estree/-/typescript-estree-8.62.1.tgz 0ms (cache hit)
5789 http cache @typescript-eslint/types@https://registry.npmjs.org/@typescript-eslint/types/-/types-8.62.1.tgz 0ms (cache hit)
5790 http cache @typescript-eslint/visitor-keys@https://registry.npmjs.org/@typescript-eslint/visitor-keys/-/visitor-keys-8.62.1.tgz 0ms (cache hit)
5791 http cache @typescript-eslint/type-utils@https://registry.npmjs.org/@typescript-eslint/type-utils/-/type-utils-8.62.1.tgz 0ms (cache hit)
5792 http cache @typescript-eslint/utils@https://registry.npmjs.org/@typescript-eslint/utils/-/utils-8.62.1.tgz 0ms (cache hit)
5793 http cache @typescript-eslint/scope-manager@https://registry.npmjs.org/@typescript-eslint/scope-manager/-/scope-manager-8.62.1.tgz 0ms (cache hit)
5794 http cache eslint-plugin-react-hooks@https://registry.npmjs.org/eslint-plugin-react-hooks/-/eslint-plugin-react-hooks-5.2.0.tgz 0ms (cache hit)
5795 http cache eslint-plugin-expo@https://registry.npmjs.org/eslint-plugin-expo/-/eslint-plugin-expo-1.1.0.tgz 0ms (cache hit)
5796 http cache eslint-plugin-import@https://registry.npmjs.org/eslint-plugin-import/-/eslint-plugin-import-2.32.0.tgz 0ms (cache hit)
5797 http cache eslint-plugin-react@https://registry.npmjs.org/eslint-plugin-react/-/eslint-plugin-react-7.37.5.tgz 0ms (cache hit)
5798 http cache eslint-import-resolver-typescript@https://registry.npmjs.org/eslint-import-resolver-typescript/-/eslint-import-resolver-typescript-3.10.1.tgz 0ms (cache hit)
5799 http cache which@https://registry.npmjs.org/which/-/which-2.0.2.tgz 0ms (cache hit)
5800 http cache @typescript-eslint/parser@https://registry.npmjs.org/@typescript-eslint/parser/-/parser-8.62.1.tgz 0ms (cache hit)
5801 http cache @typescript-eslint/eslint-plugin@https://registry.npmjs.org/@typescript-eslint/eslint-plugin/-/eslint-plugin-8.62.1.tgz 0ms (cache hit)
5802 http cache path-key@https://registry.npmjs.org/path-key/-/path-key-3.1.1.tgz 0ms (cache hit)
5803 http cache @humanfs/types@https://registry.npmjs.org/@humanfs/types/-/types-0.15.0.tgz 0ms (cache hit)
5804 http cache ansi-styles@https://registry.npmjs.org/ansi-styles/-/ansi-styles-4.3.0.tgz 0ms (cache hit)
5805 http cache supports-color@https://registry.npmjs.org/supports-color/-/supports-color-7.2.0.tgz 0ms (cache hit)
5806 http cache shebang-command@https://registry.npmjs.org/shebang-command/-/shebang-command-2.0.0.tgz 0ms (cache hit)
5807 http cache @humanfs/core@https://registry.npmjs.org/@humanfs/core/-/core-0.19.2.tgz 0ms (cache hit)
5808 http cache uri-js@https://registry.npmjs.org/uri-js/-/uri-js-4.4.1.tgz 0ms (cache hit)
5809 http cache json-schema-traverse@https://registry.npmjs.org/json-schema-traverse/-/json-schema-traverse-0.4.1.tgz 0ms (cache hit)
5810 http cache fast-json-stable-stringify@https://registry.npmjs.org/fast-json-stable-stringify/-/fast-json-stable-stringify-2.1.0.tgz 0ms (cache hit)
5811 http cache levn@https://registry.npmjs.org/levn/-/levn-0.4.1.tgz 0ms (cache hit)
5812 http cache strip-json-comments@https://registry.npmjs.org/strip-json-comments/-/strip-json-comments-3.1.1.tgz 0ms (cache hit)
5813 http cache js-yaml@https://registry.npmjs.org/js-yaml/-/js-yaml-4.3.0.tgz 0ms (cache hit)
5814 http cache @types/json-schema@https://registry.npmjs.org/@types/json-schema/-/json-schema-7.0.15.tgz 0ms (cache hit)
5815 http cache import-fresh@https://registry.npmjs.org/import-fresh/-/import-fresh-3.3.1.tgz 0ms (cache hit)
5816 http cache optionator@https://registry.npmjs.org/optionator/-/optionator-0.9.4.tgz 0ms (cache hit)
5817 http cache globals@https://registry.npmjs.org/globals/-/globals-14.0.0.tgz 0ms (cache hit)
5818 http cache @eslint/object-schema@https://registry.npmjs.org/@eslint/object-schema/-/object-schema-2.1.7.tgz 0ms (cache hit)
5819 http cache natural-compare@https://registry.npmjs.org/natural-compare/-/natural-compare-1.4.0.tgz 0ms (cache hit)
5820 http cache minimatch@https://registry.npmjs.org/minimatch/-/minimatch-3.1.5.tgz 0ms (cache hit)
5821 http cache lodash.merge@https://registry.npmjs.org/lodash.merge/-/lodash.merge-4.6.2.tgz 0ms (cache hit)
5822 http cache json-stable-stringify-without-jsonify@https://registry.npmjs.org/json-stable-stringify-without-jsonify/-/json-stable-stringify-without-jsonify-1.0.1.tgz 0ms (cache hit)
5823 http cache is-glob@https://registry.npmjs.org/is-glob/-/is-glob-4.0.3.tgz 0ms (cache hit)
5824 http cache imurmurhash@https://registry.npmjs.org/imurmurhash/-/imurmurhash-0.1.4.tgz 0ms (cache hit)
5825 http cache ignore@https://registry.npmjs.org/ignore/-/ignore-5.3.2.tgz 0ms (cache hit)
5826 http cache glob-parent@https://registry.npmjs.org/glob-parent/-/glob-parent-6.0.2.tgz 0ms (cache hit)
5827 http cache find-up@https://registry.npmjs.org/find-up/-/find-up-5.0.0.tgz 0ms (cache hit)
5828 http cache esquery@https://registry.npmjs.org/esquery/-/esquery-1.7.0.tgz 0ms (cache hit)
5829 http cache esutils@https://registry.npmjs.org/esutils/-/esutils-2.0.3.tgz 0ms (cache hit)
5830 http cache file-entry-cache@https://registry.npmjs.org/file-entry-cache/-/file-entry-cache-8.0.0.tgz 0ms (cache hit)
5831 http cache espree@https://registry.npmjs.org/espree/-/espree-10.4.0.tgz 0ms (cache hit)
5832 http cache eslint-visitor-keys@https://registry.npmjs.org/eslint-visitor-keys/-/eslint-visitor-keys-4.2.1.tgz 0ms (cache hit)
5833 http cache eslint-scope@https://registry.npmjs.org/eslint-scope/-/eslint-scope-8.4.0.tgz 0ms (cache hit)
5834 http cache chalk@https://registry.npmjs.org/chalk/-/chalk-4.1.2.tgz 0ms (cache hit)
5835 http cache cross-spawn@https://registry.npmjs.org/cross-spawn/-/cross-spawn-7.0.6.tgz 0ms (cache hit)
5836 http cache ajv@https://registry.npmjs.org/ajv/-/ajv-6.15.0.tgz 0ms (cache hit)
5837 http cache @types/estree@https://registry.npmjs.org/@types/estree/-/estree-1.0.9.tgz 0ms (cache hit)
5838 http cache @humanfs/node@https://registry.npmjs.org/@humanfs/node/-/node-0.16.8.tgz 0ms (cache hit)
5839 http cache @humanwhocodes/retry@https://registry.npmjs.org/@humanwhocodes/retry/-/retry-0.4.3.tgz 0ms (cache hit)
5840 http cache @eslint/plugin-kit@https://registry.npmjs.org/@eslint/plugin-kit/-/plugin-kit-0.4.1.tgz 0ms (cache hit)
5841 http cache @humanwhocodes/module-importer@https://registry.npmjs.org/@humanwhocodes/module-importer/-/module-importer-1.0.1.tgz 0ms (cache hit)
5842 http cache @eslint/js@https://registry.npmjs.org/@eslint/js/-/js-9.39.4.tgz 0ms (cache hit)
5843 http cache @eslint/config-helpers@https://registry.npmjs.org/@eslint/config-helpers/-/config-helpers-0.4.2.tgz 0ms (cache hit)
5844 http cache @eslint/eslintrc@https://registry.npmjs.org/@eslint/eslintrc/-/eslintrc-3.3.5.tgz 0ms (cache hit)
5845 http cache @eslint/core@https://registry.npmjs.org/@eslint/core/-/core-0.17.0.tgz 0ms (cache hit)
5846 http cache @eslint/config-array@https://registry.npmjs.org/@eslint/config-array/-/config-array-0.21.2.tgz 0ms (cache hit)
5847 http cache simple-swizzle@https://registry.npmjs.org/simple-swizzle/-/simple-swizzle-0.2.4.tgz 0ms (cache hit)
5848 http cache @eslint-community/regexpp@https://registry.npmjs.org/@eslint-community/regexpp/-/regexpp-4.12.2.tgz 0ms (cache hit)
5849 http cache @eslint-community/eslint-utils@https://registry.npmjs.org/@eslint-community/eslint-utils/-/eslint-utils-4.9.1.tgz 0ms (cache hit)
5850 http cache ms@https://registry.npmjs.org/ms/-/ms-2.1.3.tgz 0ms (cache hit)
5851 http cache color-string@https://registry.npmjs.org/color-string/-/color-string-1.9.1.tgz 0ms (cache hit)
5852 http cache color-convert@https://registry.npmjs.org/color-convert/-/color-convert-2.0.1.tgz 0ms (cache hit)
5853 http cache color-name@https://registry.npmjs.org/color-name/-/color-name-1.1.4.tgz 0ms (cache hit)
5854 http cache update-browserslist-db@https://registry.npmjs.org/update-browserslist-db/-/update-browserslist-db-1.2.3.tgz 0ms (cache hit)
5855 http cache node-releases@https://registry.npmjs.org/node-releases/-/node-releases-2.0.50.tgz 0ms (cache hit)
5856 http cache electron-to-chromium@https://registry.npmjs.org/electron-to-chromium/-/electron-to-chromium-1.5.385.tgz 0ms (cache hit)
5857 http cache caniuse-lite@https://registry.npmjs.org/caniuse-lite/-/caniuse-lite-1.0.30001800.tgz 0ms (cache hit)
5858 http cache baseline-browser-mapping@https://registry.npmjs.org/baseline-browser-mapping/-/baseline-browser-mapping-2.10.41.tgz 0ms (cache hit)
5859 http cache csstype@https://registry.npmjs.org/csstype/-/csstype-3.2.3.tgz 0ms (cache hit)
5860 http cache react-is@https://registry.npmjs.org/react-is/-/react-is-19.2.7.tgz 0ms (cache hit)
5861 http cache @react-navigation/routers@https://registry.npmjs.org/@react-navigation/routers/-/routers-7.6.0.tgz 0ms (cache hit)
5862 http cache query-string@https://registry.npmjs.org/query-string/-/query-string-7.1.3.tgz 0ms (cache hit)
5863 http cache nanoid@https://registry.npmjs.org/nanoid/-/nanoid-3.3.15.tgz 0ms (cache hit)
5864 http cache @react-navigation/core@https://registry.npmjs.org/@react-navigation/core/-/core-7.21.5.tgz 0ms (cache hit)
5865 http cache standard-navigation@https://registry.npmjs.org/standard-navigation/-/standard-navigation-0.0.7.tgz 0ms (cache hit)
5866 http cache fast-deep-equal@https://registry.npmjs.org/fast-deep-equal/-/fast-deep-equal-3.1.3.tgz 0ms (cache hit)
5867 http cache use-sync-external-store@https://registry.npmjs.org/use-sync-external-store/-/use-sync-external-store-1.6.0.tgz 0ms (cache hit)
5868 http cache escape-string-regexp@https://registry.npmjs.org/escape-string-regexp/-/escape-string-regexp-4.0.0.tgz 0ms (cache hit)
5869 http cache @jridgewell/resolve-uri@https://registry.npmjs.org/@jridgewell/resolve-uri/-/resolve-uri-3.1.2.tgz 0ms (cache hit)
5870 http cache use-latest-callback@https://registry.npmjs.org/use-latest-callback/-/use-latest-callback-0.2.6.tgz 0ms (cache hit)
5871 http cache sf-symbols-typescript@https://registry.npmjs.org/sf-symbols-typescript/-/sf-symbols-typescript-2.2.0.tgz 0ms (cache hit)
5872 http cache @jridgewell/sourcemap-codec@https://registry.npmjs.org/@jridgewell/sourcemap-codec/-/sourcemap-codec-1.5.5.tgz 0ms (cache hit)
5873 http cache color@https://registry.npmjs.org/color/-/color-4.2.3.tgz 0ms (cache hit)
5874 http cache @babel/helper-globals@https://registry.npmjs.org/@babel/helper-globals/-/helper-globals-7.29.7.tgz 0ms (cache hit)
5875 http cache @babel/compat-data@https://registry.npmjs.org/@babel/compat-data/-/compat-data-7.29.7.tgz 0ms (cache hit)
5876 http cache @babel/helper-string-parser@https://registry.npmjs.org/@babel/helper-string-parser/-/helper-string-parser-7.29.7.tgz 0ms (cache hit)
5877 http cache @babel/helper-validator-option@https://registry.npmjs.org/@babel/helper-validator-option/-/helper-validator-option-7.29.7.tgz 0ms (cache hit)
5878 http cache @babel/helper-module-imports@https://registry.npmjs.org/@babel/helper-module-imports/-/helper-module-imports-7.29.7.tgz 0ms (cache hit)
5879 http cache lru-cache@https://registry.npmjs.org/lru-cache/-/lru-cache-5.1.1.tgz 0ms (cache hit)
5880 http cache browserslist@https://registry.npmjs.org/browserslist/-/browserslist-4.28.4.tgz 0ms (cache hit)
5881 http cache @jridgewell/trace-mapping@https://registry.npmjs.org/@jridgewell/trace-mapping/-/trace-mapping-0.3.31.tgz 0ms (cache hit)
5882 http cache jsesc@https://registry.npmjs.org/jsesc/-/jsesc-3.1.0.tgz 0ms (cache hit)
5883 http cache @jridgewell/gen-mapping@https://registry.npmjs.org/@jridgewell/gen-mapping/-/gen-mapping-0.3.13.tgz 0ms (cache hit)
5884 http cache js-tokens@https://registry.npmjs.org/js-tokens/-/js-tokens-4.0.0.tgz 0ms (cache hit)
5885 http cache @babel/helper-validator-identifier@https://registry.npmjs.org/@babel/helper-validator-identifier/-/helper-validator-identifier-7.29.7.tgz 0ms (cache hit)
5886 http cache picocolors@https://registry.npmjs.org/picocolors/-/picocolors-1.1.1.tgz 0ms (cache hit)
5887 http cache semver@https://registry.npmjs.org/semver/-/semver-6.3.1.tgz 0ms (cache hit)
5888 http cache gensync@https://registry.npmjs.org/gensync/-/gensync-1.0.0-beta.2.tgz 0ms (cache hit)
5889 http cache json5@https://registry.npmjs.org/json5/-/json5-2.2.3.tgz 0ms (cache hit)
5890 http cache @babel/types@https://registry.npmjs.org/@babel/types/-/types-7.29.7.tgz 0ms (cache hit)
5891 http cache @jridgewell/remapping@https://registry.npmjs.org/@jridgewell/remapping/-/remapping-2.3.5.tgz 0ms (cache hit)
5892 http cache debug@https://registry.npmjs.org/debug/-/debug-4.4.3.tgz 0ms (cache hit)
5893 http cache convert-source-map@https://registry.npmjs.org/convert-source-map/-/convert-source-map-2.0.0.tgz 0ms (cache hit)
5894 http cache @babel/template@https://registry.npmjs.org/@babel/template/-/template-7.29.7.tgz 0ms (cache hit)
5895 http cache @babel/traverse@https://registry.npmjs.org/@babel/traverse/-/traverse-7.29.7.tgz 0ms (cache hit)
5896 http cache typescript@https://registry.npmjs.org/typescript/-/typescript-5.9.3.tgz 0ms (cache hit)
5897 http cache react-native-web@https://registry.npmjs.org/react-native-web/-/react-native-web-0.21.2.tgz 0ms (cache hit)
5898 http cache @babel/helper-module-transforms@https://registry.npmjs.org/@babel/helper-module-transforms/-/helper-module-transforms-7.29.7.tgz 0ms (cache hit)
5899 http cache @babel/parser@https://registry.npmjs.org/@babel/parser/-/parser-7.29.7.tgz 0ms (cache hit)
5900 http cache @babel/helpers@https://registry.npmjs.org/@babel/helpers/-/helpers-7.29.7.tgz 0ms (cache hit)
5901 http cache @babel/helper-compilation-targets@https://registry.npmjs.org/@babel/helper-compilation-targets/-/helper-compilation-targets-7.29.7.tgz 0ms (cache hit)
5902 http cache @babel/generator@https://registry.npmjs.org/@babel/generator/-/generator-7.29.7.tgz 0ms (cache hit)
5903 http cache @babel/code-frame@https://registry.npmjs.org/@babel/code-frame/-/code-frame-7.29.7.tgz 0ms (cache hit)
5904 http cache @babel/core@https://registry.npmjs.org/@babel/core/-/core-7.29.7.tgz 0ms (cache hit)
5905 http cache react-native-worklets@https://registry.npmjs.org/react-native-worklets/-/react-native-worklets-0.5.1.tgz 0ms (cache hit)
5906 http cache react-native-gesture-handler@https://registry.npmjs.org/react-native-gesture-handler/-/react-native-gesture-handler-2.28.0.tgz 0ms (cache hit)
5907 http cache react-dom@https://registry.npmjs.org/react-dom/-/react-dom-19.1.0.tgz 0ms (cache hit)
5908 http cache react-native-reanimated@https://registry.npmjs.org/react-native-reanimated/-/react-native-reanimated-4.1.7.tgz 0ms (cache hit)
5909 http cache expo-system-ui@https://registry.npmjs.org/expo-system-ui/-/expo-system-ui-6.0.9.tgz 0ms (cache hit)
5910 http cache expo-symbols@https://registry.npmjs.org/expo-symbols/-/expo-symbols-1.0.8.tgz 0ms (cache hit)
5911 http cache expo-web-browser@https://registry.npmjs.org/expo-web-browser/-/expo-web-browser-15.0.11.tgz 0ms (cache hit)
5912 http cache expo-status-bar@https://registry.npmjs.org/expo-status-bar/-/expo-status-bar-3.0.9.tgz 0ms (cache hit)
5913 http cache expo-splash-screen@https://registry.npmjs.org/expo-splash-screen/-/expo-splash-screen-31.0.13.tgz 0ms (cache hit)
5914 http cache expo-router@https://registry.npmjs.org/expo-router/-/expo-router-6.0.24.tgz 0ms (cache hit)
5915 http cache expo-linking@https://registry.npmjs.org/expo-linking/-/expo-linking-8.0.12.tgz 0ms (cache hit)
5916 http cache expo-image@https://registry.npmjs.org/expo-image/-/expo-image-3.0.11.tgz 0ms (cache hit)
5917 http cache expo-haptics@https://registry.npmjs.org/expo-haptics/-/expo-haptics-15.0.8.tgz 0ms (cache hit)
5918 http cache @types/react@https://registry.npmjs.org/@types/react/-/react-19.1.17.tgz 0ms (cache hit)
5919 http cache @react-navigation/elements@https://registry.npmjs.org/@react-navigation/elements/-/elements-2.9.29.tgz 0ms (cache hit)
5920 http cache expo-constants@https://registry.npmjs.org/expo-constants/-/expo-constants-18.0.13.tgz 0ms (cache hit)
5921 http cache eslint-config-expo@https://registry.npmjs.org/eslint-config-expo/-/eslint-config-expo-10.0.0.tgz 0ms (cache hit)
5922 http cache @react-navigation/native@https://registry.npmjs.org/@react-navigation/native/-/native-7.3.7.tgz 0ms (cache hit)
5923 http cache @react-navigation/bottom-tabs@https://registry.npmjs.org/@react-navigation/bottom-tabs/-/bottom-tabs-7.18.7.tgz 0ms (cache hit)
5924 http cache eslint@https://registry.npmjs.org/eslint/-/eslint-9.39.4.tgz 0ms (cache hit)
5925 http cache react-native-screens@https://registry.npmjs.org/react-native-screens/-/react-native-screens-4.16.0.tgz 0ms (cache hit)
5926 http cache react-native-safe-area-context@https://registry.npmjs.org/react-native-safe-area-context/-/react-native-safe-area-context-5.6.2.tgz 0ms (cache hit)
5927 http cache expo@https://registry.npmjs.org/expo/-/expo-54.0.35.tgz 0ms (cache hit)
5928 http cache react-native@https://registry.npmjs.org/react-native/-/react-native-0.81.5.tgz 0ms (cache hit)
5929 http cache @expo/vector-icons@https://registry.npmjs.org/@expo/vector-icons/-/vector-icons-15.1.1.tgz 0ms (cache hit)
5930 http cache expo-font@https://registry.npmjs.org/expo-font/-/expo-font-14.0.12.tgz 0ms (cache hit)
5931 http cache react@https://registry.npmjs.org/react/-/react-19.1.0.tgz 0ms (cache hit)
5932 http cache type-fest@https://registry.npmjs.org/type-fest/-/type-fest-0.21.3.tgz 0ms (cache hit)
5933 http cache has-flag@https://registry.npmjs.org/has-flag/-/has-flag-3.0.0.tgz 0ms (cache hit)
5934 http cache resolve@https://registry.npmjs.org/resolve/-/resolve-1.22.12.tgz 0ms (cache hit)
5935 http cache strip-json-comments@https://registry.npmjs.org/strip-json-comments/-/strip-json-comments-2.0.1.tgz 0ms (cache hit)
5936 http cache color-convert@https://registry.npmjs.org/color-convert/-/color-convert-1.9.3.tgz 0ms (cache hit)
5937 http cache color-name@https://registry.npmjs.org/color-name/-/color-name-1.1.3.tgz 0ms (cache hit)
5938 http cache yallist@https://registry.npmjs.org/yallist/-/yallist-5.0.0.tgz 0ms (cache hit)
5939 http cache lru-cache@https://registry.npmjs.org/lru-cache/-/lru-cache-10.4.3.tgz 0ms (cache hit)
5940 http cache supports-color@https://registry.npmjs.org/supports-color/-/supports-color-5.5.0.tgz 0ms (cache hit)
5941 http cache resolve@https://registry.npmjs.org/resolve/-/resolve-1.7.1.tgz 0ms (cache hit)
5942 http cache ansi-styles@https://registry.npmjs.org/ansi-styles/-/ansi-styles-3.2.1.tgz 0ms (cache hit)
5943 http cache chalk@https://registry.npmjs.org/chalk/-/chalk-2.4.2.tgz 0ms (cache hit)
5944 http cache escape-string-regexp@https://registry.npmjs.org/escape-string-regexp/-/escape-string-regexp-1.0.5.tgz 0ms (cache hit)
5945 http cache has-flag@https://registry.npmjs.org/has-flag/-/has-flag-3.0.0.tgz 0ms (cache hit)
5946 http cache ansi-regex@https://registry.npmjs.org/ansi-regex/-/ansi-regex-4.1.1.tgz 0ms (cache hit)
5947 http cache color-name@https://registry.npmjs.org/color-name/-/color-name-1.1.3.tgz 0ms (cache hit)
5948 http cache escape-string-regexp@https://registry.npmjs.org/escape-string-regexp/-/escape-string-regexp-1.0.5.tgz 0ms (cache hit)
5949 http cache color-convert@https://registry.npmjs.org/color-convert/-/color-convert-1.9.3.tgz 0ms (cache hit)
5950 http cache negotiator@https://registry.npmjs.org/negotiator/-/negotiator-0.6.4.tgz 0ms (cache hit)
5951 http cache ansi-styles@https://registry.npmjs.org/ansi-styles/-/ansi-styles-3.2.1.tgz 0ms (cache hit)
5952 http cache strip-ansi@https://registry.npmjs.org/strip-ansi/-/strip-ansi-5.2.0.tgz 0ms (cache hit)
5953 http cache supports-color@https://registry.npmjs.org/supports-color/-/supports-color-5.5.0.tgz 0ms (cache hit)
5954 http cache debug@https://registry.npmjs.org/debug/-/debug-2.6.9.tgz 0ms (cache hit)
5955 http cache chalk@https://registry.npmjs.org/chalk/-/chalk-2.4.2.tgz 0ms (cache hit)
5956 http cache semver@https://registry.npmjs.org/semver/-/semver-7.8.5.tgz 0ms (cache hit)
5957 http cache open@https://registry.npmjs.org/open/-/open-8.4.2.tgz 0ms (cache hit)
5958 http cache debug@https://registry.npmjs.org/debug/-/debug-3.2.7.tgz 0ms (cache hit)
5959 http cache color-name@https://registry.npmjs.org/color-name/-/color-name-1.1.3.tgz 0ms (cache hit)
5960 http cache @expo/json-file@https://registry.npmjs.org/@expo/json-file/-/json-file-11.0.0.tgz 0ms (cache hit)
5961 http cache has-flag@https://registry.npmjs.org/has-flag/-/has-flag-3.0.0.tgz 0ms (cache hit)
5962 http cache color-convert@https://registry.npmjs.org/color-convert/-/color-convert-1.9.3.tgz 0ms (cache hit)
5963 http cache @xmldom/xmldom@https://registry.npmjs.org/@xmldom/xmldom/-/xmldom-0.9.10.tgz 0ms (cache hit)
5964 http cache ms@https://registry.npmjs.org/ms/-/ms-2.0.0.tgz 0ms (cache hit)
5965 http cache supports-color@https://registry.npmjs.org/supports-color/-/supports-color-5.5.0.tgz 0ms (cache hit)
5966 http cache ansi-styles@https://registry.npmjs.org/ansi-styles/-/ansi-styles-3.2.1.tgz 0ms (cache hit)
5967 http cache escape-string-regexp@https://registry.npmjs.org/escape-string-regexp/-/escape-string-regexp-1.0.5.tgz 0ms (cache hit)
5968 http cache chalk@https://registry.npmjs.org/chalk/-/chalk-2.4.2.tgz 0ms (cache hit)
5969 http cache statuses@https://registry.npmjs.org/statuses/-/statuses-2.0.2.tgz 0ms (cache hit)
5970 http cache source-map@https://registry.npmjs.org/source-map/-/source-map-0.6.1.tgz 0ms (cache hit)
5971 http cache statuses@https://registry.npmjs.org/statuses/-/statuses-2.0.2.tgz 0ms (cache hit)
5972 http cache ms@https://registry.npmjs.org/ms/-/ms-2.0.0.tgz 0ms (cache hit)
5973 http cache on-finished@https://registry.npmjs.org/on-finished/-/on-finished-2.4.1.tgz 0ms (cache hit)
5974 http cache promise@https://registry.npmjs.org/promise/-/promise-7.3.1.tgz 0ms (cache hit)
5975 http cache debug@https://registry.npmjs.org/debug/-/debug-2.6.9.tgz 0ms (cache hit)
5976 http cache encodeurl@https://registry.npmjs.org/encodeurl/-/encodeurl-2.0.0.tgz 0ms (cache hit)
5977 http cache debug@https://registry.npmjs.org/debug/-/debug-2.6.9.tgz 0ms (cache hit)
5978 http cache ms@https://registry.npmjs.org/ms/-/ms-2.0.0.tgz 0ms (cache hit)
5979 http cache escape-string-regexp@https://registry.npmjs.org/escape-string-regexp/-/escape-string-regexp-2.0.0.tgz 0ms (cache hit)
5980 http cache react-is@https://registry.npmjs.org/react-is/-/react-is-16.13.1.tgz 0ms (cache hit)
5981 http cache glob@https://registry.npmjs.org/glob/-/glob-7.2.3.tgz 0ms (cache hit)
5982 http cache glob@https://registry.npmjs.org/glob/-/glob-7.2.3.tgz 0ms (cache hit)
5983 http cache p-limit@https://registry.npmjs.org/p-limit/-/p-limit-2.3.0.tgz 1ms (cache hit)
5984 http cache argparse@https://registry.npmjs.org/argparse/-/argparse-1.0.10.tgz 0ms (cache hit)
5985 http cache p-locate@https://registry.npmjs.org/p-locate/-/p-locate-4.1.0.tgz 0ms (cache hit)
5986 http cache locate-path@https://registry.npmjs.org/locate-path/-/locate-path-5.0.0.tgz 0ms (cache hit)
5987 http cache js-yaml@https://registry.npmjs.org/js-yaml/-/js-yaml-3.15.0.tgz 0ms (cache hit)
5988 http cache camelcase@https://registry.npmjs.org/camelcase/-/camelcase-5.3.1.tgz 0ms (cache hit)
5989 http cache ws@https://registry.npmjs.org/ws/-/ws-6.2.4.tgz 0ms (cache hit)
5990 http cache find-up@https://registry.npmjs.org/find-up/-/find-up-4.1.0.tgz 0ms (cache hit)
5991 http cache encodeurl@https://registry.npmjs.org/encodeurl/-/encodeurl-2.0.0.tgz 0ms (cache hit)
5992 http cache hermes-estree@https://registry.npmjs.org/hermes-estree/-/hermes-estree-0.29.1.tgz 0ms (cache hit)
5993 http cache semver@https://registry.npmjs.org/semver/-/semver-7.8.5.tgz 0ms (cache hit)
5994 http cache hermes-estree@https://registry.npmjs.org/hermes-estree/-/hermes-estree-0.29.1.tgz 0ms (cache hit)
5995 http cache glob@https://registry.npmjs.org/glob/-/glob-7.2.3.tgz 0ms (cache hit)
5996 http cache commander@https://registry.npmjs.org/commander/-/commander-2.20.3.tgz 0ms (cache hit)
5997 http cache hermes-parser@https://registry.npmjs.org/hermes-parser/-/hermes-parser-0.29.1.tgz 0ms (cache hit)
5998 http cache hermes-parser@https://registry.npmjs.org/hermes-parser/-/hermes-parser-0.29.1.tgz 0ms (cache hit)
5999 http cache ci-info@https://registry.npmjs.org/ci-info/-/ci-info-3.9.0.tgz 0ms (cache hit)
6000 http cache ms@https://registry.npmjs.org/ms/-/ms-2.0.0.tgz 0ms (cache hit)
6001 http cache debug@https://registry.npmjs.org/debug/-/debug-2.6.9.tgz 0ms (cache hit)
6002 http cache supports-color@https://registry.npmjs.org/supports-color/-/supports-color-8.1.1.tgz 0ms (cache hit)
6003 http cache debug@https://registry.npmjs.org/debug/-/debug-2.6.9.tgz 0ms (cache hit)
6004 http cache lru-cache@https://registry.npmjs.org/lru-cache/-/lru-cache-11.5.1.tgz 0ms (cache hit)
6005 http cache ms@https://registry.npmjs.org/ms/-/ms-2.0.0.tgz 0ms (cache hit)
6006 http cache semver@https://registry.npmjs.org/semver/-/semver-7.8.5.tgz 0ms (cache hit)
6007 http cache @radix-ui/react-slot@https://registry.npmjs.org/@radix-ui/react-slot/-/react-slot-1.3.0.tgz 0ms (cache hit)
6008 http cache @radix-ui/react-primitive@https://registry.npmjs.org/@radix-ui/react-primitive/-/react-primitive-2.1.7.tgz 0ms (cache hit)
6009 http cache semver@https://registry.npmjs.org/semver/-/semver-7.8.5.tgz 0ms (cache hit)
6010 http cache xmlbuilder@https://registry.npmjs.org/xmlbuilder/-/xmlbuilder-11.0.1.tgz 0ms (cache hit)
6011 http cache @radix-ui/react-presence@https://registry.npmjs.org/@radix-ui/react-presence/-/react-presence-1.1.6.tgz 0ms (cache hit)
6012 http cache @radix-ui/react-dismissable-layer@https://registry.npmjs.org/@radix-ui/react-dismissable-layer/-/react-dismissable-layer-1.1.14.tgz 0ms (cache hit)
6013 http cache commander@https://registry.npmjs.org/commander/-/commander-4.1.1.tgz 0ms (cache hit)
6014 http cache @radix-ui/react-focus-scope@https://registry.npmjs.org/@radix-ui/react-focus-scope/-/react-focus-scope-1.1.11.tgz 1ms (cache hit)
6015 http cache @radix-ui/react-portal@https://registry.npmjs.org/@radix-ui/react-portal/-/react-portal-1.1.13.tgz 0ms (cache hit)
6016 http cache webidl-conversions@https://registry.npmjs.org/webidl-conversions/-/webidl-conversions-5.0.0.tgz 0ms (cache hit)
6017 http cache @radix-ui/react-compose-refs@https://registry.npmjs.org/@radix-ui/react-compose-refs/-/react-compose-refs-1.1.3.tgz 0ms (cache hit)
6018 http cache @radix-ui/react-dialog@https://registry.npmjs.org/@radix-ui/react-dialog/-/react-dialog-1.1.18.tgz 0ms (cache hit)
6019 http cache react-is@https://registry.npmjs.org/react-is/-/react-is-18.3.1.tgz 0ms (cache hit)
6020 http cache brace-expansion@https://registry.npmjs.org/brace-expansion/-/brace-expansion-5.0.7.tgz 0ms (cache hit)
6021 http cache balanced-match@https://registry.npmjs.org/balanced-match/-/balanced-match-4.0.4.tgz 0ms (cache hit)
6022 http cache ansi-styles@https://registry.npmjs.org/ansi-styles/-/ansi-styles-5.2.0.tgz 0ms (cache hit)
6023 http cache minimatch@https://registry.npmjs.org/minimatch/-/minimatch-10.2.5.tgz 0ms (cache hit)
6024 http cache balanced-match@https://registry.npmjs.org/balanced-match/-/balanced-match-4.0.4.tgz 0ms (cache hit)
6025 http cache brace-expansion@https://registry.npmjs.org/brace-expansion/-/brace-expansion-5.0.7.tgz 0ms (cache hit)
6026 http cache semver@https://registry.npmjs.org/semver/-/semver-7.8.5.tgz 0ms (cache hit)
6027 http cache minimatch@https://registry.npmjs.org/minimatch/-/minimatch-10.2.5.tgz 0ms (cache hit)
6028 http cache @babel/code-frame@https://registry.npmjs.org/@babel/code-frame/-/code-frame-7.10.4.tgz 0ms (cache hit)
6029 http cache @expo/json-file@https://registry.npmjs.org/@expo/json-file/-/json-file-10.0.16.tgz 0ms (cache hit)
6030 http cache semver@https://registry.npmjs.org/semver/-/semver-7.8.5.tgz 0ms (cache hit)
6031 http cache semver@https://registry.npmjs.org/semver/-/semver-7.8.5.tgz 0ms (cache hit)
6032 http cache @babel/code-frame@https://registry.npmjs.org/@babel/code-frame/-/code-frame-7.10.4.tgz 0ms (cache hit)
6033 http cache debug@https://registry.npmjs.org/debug/-/debug-3.2.7.tgz 0ms (cache hit)
6034 http cache react-is@https://registry.npmjs.org/react-is/-/react-is-16.13.1.tgz 0ms (cache hit)
6035 http cache json5@https://registry.npmjs.org/json5/-/json5-1.0.2.tgz 0ms (cache hit)
6036 http cache debug@https://registry.npmjs.org/debug/-/debug-3.2.7.tgz 0ms (cache hit)
6037 http cache semver@https://registry.npmjs.org/semver/-/semver-7.8.5.tgz 0ms (cache hit)
6038 http cache fdir@https://registry.npmjs.org/fdir/-/fdir-6.5.0.tgz 0ms (cache hit)
6039 http cache picomatch@https://registry.npmjs.org/picomatch/-/picomatch-4.0.5.tgz 0ms (cache hit)
6040 http cache balanced-match@https://registry.npmjs.org/balanced-match/-/balanced-match-4.0.4.tgz 0ms (cache hit)
6041 http cache brace-expansion@https://registry.npmjs.org/brace-expansion/-/brace-expansion-5.0.7.tgz 0ms (cache hit)
6042 http cache semver@https://registry.npmjs.org/semver/-/semver-7.8.5.tgz 0ms (cache hit)
6043 http cache minimatch@https://registry.npmjs.org/minimatch/-/minimatch-10.2.5.tgz 0ms (cache hit)
6044 http cache eslint-visitor-keys@https://registry.npmjs.org/eslint-visitor-keys/-/eslint-visitor-keys-5.0.1.tgz 0ms (cache hit)
6045 http cache debug@https://registry.npmjs.org/debug/-/debug-3.2.7.tgz 0ms (cache hit)
6046 http cache resolve-from@https://registry.npmjs.org/resolve-from/-/resolve-from-4.0.0.tgz 0ms (cache hit)
6047 http cache eslint-visitor-keys@https://registry.npmjs.org/eslint-visitor-keys/-/eslint-visitor-keys-3.4.3.tgz 0ms (cache hit)
6048 http cache ignore@https://registry.npmjs.org/ignore/-/ignore-7.0.5.tgz 0ms (cache hit)
6049 http cache memoize-one@https://registry.npmjs.org/memoize-one/-/memoize-one-6.0.0.tgz 0ms (cache hit)
6050 http cache semver@https://registry.npmjs.org/semver/-/semver-7.8.5.tgz 0ms (cache hit)
6051 http cache @react-native/normalize-colors@https://registry.npmjs.org/@react-native/normalize-colors/-/normalize-colors-0.74.89.tgz 0ms (cache hit)
6052 http cache @radix-ui/react-collection@https://registry.npmjs.org/@radix-ui/react-collection/-/react-collection-1.1.11.tgz 0ms (cache hit)
6053 http cache @radix-ui/react-compose-refs@https://registry.npmjs.org/@radix-ui/react-compose-refs/-/react-compose-refs-1.1.3.tgz 0ms (cache hit)
6054 http cache @radix-ui/react-slot@https://registry.npmjs.org/@radix-ui/react-slot/-/react-slot-1.3.0.tgz 0ms (cache hit)
6055 http cache @radix-ui/react-roving-focus@https://registry.npmjs.org/@radix-ui/react-roving-focus/-/react-roving-focus-1.1.14.tgz 0ms (cache hit)
6056 http cache @radix-ui/react-primitive@https://registry.npmjs.org/@radix-ui/react-primitive/-/react-primitive-2.1.7.tgz 0ms (cache hit)
6057 http cache semver@https://registry.npmjs.org/semver/-/semver-7.6.3.tgz 0ms (cache hit)
6058 http cache semver@https://registry.npmjs.org/semver/-/semver-7.7.2.tgz 0ms (cache hit)
6059 http cache @radix-ui/react-presence@https://registry.npmjs.org/@radix-ui/react-presence/-/react-presence-1.1.6.tgz 0ms (cache hit)
6060 http cache @radix-ui/react-tabs@https://registry.npmjs.org/@radix-ui/react-tabs/-/react-tabs-1.1.16.tgz 0ms (cache hit)
6061 http cache @radix-ui/react-slot@https://registry.npmjs.org/@radix-ui/react-slot/-/react-slot-1.3.0.tgz 0ms (cache hit)
6062 http cache brace-expansion@https://registry.npmjs.org/brace-expansion/-/brace-expansion-2.1.1.tgz 0ms (cache hit)
6063 http cache globals@https://registry.npmjs.org/globals/-/globals-16.5.0.tgz 0ms (cache hit)
6064 http cache ws@https://registry.npmjs.org/ws/-/ws-6.2.4.tgz 0ms (cache hit)
6065 http cache hermes-parser@https://registry.npmjs.org/hermes-parser/-/hermes-parser-0.29.1.tgz 0ms (cache hit)
6066 http cache semver@https://registry.npmjs.org/semver/-/semver-7.8.5.tgz 0ms (cache hit)
6067 http cache glob@https://registry.npmjs.org/glob/-/glob-7.2.3.tgz 0ms (cache hit)
6068 http cache @babel/code-frame@https://registry.npmjs.org/@babel/code-frame/-/code-frame-7.10.4.tgz 0ms (cache hit)
6069 http cache @expo/json-file@https://registry.npmjs.org/@expo/json-file/-/json-file-10.0.16.tgz 0ms (cache hit)
6070 http cache hermes-estree@https://registry.npmjs.org/hermes-estree/-/hermes-estree-0.29.1.tgz 0ms (cache hit)
6071 http cache commander@https://registry.npmjs.org/commander/-/commander-12.1.0.tgz 0ms (cache hit)
6072 http cache ws@https://registry.npmjs.org/ws/-/ws-8.21.0.tgz 0ms (cache hit)
6073 http cache @react-native/virtualized-lists@https://registry.npmjs.org/@react-native/virtualized-lists/-/virtualized-lists-0.81.5.tgz 0ms (cache hit)
6074 http cache picomatch@https://registry.npmjs.org/picomatch/-/picomatch-4.0.5.tgz 0ms (cache hit)
6075 http cache resolve@https://registry.npmjs.org/resolve/-/resolve-1.22.12.tgz 0ms (cache hit)
6076 http cache semver@https://registry.npmjs.org/semver/-/semver-7.8.5.tgz 0ms (cache hit)
6077 http cache @expo/metro-config@https://registry.npmjs.org/@expo/metro-config/-/metro-config-54.0.16.tgz 0ms (cache hit)
6078 http cache ci-info@https://registry.npmjs.org/ci-info/-/ci-info-3.9.0.tgz 0ms (cache hit)
6079 http cache expo-keep-awake@https://registry.npmjs.org/expo-keep-awake/-/expo-keep-awake-15.0.8.tgz 0ms (cache hit)
6080 http cache expo-file-system@https://registry.npmjs.org/expo-file-system/-/expo-file-system-19.0.23.tgz 0ms (cache hit)
6081 http cache minimatch@https://registry.npmjs.org/minimatch/-/minimatch-9.0.9.tgz 0ms (cache hit)
6082 http cache @expo/cli@https://registry.npmjs.org/@expo/cli/-/cli-54.0.25.tgz 0ms (cache hit)
6083 http cache expo-asset@https://registry.npmjs.org/expo-asset/-/expo-asset-12.0.13.tgz 0ms (cache hit)
6084 silly tarball no local data for @react-native/babel-plugin-codegen@https://registry.npmjs.org/@react-native/babel-plugin-codegen/-/babel-plugin-codegen-0.81.5.tgz. Extracting by manifest.
6085 silly tarball no local data for @babel/plugin-transform-sticky-regex@https://registry.npmjs.org/@babel/plugin-transform-sticky-regex/-/plugin-transform-sticky-regex-7.29.7.tgz. Extracting by manifest.
6086 silly tarball no local data for @babel/plugin-transform-spread@https://registry.npmjs.org/@babel/plugin-transform-spread/-/plugin-transform-spread-7.29.7.tgz. Extracting by manifest.
6087 silly tarball no local data for @babel/plugin-transform-numeric-separator@https://registry.npmjs.org/@babel/plugin-transform-numeric-separator/-/plugin-transform-numeric-separator-7.29.7.tgz. Extracting by manifest.
6088 silly tarball no local data for @babel/plugin-transform-literals@https://registry.npmjs.org/@babel/plugin-transform-literals/-/plugin-transform-literals-7.29.7.tgz. Extracting by manifest.
6089 silly tarball no local data for @babel/plugin-transform-function-name@https://registry.npmjs.org/@babel/plugin-transform-function-name/-/plugin-transform-function-name-7.29.7.tgz. Extracting by manifest.
6090 silly tarball no local data for @babel/plugin-transform-computed-properties@https://registry.npmjs.org/@babel/plugin-transform-computed-properties/-/plugin-transform-computed-properties-7.29.7.tgz. Extracting by manifest.
6091 http cache babel-preset-expo@https://registry.npmjs.org/babel-preset-expo/-/babel-preset-expo-54.0.11.tgz 0ms (cache hit)
6092 silly tarball no local data for @react-native/babel-preset@https://registry.npmjs.org/@react-native/babel-preset/-/babel-preset-0.81.5.tgz. Extracting by manifest.
6093 silly tarball no local data for @babel/preset-react@https://registry.npmjs.org/@babel/preset-react/-/preset-react-7.29.7.tgz. Extracting by manifest.
6094 silly tarball no local data for postcss@https://registry.npmjs.org/postcss/-/postcss-8.4.49.tgz. Extracting by manifest.
6095 silly tarball no local data for ini@https://registry.npmjs.org/ini/-/ini-1.3.8.tgz. Extracting by manifest.
6096 silly tarball no local data for deep-extend@https://registry.npmjs.org/deep-extend/-/deep-extend-0.6.0.tgz. Extracting by manifest.
6097 silly tarball no local data for rc@https://registry.npmjs.org/rc/-/rc-1.2.8.tgz. Extracting by manifest.
6098 silly tarball no local data for nested-error-stacks@https://registry.npmjs.org/nested-error-stacks/-/nested-error-stacks-2.0.1.tgz. Extracting by manifest.
6099 silly tarball no local data for undici@https://registry.npmjs.org/undici/-/undici-6.27.0.tgz. Extracting by manifest.
6100 http fetch POST 200 https://registry.npmjs.org/-/npm/v1/security/advisories/bulk 1284ms
6101 silly audit report {
6101 silly audit report   uuid: [
6101 silly audit report     {
6101 silly audit report       id: 1119441,
6101 silly audit report       url: 'https://github.com/advisories/GHSA-w5hq-g745-h8pq',
6101 silly audit report       title: 'uuid: Missing buffer bounds check in v3/v5/v6 when buf is provided',
6101 silly audit report       severity: 'moderate',
6101 silly audit report       vulnerable_versions: '<11.1.1',
6101 silly audit report       cwe: [Array],
6101 silly audit report       cvss: [Object]
6101 silly audit report     }
6101 silly audit report   ],
6101 silly audit report   postcss: [
6101 silly audit report     {
6101 silly audit report       id: 1117015,
6101 silly audit report       url: 'https://github.com/advisories/GHSA-qx2v-qp2m-jg93',
6101 silly audit report       title: 'PostCSS has XSS via Unescaped </style> in its CSS Stringify Output',
6101 silly audit report       severity: 'moderate',
6101 silly audit report       vulnerable_versions: '<8.5.10',
6101 silly audit report       cwe: [Array],
6101 silly audit report       cvss: [Object]
6101 silly audit report     }
6101 silly audit report   ]
6101 silly audit report }
6102 silly packumentCache corgi:https://registry.npmjs.org/uuid cache-miss
6103 silly packumentCache corgi:https://registry.npmjs.org/postcss cache-miss
6104 silly tarball no local data for resolve.exports@https://registry.npmjs.org/resolve.exports/-/resolve.exports-2.0.3.tgz. Extracting by manifest.
6105 silly tarball no local data for tar@https://registry.npmjs.org/tar/-/tar-7.5.19.tgz. Extracting by manifest.
6106 silly tarball no local data for requireg@https://registry.npmjs.org/requireg/-/requireg-0.2.2.tgz. Extracting by manifest.
6107 silly tarball no local data for qrcode-terminal@https://registry.npmjs.org/qrcode-terminal/-/qrcode-terminal-0.11.0.tgz. Extracting by manifest.
6108 silly tarball no local data for pretty-bytes@https://registry.npmjs.org/pretty-bytes/-/pretty-bytes-5.6.0.tgz. Extracting by manifest.
6109 silly tarball no local data for freeport-async@https://registry.npmjs.org/freeport-async/-/freeport-async-2.0.0.tgz. Extracting by manifest.
6110 silly tarball no local data for @urql/exchange-retry@https://registry.npmjs.org/@urql/exchange-retry/-/exchange-retry-1.3.2.tgz. Extracting by manifest.
6111 silly tarball no local data for @urql/core@https://registry.npmjs.org/@urql/core/-/core-5.2.0.tgz. Extracting by manifest.
6112 silly tarball no local data for @expo/ws-tunnel@https://registry.npmjs.org/@expo/ws-tunnel/-/ws-tunnel-1.0.6.tgz. Extracting by manifest.
6113 silly tarball no local data for env-editor@https://registry.npmjs.org/env-editor/-/env-editor-0.4.2.tgz. Extracting by manifest.
6114 silly tarball no local data for async-limiter@https://registry.npmjs.org/async-limiter/-/async-limiter-1.0.1.tgz. Extracting by manifest.
6115 silly tarball no local data for fs.realpath@https://registry.npmjs.org/fs.realpath/-/fs.realpath-1.0.0.tgz. Extracting by manifest.
6116 silly tarball no local data for is-weakset@https://registry.npmjs.org/is-weakset/-/is-weakset-2.0.4.tgz. Extracting by manifest.
6117 silly tarball no local data for is-weakmap@https://registry.npmjs.org/is-weakmap/-/is-weakmap-2.0.2.tgz. Extracting by manifest.
6118 silly tarball no local data for generator-function@https://registry.npmjs.org/generator-function/-/generator-function-2.0.1.tgz. Extracting by manifest.
6119 silly tarball no local data for async-function@https://registry.npmjs.org/async-function/-/async-function-1.0.0.tgz. Extracting by manifest.
6120 silly tarball no local data for is-map@https://registry.npmjs.org/is-map/-/is-map-2.0.3.tgz. Extracting by manifest.
6121 silly tarball no local data for which-collection@https://registry.npmjs.org/which-collection/-/which-collection-1.0.2.tgz. Extracting by manifest.
6122 silly tarball no local data for is-finalizationregistry@https://registry.npmjs.org/is-finalizationregistry/-/is-finalizationregistry-1.1.1.tgz. Extracting by manifest.
6123 silly tarball no local data for is-async-function@https://registry.npmjs.org/is-async-function/-/is-async-function-2.1.1.tgz. Extracting by manifest.
6124 silly tarball no local data for is-generator-function@https://registry.npmjs.org/is-generator-function/-/is-generator-function-1.1.2.tgz. Extracting by manifest.
6125 silly tarball no local data for is-boolean-object@https://registry.npmjs.org/is-boolean-object/-/is-boolean-object-1.2.2.tgz. Extracting by manifest.
6126 silly tarball no local data for is-bigint@https://registry.npmjs.org/is-bigint/-/is-bigint-1.1.0.tgz. Extracting by manifest.
6127 silly tarball no local data for ieee754@https://registry.npmjs.org/ieee754/-/ieee754-1.2.1.tgz. Extracting by manifest.
6128 silly tarball no local data for is-number-object@https://registry.npmjs.org/is-number-object/-/is-number-object-1.1.1.tgz. Extracting by manifest.
6129 silly tarball no local data for buffer@https://registry.npmjs.org/buffer/-/buffer-5.7.1.tgz. Extracting by manifest.
6130 silly tarball no local data for @unrs/resolver-binding-win32-x64-msvc@https://registry.npmjs.org/@unrs/resolver-binding-win32-x64-msvc/-/resolver-binding-win32-x64-msvc-1.12.2.tgz. Extracting by manifest.
6131 silly tarball no local data for napi-postinstall@https://registry.npmjs.org/napi-postinstall/-/napi-postinstall-0.3.4.tgz. Extracting by manifest.
6132 silly tarball no local data for which-boxed-primitive@https://registry.npmjs.org/which-boxed-primitive/-/which-boxed-primitive-1.1.1.tgz. Extracting by manifest.
6133 silly tarball no local data for has-bigints@https://registry.npmjs.org/has-bigints/-/has-bigints-1.1.0.tgz. Extracting by manifest.
6134 silly tarball no local data for reflect.getprototypeof@https://registry.npmjs.org/reflect.getprototypeof/-/reflect.getprototypeof-1.0.10.tgz. Extracting by manifest.
6135 silly tarball no local data for @types/json5@https://registry.npmjs.org/@types/json5/-/json5-0.0.29.tgz. Extracting by manifest.
6136 silly tarball no local data for which-builtin-type@https://registry.npmjs.org/which-builtin-type/-/which-builtin-type-1.2.1.tgz. Extracting by manifest.
6137 silly tarball no local data for strip-bom@https://registry.npmjs.org/strip-bom/-/strip-bom-3.0.0.tgz. Extracting by manifest.
6138 silly tarball no local data for for-each@https://registry.npmjs.org/for-each/-/for-each-0.3.5.tgz. Extracting by manifest.
6139 silly tarball no local data for side-channel-weakmap@https://registry.npmjs.org/side-channel-weakmap/-/side-channel-weakmap-1.0.2.tgz. Extracting by manifest.
6140 silly tarball no local data for side-channel-list@https://registry.npmjs.org/side-channel-list/-/side-channel-list-1.0.1.tgz. Extracting by manifest.
6141 silly tarball no local data for side-channel-map@https://registry.npmjs.org/side-channel-map/-/side-channel-map-1.0.1.tgz. Extracting by manifest.
6142 silly tarball no local data for isarray@https://registry.npmjs.org/isarray/-/isarray-2.0.5.tgz. Extracting by manifest.
6143 silly tarball no local data for node-exports-info@https://registry.npmjs.org/node-exports-info/-/node-exports-info-1.6.2.tgz. Extracting by manifest.
6144 silly tarball no local data for @types/stack-utils@https://registry.npmjs.org/@types/stack-utils/-/stack-utils-2.0.3.tgz. Extracting by manifest.
6145 silly tarball no local data for stack-utils@https://registry.npmjs.org/stack-utils/-/stack-utils-2.0.6.tgz. Extracting by manifest.
6146 silly tarball no local data for @types/graceful-fs@https://registry.npmjs.org/@types/graceful-fs/-/graceful-fs-4.1.9.tgz. Extracting by manifest.
6147 silly tarball no local data for normalize-path@https://registry.npmjs.org/normalize-path/-/normalize-path-3.0.0.tgz. Extracting by manifest.
6148 silly tarball no local data for anymatch@https://registry.npmjs.org/anymatch/-/anymatch-3.1.3.tgz. Extracting by manifest.
6149 silly tarball no local data for @sinonjs/commons@https://registry.npmjs.org/@sinonjs/commons/-/commons-3.0.1.tgz. Extracting by manifest.
6150 silly tarball no local data for @sinonjs/fake-timers@https://registry.npmjs.org/@sinonjs/fake-timers/-/fake-timers-10.3.0.tgz. Extracting by manifest.
6151 silly tarball no local data for type-detect@https://registry.npmjs.org/type-detect/-/type-detect-4.0.8.tgz. Extracting by manifest.
6152 silly tarball no local data for jest-message-util@https://registry.npmjs.org/jest-message-util/-/jest-message-util-29.7.0.tgz. Extracting by manifest.
6153 silly tarball no local data for @jest/fake-timers@https://registry.npmjs.org/@jest/fake-timers/-/fake-timers-29.7.0.tgz. Extracting by manifest.
6154 silly tarball no local data for jest-mock@https://registry.npmjs.org/jest-mock/-/jest-mock-29.7.0.tgz. Extracting by manifest.
6155 silly tarball no local data for @jest/environment@https://registry.npmjs.org/@jest/environment/-/environment-29.7.0.tgz. Extracting by manifest.
6156 silly tarball no local data for istanbul-lib-coverage@https://registry.npmjs.org/istanbul-lib-coverage/-/istanbul-lib-coverage-3.2.2.tgz. Extracting by manifest.
6157 silly tarball no local data for rimraf@https://registry.npmjs.org/rimraf/-/rimraf-3.0.2.tgz. Extracting by manifest.
6158 silly tarball no local data for @babel/plugin-syntax-top-level-await@https://registry.npmjs.org/@babel/plugin-syntax-top-level-await/-/plugin-syntax-top-level-await-7.14.5.tgz. Extracting by manifest.
6159 silly tarball no local data for @babel/plugin-syntax-optional-catch-binding@https://registry.npmjs.org/@babel/plugin-syntax-optional-catch-binding/-/plugin-syntax-optional-catch-binding-7.8.3.tgz. Extracting by manifest.
6160 silly tarball no local data for @babel/plugin-syntax-numeric-separator@https://registry.npmjs.org/@babel/plugin-syntax-numeric-separator/-/plugin-syntax-numeric-separator-7.10.4.tgz. Extracting by manifest.
6161 silly tarball no local data for @babel/plugin-syntax-private-property-in-object@https://registry.npmjs.org/@babel/plugin-syntax-private-property-in-object/-/plugin-syntax-private-property-in-object-7.14.5.tgz. Extracting by manifest.
6162 silly tarball no local data for @babel/plugin-syntax-object-rest-spread@https://registry.npmjs.org/@babel/plugin-syntax-object-rest-spread/-/plugin-syntax-object-rest-spread-7.8.3.tgz. Extracting by manifest.
6163 silly tarball no local data for @babel/plugin-syntax-logical-assignment-operators@https://registry.npmjs.org/@babel/plugin-syntax-logical-assignment-operators/-/plugin-syntax-logical-assignment-operators-7.10.4.tgz. Extracting by manifest.
6164 silly tarball no local data for @babel/plugin-syntax-json-strings@https://registry.npmjs.org/@babel/plugin-syntax-json-strings/-/plugin-syntax-json-strings-7.8.3.tgz. Extracting by manifest.
6165 silly tarball no local data for @babel/plugin-syntax-import-meta@https://registry.npmjs.org/@babel/plugin-syntax-import-meta/-/plugin-syntax-import-meta-7.10.4.tgz. Extracting by manifest.
6166 silly tarball no local data for babel-preset-current-node-syntax@https://registry.npmjs.org/babel-preset-current-node-syntax/-/babel-preset-current-node-syntax-1.2.0.tgz. Extracting by manifest.
6167 silly tarball no local data for @babel/plugin-syntax-class-static-block@https://registry.npmjs.org/@babel/plugin-syntax-class-static-block/-/plugin-syntax-class-static-block-7.14.5.tgz. Extracting by manifest.
6168 silly tarball no local data for @babel/plugin-syntax-import-attributes@https://registry.npmjs.org/@babel/plugin-syntax-import-attributes/-/plugin-syntax-import-attributes-7.29.7.tgz. Extracting by manifest.
6169 silly tarball no local data for babel-plugin-jest-hoist@https://registry.npmjs.org/babel-plugin-jest-hoist/-/babel-plugin-jest-hoist-29.6.3.tgz. Extracting by manifest.
6170 silly tarball no local data for @babel/plugin-syntax-bigint@https://registry.npmjs.org/@babel/plugin-syntax-bigint/-/plugin-syntax-bigint-7.8.3.tgz. Extracting by manifest.
6171 silly tarball no local data for @babel/plugin-syntax-class-properties@https://registry.npmjs.org/@babel/plugin-syntax-class-properties/-/plugin-syntax-class-properties-7.12.13.tgz. Extracting by manifest.
6172 silly tarball no local data for @babel/plugin-syntax-async-generators@https://registry.npmjs.org/@babel/plugin-syntax-async-generators/-/plugin-syntax-async-generators-7.8.4.tgz. Extracting by manifest.
6173 silly tarball no local data for @istanbuljs/schema@https://registry.npmjs.org/@istanbuljs/schema/-/schema-0.1.6.tgz. Extracting by manifest.
6174 silly tarball no local data for istanbul-lib-instrument@https://registry.npmjs.org/istanbul-lib-instrument/-/istanbul-lib-instrument-5.2.1.tgz. Extracting by manifest.
6175 silly tarball no local data for @istanbuljs/load-nyc-config@https://registry.npmjs.org/@istanbuljs/load-nyc-config/-/load-nyc-config-1.1.0.tgz. Extracting by manifest.
6176 silly tarball no local data for write-file-atomic@https://registry.npmjs.org/write-file-atomic/-/write-file-atomic-4.0.2.tgz. Extracting by manifest.
6177 silly tarball no local data for test-exclude@https://registry.npmjs.org/test-exclude/-/test-exclude-6.0.0.tgz. Extracting by manifest.
6178 silly tarball no local data for jest-regex-util@https://registry.npmjs.org/jest-regex-util/-/jest-regex-util-29.6.3.tgz. Extracting by manifest.
6179 silly tarball no local data for @types/babel__template@https://registry.npmjs.org/@types/babel__template/-/babel__template-7.4.4.tgz. Extracting by manifest.
6180 silly tarball no local data for @types/babel__traverse@https://registry.npmjs.org/@types/babel__traverse/-/babel__traverse-7.28.0.tgz. Extracting by manifest.
6181 silly tarball no local data for @types/babel__core@https://registry.npmjs.org/@types/babel__core/-/babel__core-7.20.5.tgz. Extracting by manifest.
6182 silly tarball no local data for @types/babel__generator@https://registry.npmjs.org/@types/babel__generator/-/babel__generator-7.27.0.tgz. Extracting by manifest.
6183 silly tarball no local data for babel-preset-jest@https://registry.npmjs.org/babel-preset-jest/-/babel-preset-jest-29.6.3.tgz. Extracting by manifest.
6184 silly tarball no local data for jest-haste-map@https://registry.npmjs.org/jest-haste-map/-/jest-haste-map-29.7.0.tgz. Extracting by manifest.
6185 silly tarball no local data for @jest/transform@https://registry.npmjs.org/@jest/transform/-/transform-29.7.0.tgz. Extracting by manifest.
6186 silly tarball no local data for babel-plugin-istanbul@https://registry.npmjs.org/babel-plugin-istanbul/-/babel-plugin-istanbul-6.1.1.tgz. Extracting by manifest.
6187 silly tarball no local data for @react-native/debugger-frontend@https://registry.npmjs.org/@react-native/debugger-frontend/-/debugger-frontend-0.81.5.tgz. Extracting by manifest.
6188 silly tarball no local data for @react-native/dev-middleware@https://registry.npmjs.org/@react-native/dev-middleware/-/dev-middleware-0.81.5.tgz. Extracting by manifest.
6189 silly tarball no local data for chromium-edge-launcher@https://registry.npmjs.org/chromium-edge-launcher/-/chromium-edge-launcher-0.2.0.tgz. Extracting by manifest.
6190 silly tarball no local data for jest-environment-node@https://registry.npmjs.org/jest-environment-node/-/jest-environment-node-29.7.0.tgz. Extracting by manifest.
6191 silly tarball no local data for babel-jest@https://registry.npmjs.org/babel-jest/-/babel-jest-29.7.0.tgz. Extracting by manifest.
6192 silly tarball no local data for babel-plugin-syntax-hermes-parser@https://registry.npmjs.org/babel-plugin-syntax-hermes-parser/-/babel-plugin-syntax-hermes-parser-0.29.1.tgz. Extracting by manifest.
6193 silly tarball no local data for @react-native/js-polyfills@https://registry.npmjs.org/@react-native/js-polyfills/-/js-polyfills-0.81.5.tgz. Extracting by manifest.
6194 silly tarball no local data for @react-native/gradle-plugin@https://registry.npmjs.org/@react-native/gradle-plugin/-/gradle-plugin-0.81.5.tgz. Extracting by manifest.
6195 silly tarball no local data for @react-native/community-cli-plugin@https://registry.npmjs.org/@react-native/community-cli-plugin/-/community-cli-plugin-0.81.5.tgz. Extracting by manifest.
6196 silly tarball no local data for @react-native/codegen@https://registry.npmjs.org/@react-native/codegen/-/codegen-0.81.5.tgz. Extracting by manifest.
6197 silly tarball no local data for @react-native/assets-registry@https://registry.npmjs.org/@react-native/assets-registry/-/assets-registry-0.81.5.tgz. Extracting by manifest.
6198 silly tarball no local data for @jest/create-cache-key-function@https://registry.npmjs.org/@jest/create-cache-key-function/-/create-cache-key-function-29.7.0.tgz. Extracting by manifest.
6199 silly tarball no local data for scheduler@https://registry.npmjs.org/scheduler/-/scheduler-0.26.0.tgz. Extracting by manifest.
6200 silly tarball no local data for yocto-queue@https://registry.npmjs.org/yocto-queue/-/yocto-queue-0.1.0.tgz. Extracting by manifest.
6201 silly tarball no local data for fast-levenshtein@https://registry.npmjs.org/fast-levenshtein/-/fast-levenshtein-2.0.6.tgz. Extracting by manifest.
6202 silly tarball no local data for word-wrap@https://registry.npmjs.org/word-wrap/-/word-wrap-1.2.5.tgz. Extracting by manifest.
6203 silly tarball no local data for callsites@https://registry.npmjs.org/callsites/-/callsites-3.1.0.tgz. Extracting by manifest.
6204 silly tarball no local data for deep-is@https://registry.npmjs.org/deep-is/-/deep-is-0.1.4.tgz. Extracting by manifest.
6205 silly tarball no local data for ob1@https://registry.npmjs.org/ob1/-/ob1-0.83.3.tgz. Extracting by manifest.
6206 silly tarball no local data for hermes-estree@https://registry.npmjs.org/hermes-estree/-/hermes-estree-0.32.0.tgz. Extracting by manifest.
6207 silly tarball no local data for hermes-parser@https://registry.npmjs.org/hermes-parser/-/hermes-parser-0.32.0.tgz. Extracting by manifest.
6208 silly tarball no local data for p-locate@https://registry.npmjs.org/p-locate/-/p-locate-5.0.0.tgz. Extracting by manifest.
6209 silly tarball no local data for prelude-ls@https://registry.npmjs.org/prelude-ls/-/prelude-ls-1.2.1.tgz. Extracting by manifest.
6210 silly tarball no local data for type-check@https://registry.npmjs.org/type-check/-/type-check-0.4.0.tgz. Extracting by manifest.
6211 silly tarball no local data for json-buffer@https://registry.npmjs.org/json-buffer/-/json-buffer-3.0.1.tgz. Extracting by manifest.
6212 silly tarball no local data for set-function-name@https://registry.npmjs.org/set-function-name/-/set-function-name-2.0.2.tgz. Extracting by manifest.
6213 silly tarball no local data for side-channel@https://registry.npmjs.org/side-channel/-/side-channel-1.1.1.tgz. Extracting by manifest.
6214 silly tarball no local data for resolve-pkg-maps@https://registry.npmjs.org/resolve-pkg-maps/-/resolve-pkg-maps-1.0.0.tgz. Extracting by manifest.
6215 silly tarball no local data for parent-module@https://registry.npmjs.org/parent-module/-/parent-module-1.0.1.tgz. Extracting by manifest.
6216 silly tarball no local data for is-document.all@https://registry.npmjs.org/is-document.all/-/is-document.all-1.0.0.tgz. Extracting by manifest.
6217 silly tarball no local data for flatted@https://registry.npmjs.org/flatted/-/flatted-3.4.2.tgz. Extracting by manifest.
6218 silly tarball no local data for functions-have-names@https://registry.npmjs.org/functions-have-names/-/functions-have-names-1.2.3.tgz. Extracting by manifest.
6219 silly tarball no local data for keyv@https://registry.npmjs.org/keyv/-/keyv-4.5.4.tgz. Extracting by manifest.
6220 silly tarball no local data for locate-path@https://registry.npmjs.org/locate-path/-/locate-path-6.0.0.tgz. Extracting by manifest.
6221 silly tarball no local data for flat-cache@https://registry.npmjs.org/flat-cache/-/flat-cache-4.0.1.tgz. Extracting by manifest.
6222 silly tarball no local data for @react-native/normalize-colors@https://registry.npmjs.org/@react-native/normalize-colors/-/normalize-colors-0.81.5.tgz. Extracting by manifest.
6223 silly tarball no local data for @expo/image-utils@https://registry.npmjs.org/@expo/image-utils/-/image-utils-0.8.14.tgz. Extracting by manifest.
6224 silly tarball no local data for @expo/prebuild-config@https://registry.npmjs.org/@expo/prebuild-config/-/prebuild-config-54.0.8.tgz. Extracting by manifest.
6225 silly tarball no local data for @radix-ui/react-compose-refs@https://registry.npmjs.org/@radix-ui/react-compose-refs/-/react-compose-refs-1.1.2.tgz. Extracting by manifest.
6226 silly tarball no local data for expo-server@https://registry.npmjs.org/expo-server/-/expo-server-1.0.7.tgz. Extracting by manifest.
6227 silly tarball no local data for @radix-ui/react-slot@https://registry.npmjs.org/@radix-ui/react-slot/-/react-slot-1.2.0.tgz. Extracting by manifest.
6228 silly tarball no local data for @react-navigation/native-stack@https://registry.npmjs.org/@react-navigation/native-stack/-/native-stack-7.17.9.tgz. Extracting by manifest.
6229 silly tarball no local data for @expo/schema-utils@https://registry.npmjs.org/@expo/schema-utils/-/schema-utils-0.1.8.tgz. Extracting by manifest.
6230 silly tarball no local data for @expo/metro-runtime@https://registry.npmjs.org/@expo/metro-runtime/-/metro-runtime-6.1.2.tgz. Extracting by manifest.
6231 silly tarball no local data for @expo/env@https://registry.npmjs.org/@expo/env/-/env-2.0.11.tgz. Extracting by manifest.
6232 silly tarball no local data for metro-transform-worker@https://registry.npmjs.org/metro-transform-worker/-/metro-transform-worker-0.83.3.tgz. Extracting by manifest.
6233 silly tarball no local data for metro-symbolicate@https://registry.npmjs.org/metro-symbolicate/-/metro-symbolicate-0.83.3.tgz. Extracting by manifest.
6234 silly tarball no local data for metro-runtime@https://registry.npmjs.org/metro-runtime/-/metro-runtime-0.83.3.tgz. Extracting by manifest.
6235 silly tarball no local data for metro-transform-plugins@https://registry.npmjs.org/metro-transform-plugins/-/metro-transform-plugins-0.83.3.tgz. Extracting by manifest.
6236 silly tarball no local data for metro-minify-terser@https://registry.npmjs.org/metro-minify-terser/-/metro-minify-terser-0.83.3.tgz. Extracting by manifest.
6237 silly tarball no local data for metro-core@https://registry.npmjs.org/metro-core/-/metro-core-0.83.3.tgz. Extracting by manifest.
6238 silly tarball no local data for metro-resolver@https://registry.npmjs.org/metro-resolver/-/metro-resolver-0.83.3.tgz. Extracting by manifest.
6239 silly tarball no local data for metro-source-map@https://registry.npmjs.org/metro-source-map/-/metro-source-map-0.83.3.tgz. Extracting by manifest.
6240 silly tarball no local data for metro-config@https://registry.npmjs.org/metro-config/-/metro-config-0.83.3.tgz. Extracting by manifest.
6241 silly tarball no local data for metro-cache-key@https://registry.npmjs.org/metro-cache-key/-/metro-cache-key-0.83.3.tgz. Extracting by manifest.
6242 silly tarball no local data for metro-file-map@https://registry.npmjs.org/metro-file-map/-/metro-file-map-0.83.3.tgz. Extracting by manifest.
6243 silly tarball no local data for metro-babel-transformer@https://registry.npmjs.org/metro-babel-transformer/-/metro-babel-transformer-0.83.3.tgz. Extracting by manifest.
6244 silly tarball no local data for p-limit@https://registry.npmjs.org/p-limit/-/p-limit-3.1.0.tgz. Extracting by manifest.
6245 silly tarball no local data for metro-cache@https://registry.npmjs.org/metro-cache/-/metro-cache-0.83.3.tgz. Extracting by manifest.
6246 silly tarball no local data for metro@https://registry.npmjs.org/metro/-/metro-0.83.3.tgz. Extracting by manifest.
6247 silly tarball no local data for @expo/plist@https://registry.npmjs.org/@expo/plist/-/plist-0.4.9.tgz. Extracting by manifest.
6248 silly tarball no local data for sucrase@https://registry.npmjs.org/sucrase/-/sucrase-3.35.1.tgz. Extracting by manifest.
6249 silly tarball no local data for @expo/config-types@https://registry.npmjs.org/@expo/config-types/-/config-types-54.0.10.tgz. Extracting by manifest.
6250 silly tarball no local data for whatwg-url-without-unicode@https://registry.npmjs.org/whatwg-url-without-unicode/-/whatwg-url-without-unicode-8.0.0-3.tgz. Extracting by manifest.
6251 silly tarball no local data for expo-modules-core@https://registry.npmjs.org/expo-modules-core/-/expo-modules-core-3.0.30.tgz. Extracting by manifest.
6252 silly tarball no local data for expo-modules-autolinking@https://registry.npmjs.org/expo-modules-autolinking/-/expo-modules-autolinking-3.0.26.tgz. Extracting by manifest.
6253 silly tarball no local data for @expo/fingerprint@https://registry.npmjs.org/@expo/fingerprint/-/fingerprint-0.15.5.tgz. Extracting by manifest.
6254 silly tarball no local data for acorn-jsx@https://registry.npmjs.org/acorn-jsx/-/acorn-jsx-5.3.2.tgz. Extracting by manifest.
6255 silly tarball no local data for @expo/metro@https://registry.npmjs.org/@expo/metro/-/metro-54.2.0.tgz. Extracting by manifest.
6256 silly tarball no local data for @expo/devtools@https://registry.npmjs.org/@expo/devtools/-/devtools-0.1.8.tgz. Extracting by manifest.
6257 silly tarball no local data for @expo/config-plugins@https://registry.npmjs.org/@expo/config-plugins/-/config-plugins-54.0.4.tgz. Extracting by manifest.
6258 silly tarball no local data for @expo/config@https://registry.npmjs.org/@expo/config/-/config-12.0.13.tgz. Extracting by manifest.
6259 silly tarball no local data for esrecurse@https://registry.npmjs.org/esrecurse/-/esrecurse-4.3.0.tgz. Extracting by manifest.
6260 silly tarball no local data for string.prototype.repeat@https://registry.npmjs.org/string.prototype.repeat/-/string.prototype.repeat-1.0.0.tgz. Extracting by manifest.
6261 silly tarball no local data for iterator.prototype@https://registry.npmjs.org/iterator.prototype/-/iterator.prototype-1.1.5.tgz. Extracting by manifest.
6262 silly tarball no local data for string.prototype.matchall@https://registry.npmjs.org/string.prototype.matchall/-/string.prototype.matchall-4.0.12.tgz. Extracting by manifest.
6263 silly tarball no local data for prop-types@https://registry.npmjs.org/prop-types/-/prop-types-15.8.1.tgz. Extracting by manifest.
6264 silly tarball no local data for object.entries@https://registry.npmjs.org/object.entries/-/object.entries-1.1.9.tgz. Extracting by manifest.
6265 silly tarball no local data for es-iterator-helpers@https://registry.npmjs.org/es-iterator-helpers/-/es-iterator-helpers-1.3.3.tgz. Extracting by manifest.
6266 silly tarball no local data for estraverse@https://registry.npmjs.org/estraverse/-/estraverse-5.3.0.tgz. Extracting by manifest.
6267 silly tarball no local data for jsx-ast-utils@https://registry.npmjs.org/jsx-ast-utils/-/jsx-ast-utils-3.3.5.tgz. Extracting by manifest.
6268 silly tarball no local data for array.prototype.tosorted@https://registry.npmjs.org/array.prototype.tosorted/-/array.prototype.tosorted-1.1.4.tgz. Extracting by manifest.
6269 silly tarball no local data for resolve@https://registry.npmjs.org/resolve/-/resolve-2.0.0-next.7.tgz. Extracting by manifest.
6270 silly tarball no local data for is-symbol@https://registry.npmjs.org/is-symbol/-/is-symbol-1.1.1.tgz. Extracting by manifest.
6271 silly tarball no local data for is-date-object@https://registry.npmjs.org/is-date-object/-/is-date-object-1.1.0.tgz. Extracting by manifest.
6272 silly tarball no local data for es-abstract-get@https://registry.npmjs.org/es-abstract-get/-/es-abstract-get-1.0.0.tgz. Extracting by manifest.
6273 silly tarball no local data for array.prototype.findlast@https://registry.npmjs.org/array.prototype.findlast/-/array.prototype.findlast-1.2.5.tgz. Extracting by manifest.
6274 silly tarball no local data for possible-typed-array-names@https://registry.npmjs.org/possible-typed-array-names/-/possible-typed-array-names-1.1.0.tgz. Extracting by manifest.
6275 silly tarball no local data for unbox-primitive@https://registry.npmjs.org/unbox-primitive/-/unbox-primitive-1.1.0.tgz. Extracting by manifest.
6276 silly tarball no local data for typed-array-length@https://registry.npmjs.org/typed-array-length/-/typed-array-length-1.0.8.tgz. Extracting by manifest.
6277 silly tarball no local data for typed-array-byte-offset@https://registry.npmjs.org/typed-array-byte-offset/-/typed-array-byte-offset-1.0.4.tgz. Extracting by manifest.
6278 silly tarball no local data for typed-array-byte-length@https://registry.npmjs.org/typed-array-byte-length/-/typed-array-byte-length-1.0.3.tgz. Extracting by manifest.
6279 silly tarball no local data for typed-array-buffer@https://registry.npmjs.org/typed-array-buffer/-/typed-array-buffer-1.0.3.tgz. Extracting by manifest.
6280 silly tarball no local data for string.prototype.trimstart@https://registry.npmjs.org/string.prototype.trimstart/-/string.prototype.trimstart-1.0.8.tgz. Extracting by manifest.
6281 silly tarball no local data for which-typed-array@https://registry.npmjs.org/which-typed-array/-/which-typed-array-1.1.22.tgz. Extracting by manifest.
6282 silly tarball no local data for string.prototype.trim@https://registry.npmjs.org/string.prototype.trim/-/string.prototype.trim-1.2.11.tgz. Extracting by manifest.
6283 silly tarball no local data for stop-iteration-iterator@https://registry.npmjs.org/stop-iteration-iterator/-/stop-iteration-iterator-1.1.0.tgz. Extracting by manifest.
6284 silly tarball no local data for set-proto@https://registry.npmjs.org/set-proto/-/set-proto-1.0.0.tgz. Extracting by manifest.
6285 silly tarball no local data for safe-regex-test@https://registry.npmjs.org/safe-regex-test/-/safe-regex-test-1.1.0.tgz. Extracting by manifest.
6286 silly tarball no local data for safe-push-apply@https://registry.npmjs.org/safe-push-apply/-/safe-push-apply-1.0.0.tgz. Extracting by manifest.
6287 silly tarball no local data for safe-array-concat@https://registry.npmjs.org/safe-array-concat/-/safe-array-concat-1.1.4.tgz. Extracting by manifest.
6288 silly tarball no local data for own-keys@https://registry.npmjs.org/own-keys/-/own-keys-1.0.1.tgz. Extracting by manifest.
6289 silly tarball no local data for regexp.prototype.flags@https://registry.npmjs.org/regexp.prototype.flags/-/regexp.prototype.flags-1.5.4.tgz. Extracting by manifest.
6290 silly tarball no local data for object.assign@https://registry.npmjs.org/object.assign/-/object.assign-4.1.7.tgz. Extracting by manifest.
6291 silly tarball no local data for object-inspect@https://registry.npmjs.org/object-inspect/-/object-inspect-1.13.4.tgz. Extracting by manifest.
6292 silly tarball no local data for is-weakref@https://registry.npmjs.org/is-weakref/-/is-weakref-1.1.1.tgz. Extracting by manifest.
6293 silly tarball no local data for is-typed-array@https://registry.npmjs.org/is-typed-array/-/is-typed-array-1.1.15.tgz. Extracting by manifest.
6294 silly tarball no local data for is-shared-array-buffer@https://registry.npmjs.org/is-shared-array-buffer/-/is-shared-array-buffer-1.0.4.tgz. Extracting by manifest.
6295 silly tarball no local data for is-set@https://registry.npmjs.org/is-set/-/is-set-2.0.3.tgz. Extracting by manifest.
6296 silly tarball no local data for is-regex@https://registry.npmjs.org/is-regex/-/is-regex-1.2.1.tgz. Extracting by manifest.
6297 silly tarball no local data for is-data-view@https://registry.npmjs.org/is-data-view/-/is-data-view-1.0.2.tgz. Extracting by manifest.
6298 silly tarball no local data for is-negative-zero@https://registry.npmjs.org/is-negative-zero/-/is-negative-zero-2.0.3.tgz. Extracting by manifest.
6299 silly tarball no local data for is-array-buffer@https://registry.npmjs.org/is-array-buffer/-/is-array-buffer-3.0.5.tgz. Extracting by manifest.
6300 silly tarball no local data for is-callable@https://registry.npmjs.org/is-callable/-/is-callable-1.2.7.tgz. Extracting by manifest.
6301 silly tarball no local data for internal-slot@https://registry.npmjs.org/internal-slot/-/internal-slot-1.1.0.tgz. Extracting by manifest.
6302 silly tarball no local data for globalthis@https://registry.npmjs.org/globalthis/-/globalthis-1.0.4.tgz. Extracting by manifest.
6303 silly tarball no local data for has-proto@https://registry.npmjs.org/has-proto/-/has-proto-1.2.0.tgz. Extracting by manifest.
6304 silly tarball no local data for get-symbol-description@https://registry.npmjs.org/get-symbol-description/-/get-symbol-description-1.1.0.tgz. Extracting by manifest.
6305 silly tarball no local data for data-view-byte-offset@https://registry.npmjs.org/data-view-byte-offset/-/data-view-byte-offset-1.0.1.tgz. Extracting by manifest.
6306 silly tarball no local data for function.prototype.name@https://registry.npmjs.org/function.prototype.name/-/function.prototype.name-1.2.0.tgz. Extracting by manifest.
6307 silly tarball no local data for es-to-primitive@https://registry.npmjs.org/es-to-primitive/-/es-to-primitive-1.3.4.tgz. Extracting by manifest.
6308 silly tarball no local data for data-view-byte-length@https://registry.npmjs.org/data-view-byte-length/-/data-view-byte-length-1.0.2.tgz. Extracting by manifest.
6309 silly tarball no local data for data-view-buffer@https://registry.npmjs.org/data-view-buffer/-/data-view-buffer-1.0.2.tgz. Extracting by manifest.
6310 silly tarball no local data for arraybuffer.prototype.slice@https://registry.npmjs.org/arraybuffer.prototype.slice/-/arraybuffer.prototype.slice-1.0.4.tgz. Extracting by manifest.
6311 silly tarball no local data for available-typed-arrays@https://registry.npmjs.org/available-typed-arrays/-/available-typed-arrays-1.0.7.tgz. Extracting by manifest.
6312 silly tarball no local data for object-keys@https://registry.npmjs.org/object-keys/-/object-keys-1.1.1.tgz. Extracting by manifest.
6313 silly tarball no local data for set-function-length@https://registry.npmjs.org/set-function-length/-/set-function-length-1.2.2.tgz. Extracting by manifest.
6314 silly tarball no local data for define-data-property@https://registry.npmjs.org/define-data-property/-/define-data-property-1.1.4.tgz. Extracting by manifest.
6315 silly tarball no local data for has-property-descriptors@https://registry.npmjs.org/has-property-descriptors/-/has-property-descriptors-1.0.2.tgz. Extracting by manifest.
6316 silly tarball no local data for es-shim-unscopables@https://registry.npmjs.org/es-shim-unscopables/-/es-shim-unscopables-1.1.0.tgz. Extracting by manifest.
6317 silly tarball no local data for is-string@https://registry.npmjs.org/is-string/-/is-string-1.1.1.tgz. Extracting by manifest.
6318 silly tarball no local data for es-abstract@https://registry.npmjs.org/es-abstract/-/es-abstract-1.24.2.tgz. Extracting by manifest.
6319 silly tarball no local data for define-properties@https://registry.npmjs.org/define-properties/-/define-properties-1.2.1.tgz. Extracting by manifest.
6320 silly tarball no local data for call-bound@https://registry.npmjs.org/call-bound/-/call-bound-1.0.4.tgz. Extracting by manifest.
6321 silly tarball no local data for call-bind@https://registry.npmjs.org/call-bind/-/call-bind-1.0.9.tgz. Extracting by manifest.
6322 silly tarball no local data for tsconfig-paths@https://registry.npmjs.org/tsconfig-paths/-/tsconfig-paths-3.15.0.tgz. Extracting by manifest.
6323 silly tarball no local data for object.values@https://registry.npmjs.org/object.values/-/object.values-1.2.1.tgz. Extracting by manifest.
6324 silly tarball no local data for object.groupby@https://registry.npmjs.org/object.groupby/-/object.groupby-1.0.3.tgz. Extracting by manifest.
6325 silly tarball no local data for array-buffer-byte-length@https://registry.npmjs.org/array-buffer-byte-length/-/array-buffer-byte-length-1.0.2.tgz. Extracting by manifest.
6326 silly tarball no local data for string.prototype.trimend@https://registry.npmjs.org/string.prototype.trimend/-/string.prototype.trimend-1.0.10.tgz. Extracting by manifest.
6327 silly tarball no local data for object.fromentries@https://registry.npmjs.org/object.fromentries/-/object.fromentries-2.0.8.tgz. Extracting by manifest.
6328 silly tarball no local data for eslint-import-resolver-node@https://registry.npmjs.org/eslint-import-resolver-node/-/eslint-import-resolver-node-0.3.10.tgz. Extracting by manifest.
6329 silly tarball no local data for eslint-module-utils@https://registry.npmjs.org/eslint-module-utils/-/eslint-module-utils-2.14.0.tgz. Extracting by manifest.
6330 silly tarball no local data for doctrine@https://registry.npmjs.org/doctrine/-/doctrine-2.1.0.tgz. Extracting by manifest.
6331 silly tarball no local data for @rtsao/scc@https://registry.npmjs.org/@rtsao/scc/-/scc-1.1.0.tgz. Extracting by manifest.
6332 silly tarball no local data for array.prototype.flatmap@https://registry.npmjs.org/array.prototype.flatmap/-/array.prototype.flatmap-1.3.3.tgz. Extracting by manifest.
6333 silly tarball no local data for array.prototype.flat@https://registry.npmjs.org/array.prototype.flat/-/array.prototype.flat-1.3.3.tgz. Extracting by manifest.
6334 silly tarball no local data for array-includes@https://registry.npmjs.org/array-includes/-/array-includes-3.1.9.tgz. Extracting by manifest.
6335 silly tarball no local data for array.prototype.findlastindex@https://registry.npmjs.org/array.prototype.findlastindex/-/array.prototype.findlastindex-1.2.6.tgz. Extracting by manifest.
6336 silly tarball no local data for unrs-resolver@https://registry.npmjs.org/unrs-resolver/-/unrs-resolver-1.12.2.tgz. Extracting by manifest.
6337 silly tarball no local data for stable-hash@https://registry.npmjs.org/stable-hash/-/stable-hash-0.0.5.tgz. Extracting by manifest.
6338 silly tarball no local data for @nolyfill/is-core-module@https://registry.npmjs.org/@nolyfill/is-core-module/-/is-core-module-1.0.39.tgz. Extracting by manifest.
6339 silly tarball no local data for get-tsconfig@https://registry.npmjs.org/get-tsconfig/-/get-tsconfig-4.14.0.tgz. Extracting by manifest.
6340 silly tarball no local data for is-bun-module@https://registry.npmjs.org/is-bun-module/-/is-bun-module-2.0.0.tgz. Extracting by manifest.
6341 silly tarball no local data for @typescript-eslint/tsconfig-utils@https://registry.npmjs.org/@typescript-eslint/tsconfig-utils/-/tsconfig-utils-8.62.1.tgz. Extracting by manifest.
6342 silly tarball no local data for @typescript-eslint/project-service@https://registry.npmjs.org/@typescript-eslint/project-service/-/project-service-8.62.1.tgz. Extracting by manifest.
6343 silly tarball no local data for ts-api-utils@https://registry.npmjs.org/ts-api-utils/-/ts-api-utils-2.5.0.tgz. Extracting by manifest.
6344 silly tarball no local data for @typescript-eslint/typescript-estree@https://registry.npmjs.org/@typescript-eslint/typescript-estree/-/typescript-estree-8.62.1.tgz. Extracting by manifest.
6345 silly tarball no local data for @typescript-eslint/types@https://registry.npmjs.org/@typescript-eslint/types/-/types-8.62.1.tgz. Extracting by manifest.
6346 silly tarball no local data for @typescript-eslint/visitor-keys@https://registry.npmjs.org/@typescript-eslint/visitor-keys/-/visitor-keys-8.62.1.tgz. Extracting by manifest.
6347 silly tarball no local data for @typescript-eslint/type-utils@https://registry.npmjs.org/@typescript-eslint/type-utils/-/type-utils-8.62.1.tgz. Extracting by manifest.
6348 silly tarball no local data for @typescript-eslint/utils@https://registry.npmjs.org/@typescript-eslint/utils/-/utils-8.62.1.tgz. Extracting by manifest.
6349 silly tarball no local data for @typescript-eslint/scope-manager@https://registry.npmjs.org/@typescript-eslint/scope-manager/-/scope-manager-8.62.1.tgz. Extracting by manifest.
6350 silly tarball no local data for eslint-plugin-react-hooks@https://registry.npmjs.org/eslint-plugin-react-hooks/-/eslint-plugin-react-hooks-5.2.0.tgz. Extracting by manifest.
6351 silly tarball no local data for eslint-plugin-expo@https://registry.npmjs.org/eslint-plugin-expo/-/eslint-plugin-expo-1.1.0.tgz. Extracting by manifest.
6352 silly tarball no local data for eslint-plugin-import@https://registry.npmjs.org/eslint-plugin-import/-/eslint-plugin-import-2.32.0.tgz. Extracting by manifest.
6353 silly tarball no local data for eslint-plugin-react@https://registry.npmjs.org/eslint-plugin-react/-/eslint-plugin-react-7.37.5.tgz. Extracting by manifest.
6354 silly tarball no local data for eslint-import-resolver-typescript@https://registry.npmjs.org/eslint-import-resolver-typescript/-/eslint-import-resolver-typescript-3.10.1.tgz. Extracting by manifest.
6355 silly tarball no local data for @typescript-eslint/parser@https://registry.npmjs.org/@typescript-eslint/parser/-/parser-8.62.1.tgz. Extracting by manifest.
6356 silly tarball no local data for @typescript-eslint/eslint-plugin@https://registry.npmjs.org/@typescript-eslint/eslint-plugin/-/eslint-plugin-8.62.1.tgz. Extracting by manifest.
6357 silly tarball no local data for @humanfs/types@https://registry.npmjs.org/@humanfs/types/-/types-0.15.0.tgz. Extracting by manifest.
6358 silly tarball no local data for @humanfs/core@https://registry.npmjs.org/@humanfs/core/-/core-0.19.2.tgz. Extracting by manifest.
6359 silly tarball no local data for json-schema-traverse@https://registry.npmjs.org/json-schema-traverse/-/json-schema-traverse-0.4.1.tgz. Extracting by manifest.
6360 silly tarball no local data for fast-json-stable-stringify@https://registry.npmjs.org/fast-json-stable-stringify/-/fast-json-stable-stringify-2.1.0.tgz. Extracting by manifest.
6361 silly tarball no local data for levn@https://registry.npmjs.org/levn/-/levn-0.4.1.tgz. Extracting by manifest.
6362 silly tarball no local data for strip-json-comments@https://registry.npmjs.org/strip-json-comments/-/strip-json-comments-3.1.1.tgz. Extracting by manifest.
6363 silly tarball no local data for @types/json-schema@https://registry.npmjs.org/@types/json-schema/-/json-schema-7.0.15.tgz. Extracting by manifest.
6364 silly tarball no local data for import-fresh@https://registry.npmjs.org/import-fresh/-/import-fresh-3.3.1.tgz. Extracting by manifest.
6365 silly tarball no local data for optionator@https://registry.npmjs.org/optionator/-/optionator-0.9.4.tgz. Extracting by manifest.
6366 silly tarball no local data for globals@https://registry.npmjs.org/globals/-/globals-14.0.0.tgz. Extracting by manifest.
6367 silly tarball no local data for @eslint/object-schema@https://registry.npmjs.org/@eslint/object-schema/-/object-schema-2.1.7.tgz. Extracting by manifest.
6368 silly tarball no local data for natural-compare@https://registry.npmjs.org/natural-compare/-/natural-compare-1.4.0.tgz. Extracting by manifest.
6369 silly tarball no local data for json-stable-stringify-without-jsonify@https://registry.npmjs.org/json-stable-stringify-without-jsonify/-/json-stable-stringify-without-jsonify-1.0.1.tgz. Extracting by manifest.
6370 silly tarball no local data for glob-parent@https://registry.npmjs.org/glob-parent/-/glob-parent-6.0.2.tgz. Extracting by manifest.
6371 silly tarball no local data for find-up@https://registry.npmjs.org/find-up/-/find-up-5.0.0.tgz. Extracting by manifest.
6372 silly tarball no local data for esquery@https://registry.npmjs.org/esquery/-/esquery-1.7.0.tgz. Extracting by manifest.
6373 silly tarball no local data for esutils@https://registry.npmjs.org/esutils/-/esutils-2.0.3.tgz. Extracting by manifest.
6374 silly tarball no local data for file-entry-cache@https://registry.npmjs.org/file-entry-cache/-/file-entry-cache-8.0.0.tgz. Extracting by manifest.
6375 silly tarball no local data for espree@https://registry.npmjs.org/espree/-/espree-10.4.0.tgz. Extracting by manifest.
6376 silly tarball no local data for eslint-visitor-keys@https://registry.npmjs.org/eslint-visitor-keys/-/eslint-visitor-keys-4.2.1.tgz. Extracting by manifest.
6377 silly tarball no local data for eslint-scope@https://registry.npmjs.org/eslint-scope/-/eslint-scope-8.4.0.tgz. Extracting by manifest.
6378 silly tarball no local data for ajv@https://registry.npmjs.org/ajv/-/ajv-6.15.0.tgz. Extracting by manifest.
6379 silly tarball no local data for @types/estree@https://registry.npmjs.org/@types/estree/-/estree-1.0.9.tgz. Extracting by manifest.
6380 silly tarball no local data for @humanfs/node@https://registry.npmjs.org/@humanfs/node/-/node-0.16.8.tgz. Extracting by manifest.
6381 silly tarball no local data for @humanwhocodes/retry@https://registry.npmjs.org/@humanwhocodes/retry/-/retry-0.4.3.tgz. Extracting by manifest.
6382 silly tarball no local data for @eslint/plugin-kit@https://registry.npmjs.org/@eslint/plugin-kit/-/plugin-kit-0.4.1.tgz. Extracting by manifest.
6383 silly tarball no local data for @humanwhocodes/module-importer@https://registry.npmjs.org/@humanwhocodes/module-importer/-/module-importer-1.0.1.tgz. Extracting by manifest.
6384 silly tarball no local data for @eslint/js@https://registry.npmjs.org/@eslint/js/-/js-9.39.4.tgz. Extracting by manifest.
6385 silly tarball no local data for @eslint/config-helpers@https://registry.npmjs.org/@eslint/config-helpers/-/config-helpers-0.4.2.tgz. Extracting by manifest.
6386 silly tarball no local data for @eslint/eslintrc@https://registry.npmjs.org/@eslint/eslintrc/-/eslintrc-3.3.5.tgz. Extracting by manifest.
6387 silly tarball no local data for @eslint/core@https://registry.npmjs.org/@eslint/core/-/core-0.17.0.tgz. Extracting by manifest.
6388 silly tarball no local data for @eslint/config-array@https://registry.npmjs.org/@eslint/config-array/-/config-array-0.21.2.tgz. Extracting by manifest.
6389 silly tarball no local data for @eslint-community/regexpp@https://registry.npmjs.org/@eslint-community/regexpp/-/regexpp-4.12.2.tgz. Extracting by manifest.
6390 silly tarball no local data for @eslint-community/eslint-utils@https://registry.npmjs.org/@eslint-community/eslint-utils/-/eslint-utils-4.9.1.tgz. Extracting by manifest.
6391 silly tarball no local data for @react-navigation/routers@https://registry.npmjs.org/@react-navigation/routers/-/routers-7.6.0.tgz. Extracting by manifest.
6392 silly tarball no local data for @react-navigation/core@https://registry.npmjs.org/@react-navigation/core/-/core-7.21.5.tgz. Extracting by manifest.
6393 silly tarball no local data for standard-navigation@https://registry.npmjs.org/standard-navigation/-/standard-navigation-0.0.7.tgz. Extracting by manifest.
6394 silly tarball no local data for use-sync-external-store@https://registry.npmjs.org/use-sync-external-store/-/use-sync-external-store-1.6.0.tgz. Extracting by manifest.
6395 silly tarball no local data for react-native-worklets@https://registry.npmjs.org/react-native-worklets/-/react-native-worklets-0.5.1.tgz. Extracting by manifest.
6396 silly tarball no local data for react-native-gesture-handler@https://registry.npmjs.org/react-native-gesture-handler/-/react-native-gesture-handler-2.28.0.tgz. Extracting by manifest.
6397 silly tarball no local data for react-dom@https://registry.npmjs.org/react-dom/-/react-dom-19.1.0.tgz. Extracting by manifest.
6398 silly tarball no local data for react-native-reanimated@https://registry.npmjs.org/react-native-reanimated/-/react-native-reanimated-4.1.7.tgz. Extracting by manifest.
6399 silly tarball no local data for expo-system-ui@https://registry.npmjs.org/expo-system-ui/-/expo-system-ui-6.0.9.tgz. Extracting by manifest.
6400 silly tarball no local data for expo-symbols@https://registry.npmjs.org/expo-symbols/-/expo-symbols-1.0.8.tgz. Extracting by manifest.
6401 silly tarball no local data for expo-web-browser@https://registry.npmjs.org/expo-web-browser/-/expo-web-browser-15.0.11.tgz. Extracting by manifest.
6402 silly tarball no local data for expo-status-bar@https://registry.npmjs.org/expo-status-bar/-/expo-status-bar-3.0.9.tgz. Extracting by manifest.
6403 silly tarball no local data for expo-splash-screen@https://registry.npmjs.org/expo-splash-screen/-/expo-splash-screen-31.0.13.tgz. Extracting by manifest.
6404 silly tarball no local data for expo-router@https://registry.npmjs.org/expo-router/-/expo-router-6.0.24.tgz. Extracting by manifest.
6405 silly tarball no local data for expo-linking@https://registry.npmjs.org/expo-linking/-/expo-linking-8.0.12.tgz. Extracting by manifest.
6406 silly tarball no local data for expo-image@https://registry.npmjs.org/expo-image/-/expo-image-3.0.11.tgz. Extracting by manifest.
6407 silly tarball no local data for expo-haptics@https://registry.npmjs.org/expo-haptics/-/expo-haptics-15.0.8.tgz. Extracting by manifest.
6408 silly tarball no local data for @types/react@https://registry.npmjs.org/@types/react/-/react-19.1.17.tgz. Extracting by manifest.
6409 silly tarball no local data for @react-navigation/elements@https://registry.npmjs.org/@react-navigation/elements/-/elements-2.9.29.tgz. Extracting by manifest.
6410 silly tarball no local data for expo-constants@https://registry.npmjs.org/expo-constants/-/expo-constants-18.0.13.tgz. Extracting by manifest.
6411 silly tarball no local data for eslint-config-expo@https://registry.npmjs.org/eslint-config-expo/-/eslint-config-expo-10.0.0.tgz. Extracting by manifest.
6412 silly tarball no local data for @react-navigation/native@https://registry.npmjs.org/@react-navigation/native/-/native-7.3.7.tgz. Extracting by manifest.
6413 silly tarball no local data for @react-navigation/bottom-tabs@https://registry.npmjs.org/@react-navigation/bottom-tabs/-/bottom-tabs-7.18.7.tgz. Extracting by manifest.
6414 silly tarball no local data for eslint@https://registry.npmjs.org/eslint/-/eslint-9.39.4.tgz. Extracting by manifest.
6415 silly tarball no local data for react-native-screens@https://registry.npmjs.org/react-native-screens/-/react-native-screens-4.16.0.tgz. Extracting by manifest.
6416 silly tarball no local data for react-native-safe-area-context@https://registry.npmjs.org/react-native-safe-area-context/-/react-native-safe-area-context-5.6.2.tgz. Extracting by manifest.
6417 silly tarball no local data for expo@https://registry.npmjs.org/expo/-/expo-54.0.35.tgz. Extracting by manifest.
6418 silly tarball no local data for react-native@https://registry.npmjs.org/react-native/-/react-native-0.81.5.tgz. Extracting by manifest.
6419 silly tarball no local data for @expo/vector-icons@https://registry.npmjs.org/@expo/vector-icons/-/vector-icons-15.1.1.tgz. Extracting by manifest.
6420 silly tarball no local data for expo-font@https://registry.npmjs.org/expo-font/-/expo-font-14.0.12.tgz. Extracting by manifest.
6421 silly tarball no local data for react@https://registry.npmjs.org/react/-/react-19.1.0.tgz. Extracting by manifest.
6422 silly tarball no local data for strip-json-comments@https://registry.npmjs.org/strip-json-comments/-/strip-json-comments-2.0.1.tgz. Extracting by manifest.
6423 silly tarball no local data for resolve@https://registry.npmjs.org/resolve/-/resolve-1.7.1.tgz. Extracting by manifest.
6424 silly tarball no local data for escape-string-regexp@https://registry.npmjs.org/escape-string-regexp/-/escape-string-regexp-2.0.0.tgz. Extracting by manifest.
6425 silly tarball no local data for glob@https://registry.npmjs.org/glob/-/glob-7.2.3.tgz. Extracting by manifest.
6426 silly tarball no local data for glob@https://registry.npmjs.org/glob/-/glob-7.2.3.tgz. Extracting by manifest.
6427 silly tarball no local data for camelcase@https://registry.npmjs.org/camelcase/-/camelcase-5.3.1.tgz. Extracting by manifest.
6428 silly tarball no local data for ws@https://registry.npmjs.org/ws/-/ws-6.2.4.tgz. Extracting by manifest.
6429 silly tarball no local data for hermes-estree@https://registry.npmjs.org/hermes-estree/-/hermes-estree-0.29.1.tgz. Extracting by manifest.
6430 silly tarball no local data for hermes-estree@https://registry.npmjs.org/hermes-estree/-/hermes-estree-0.29.1.tgz. Extracting by manifest.
6431 silly tarball no local data for glob@https://registry.npmjs.org/glob/-/glob-7.2.3.tgz. Extracting by manifest.
6432 silly tarball no local data for hermes-parser@https://registry.npmjs.org/hermes-parser/-/hermes-parser-0.29.1.tgz. Extracting by manifest.
6433 silly tarball no local data for hermes-parser@https://registry.npmjs.org/hermes-parser/-/hermes-parser-0.29.1.tgz. Extracting by manifest.
6434 silly tarball no local data for webidl-conversions@https://registry.npmjs.org/webidl-conversions/-/webidl-conversions-5.0.0.tgz. Extracting by manifest.
6435 silly tarball no local data for json5@https://registry.npmjs.org/json5/-/json5-1.0.2.tgz. Extracting by manifest.
6436 silly tarball no local data for eslint-visitor-keys@https://registry.npmjs.org/eslint-visitor-keys/-/eslint-visitor-keys-5.0.1.tgz. Extracting by manifest.
6437 silly tarball no local data for resolve-from@https://registry.npmjs.org/resolve-from/-/resolve-from-4.0.0.tgz. Extracting by manifest.
6438 silly tarball no local data for eslint-visitor-keys@https://registry.npmjs.org/eslint-visitor-keys/-/eslint-visitor-keys-3.4.3.tgz. Extracting by manifest.
6439 silly tarball no local data for ignore@https://registry.npmjs.org/ignore/-/ignore-7.0.5.tgz. Extracting by manifest.
6440 silly tarball no local data for semver@https://registry.npmjs.org/semver/-/semver-7.6.3.tgz. Extracting by manifest.
6441 silly tarball no local data for semver@https://registry.npmjs.org/semver/-/semver-7.7.2.tgz. Extracting by manifest.
6442 silly tarball no local data for globals@https://registry.npmjs.org/globals/-/globals-16.5.0.tgz. Extracting by manifest.
6443 silly tarball no local data for ws@https://registry.npmjs.org/ws/-/ws-6.2.4.tgz. Extracting by manifest.
6444 silly tarball no local data for hermes-parser@https://registry.npmjs.org/hermes-parser/-/hermes-parser-0.29.1.tgz. Extracting by manifest.
6445 silly tarball no local data for glob@https://registry.npmjs.org/glob/-/glob-7.2.3.tgz. Extracting by manifest.
6446 silly tarball no local data for hermes-estree@https://registry.npmjs.org/hermes-estree/-/hermes-estree-0.29.1.tgz. Extracting by manifest.
6447 silly tarball no local data for @react-native/virtualized-lists@https://registry.npmjs.org/@react-native/virtualized-lists/-/virtualized-lists-0.81.5.tgz. Extracting by manifest.
6448 silly tarball no local data for @expo/metro-config@https://registry.npmjs.org/@expo/metro-config/-/metro-config-54.0.16.tgz. Extracting by manifest.
6449 silly tarball no local data for expo-keep-awake@https://registry.npmjs.org/expo-keep-awake/-/expo-keep-awake-15.0.8.tgz. Extracting by manifest.
6450 silly tarball no local data for expo-file-system@https://registry.npmjs.org/expo-file-system/-/expo-file-system-19.0.23.tgz. Extracting by manifest.
6451 silly tarball no local data for @expo/cli@https://registry.npmjs.org/@expo/cli/-/cli-54.0.25.tgz. Extracting by manifest.
6452 silly tarball no local data for expo-asset@https://registry.npmjs.org/expo-asset/-/expo-asset-12.0.13.tgz. Extracting by manifest.
6453 silly tarball no local data for babel-preset-expo@https://registry.npmjs.org/babel-preset-expo/-/babel-preset-expo-54.0.11.tgz. Extracting by manifest.
6454 http fetch GET 200 https://registry.npmjs.org/@babel/plugin-transform-literals/-/plugin-transform-literals-7.29.7.tgz 2577ms (cache miss)
6455 http fetch GET 200 https://registry.npmjs.org/ini/-/ini-1.3.8.tgz 2570ms (cache miss)
6456 http fetch GET 200 https://registry.npmjs.org/@babel/plugin-transform-sticky-regex/-/plugin-transform-sticky-regex-7.29.7.tgz 2582ms (cache miss)
6457 http fetch GET 200 https://registry.npmjs.org/rc/-/rc-1.2.8.tgz 2570ms (cache miss)
6458 http fetch GET 200 https://registry.npmjs.org/@babel/plugin-transform-spread/-/plugin-transform-spread-7.29.7.tgz 2582ms (cache miss)
6459 http fetch GET 200 https://registry.npmjs.org/@babel/plugin-transform-numeric-separator/-/plugin-transform-numeric-separator-7.29.7.tgz 2581ms (cache miss)
6460 http fetch GET 200 https://registry.npmjs.org/nested-error-stacks/-/nested-error-stacks-2.0.1.tgz 2570ms (cache miss)
6461 http fetch GET 200 https://registry.npmjs.org/@babel/plugin-transform-computed-properties/-/plugin-transform-computed-properties-7.29.7.tgz 2579ms (cache miss)
6462 http fetch GET 200 https://registry.npmjs.org/@babel/plugin-transform-function-name/-/plugin-transform-function-name-7.29.7.tgz 2580ms (cache miss)
6463 http fetch GET 200 https://registry.npmjs.org/@react-native/babel-plugin-codegen/-/babel-plugin-codegen-0.81.5.tgz 2587ms (cache miss)
6464 http fetch GET 200 https://registry.npmjs.org/@babel/preset-react/-/preset-react-7.29.7.tgz 2578ms (cache miss)
6465 http fetch GET 200 https://registry.npmjs.org/@react-native/babel-preset/-/babel-preset-0.81.5.tgz 2580ms (cache miss)
6466 warn deprecated inflight@1.0.6: This module is not supported, and leaks memory. Do not use it. Check out lru-cache if you want a good and tested way to coalesce async requests by a key value, which is much more comprehensive and powerful.
6467 http fetch GET 200 https://registry.npmjs.org/deep-extend/-/deep-extend-0.6.0.tgz 2646ms (cache miss)
6468 http fetch GET 200 https://registry.npmjs.org/resolve.exports/-/resolve.exports-2.0.3.tgz 2710ms (cache miss)
6469 http fetch GET 200 https://registry.npmjs.org/pretty-bytes/-/pretty-bytes-5.6.0.tgz 2723ms (cache miss)
6470 http fetch GET 200 https://registry.npmjs.org/is-weakmap/-/is-weakmap-2.0.2.tgz 2733ms (cache miss)
6471 http fetch GET 200 https://registry.npmjs.org/freeport-async/-/freeport-async-2.0.0.tgz 2749ms (cache miss)
6472 http fetch GET 200 https://registry.npmjs.org/is-weakset/-/is-weakset-2.0.4.tgz 2749ms (cache miss)
6473 http fetch GET 200 https://registry.npmjs.org/env-editor/-/env-editor-0.4.2.tgz 2756ms (cache miss)
6474 http fetch GET 200 https://registry.npmjs.org/fs.realpath/-/fs.realpath-1.0.0.tgz 2754ms (cache miss)
6475 http fetch GET 200 https://registry.npmjs.org/generator-function/-/generator-function-2.0.1.tgz 2754ms (cache miss)
6476 http fetch GET 200 https://registry.npmjs.org/async-limiter/-/async-limiter-1.0.1.tgz 2761ms (cache miss)
6477 http fetch GET 200 https://registry.npmjs.org/which-collection/-/which-collection-1.0.2.tgz 2775ms (cache miss)
6478 http fetch GET 200 https://registry.npmjs.org/is-finalizationregistry/-/is-finalizationregistry-1.1.1.tgz 2802ms (cache miss)
6479 http fetch GET 200 https://registry.npmjs.org/is-bigint/-/is-bigint-1.1.0.tgz 2914ms (cache miss)
6480 http fetch GET 200 https://registry.npmjs.org/is-async-function/-/is-async-function-2.1.1.tgz 2917ms (cache miss)
6481 http fetch GET 200 https://registry.npmjs.org/is-number-object/-/is-number-object-1.1.1.tgz 2934ms (cache miss)
6482 http fetch GET 200 https://registry.npmjs.org/which-boxed-primitive/-/which-boxed-primitive-1.1.1.tgz 2950ms (cache miss)
6483 http fetch GET 200 https://registry.npmjs.org/ieee754/-/ieee754-1.2.1.tgz 2955ms (cache miss)
6484 http fetch GET 200 https://registry.npmjs.org/reflect.getprototypeof/-/reflect.getprototypeof-1.0.10.tgz 2976ms (cache miss)
6485 http fetch GET 200 https://registry.npmjs.org/@types/json5/-/json5-0.0.29.tgz 2979ms (cache miss)
6486 http fetch GET 200 https://registry.npmjs.org/which-builtin-type/-/which-builtin-type-1.2.1.tgz 2980ms (cache miss)
6487 http fetch GET 200 https://registry.npmjs.org/side-channel-weakmap/-/side-channel-weakmap-1.0.2.tgz 2977ms (cache miss)
6488 http fetch GET 200 https://registry.npmjs.org/strip-bom/-/strip-bom-3.0.0.tgz 2980ms (cache miss)
6489 http fetch GET 200 https://registry.npmjs.org/stack-utils/-/stack-utils-2.0.6.tgz 2971ms (cache miss)
6490 http fetch GET 200 https://registry.npmjs.org/side-channel-map/-/side-channel-map-1.0.1.tgz 2977ms (cache miss)
6491 http fetch GET 200 https://registry.npmjs.org/isarray/-/isarray-2.0.5.tgz 2976ms (cache miss)
6492 http fetch GET 200 https://registry.npmjs.org/side-channel-list/-/side-channel-list-1.0.1.tgz 2979ms (cache miss)
6493 http fetch GET 200 https://registry.npmjs.org/@types/stack-utils/-/stack-utils-2.0.3.tgz 2974ms (cache miss)
6494 http fetch GET 200 https://registry.npmjs.org/normalize-path/-/normalize-path-3.0.0.tgz 2975ms (cache miss)
6495 http fetch GET 200 https://registry.npmjs.org/anymatch/-/anymatch-3.1.3.tgz 2994ms (cache miss)
6496 http fetch GET 200 https://registry.npmjs.org/type-detect/-/type-detect-4.0.8.tgz 3011ms (cache miss)
6497 http fetch GET 200 https://registry.npmjs.org/@types/graceful-fs/-/graceful-fs-4.1.9.tgz 3040ms (cache miss)
6498 http fetch GET 200 https://registry.npmjs.org/@jest/environment/-/environment-29.7.0.tgz 3036ms (cache miss)
6499 http fetch GET 200 https://registry.npmjs.org/rimraf/-/rimraf-3.0.2.tgz 3036ms (cache miss)
6500 http fetch GET 200 https://registry.npmjs.org/@babel/plugin-syntax-private-property-in-object/-/plugin-syntax-private-property-in-object-7.14.5.tgz 3054ms (cache miss)
6501 http fetch GET 200 https://registry.npmjs.org/@babel/plugin-syntax-optional-catch-binding/-/plugin-syntax-optional-catch-binding-7.8.3.tgz 3060ms (cache miss)
6502 http fetch GET 200 https://registry.npmjs.org/@babel/plugin-syntax-numeric-separator/-/plugin-syntax-numeric-separator-7.10.4.tgz 3068ms (cache miss)
6503 http fetch GET 200 https://registry.npmjs.org/@babel/plugin-syntax-top-level-await/-/plugin-syntax-top-level-await-7.14.5.tgz 3111ms (cache miss)
6504 http fetch GET 200 https://registry.npmjs.org/@babel/plugin-syntax-object-rest-spread/-/plugin-syntax-object-rest-spread-7.8.3.tgz 3123ms (cache miss)
6505 http fetch GET 200 https://registry.npmjs.org/@babel/plugin-syntax-logical-assignment-operators/-/plugin-syntax-logical-assignment-operators-7.10.4.tgz 3138ms (cache miss)
6506 http fetch GET 200 https://registry.npmjs.org/@babel/plugin-syntax-bigint/-/plugin-syntax-bigint-7.8.3.tgz 3162ms (cache miss)
6507 http fetch GET 200 https://registry.npmjs.org/babel-preset-current-node-syntax/-/babel-preset-current-node-syntax-1.2.0.tgz 3166ms (cache miss)
6508 http fetch GET 200 https://registry.npmjs.org/@babel/plugin-syntax-class-properties/-/plugin-syntax-class-properties-7.12.13.tgz 3174ms (cache miss)
6509 http fetch GET 200 https://registry.npmjs.org/babel-plugin-jest-hoist/-/babel-plugin-jest-hoist-29.6.3.tgz 3177ms (cache miss)
6510 http fetch GET 200 https://registry.npmjs.org/@babel/plugin-syntax-import-attributes/-/plugin-syntax-import-attributes-7.29.7.tgz 3179ms (cache miss)
6511 http fetch GET 200 https://registry.npmjs.org/@babel/plugin-syntax-async-generators/-/plugin-syntax-async-generators-7.8.4.tgz 3184ms (cache miss)
6512 http fetch GET 200 https://registry.npmjs.org/write-file-atomic/-/write-file-atomic-4.0.2.tgz 3285ms (cache miss)
6513 http fetch GET 200 https://registry.npmjs.org/@babel/plugin-syntax-class-static-block/-/plugin-syntax-class-static-block-7.14.5.tgz 3298ms (cache miss)
6514 http fetch GET 200 https://registry.npmjs.org/@babel/plugin-syntax-json-strings/-/plugin-syntax-json-strings-7.8.3.tgz 3305ms (cache miss)
6515 http fetch GET 200 https://registry.npmjs.org/test-exclude/-/test-exclude-6.0.0.tgz 3307ms (cache miss)
6516 http fetch GET 200 https://registry.npmjs.org/@types/babel__template/-/babel__template-7.4.4.tgz 3308ms (cache miss)
6517 http fetch GET 200 https://registry.npmjs.org/jest-regex-util/-/jest-regex-util-29.6.3.tgz 3309ms (cache miss)
6518 http fetch GET 200 https://registry.npmjs.org/@babel/plugin-syntax-import-meta/-/plugin-syntax-import-meta-7.10.4.tgz 3322ms (cache miss)
6519 http fetch GET 200 https://registry.npmjs.org/@types/babel__generator/-/babel__generator-7.27.0.tgz 3318ms (cache miss)
6520 http fetch GET 200 https://registry.npmjs.org/@types/babel__core/-/babel__core-7.20.5.tgz 3326ms (cache miss)
6521 http fetch GET 200 https://registry.npmjs.org/babel-preset-jest/-/babel-preset-jest-29.6.3.tgz 3328ms (cache miss)
6522 http fetch GET 200 https://registry.npmjs.org/babel-plugin-istanbul/-/babel-plugin-istanbul-6.1.1.tgz 3341ms (cache miss)
6523 http fetch GET 200 https://registry.npmjs.org/@istanbuljs/schema/-/schema-0.1.6.tgz 3388ms (cache miss)
6524 http fetch GET 200 https://registry.npmjs.org/babel-plugin-syntax-hermes-parser/-/babel-plugin-syntax-hermes-parser-0.29.1.tgz 3393ms (cache miss)
6525 http fetch GET 200 https://registry.npmjs.org/jest-environment-node/-/jest-environment-node-29.7.0.tgz 3399ms (cache miss)
6526 http fetch GET 200 https://registry.npmjs.org/babel-jest/-/babel-jest-29.7.0.tgz 3403ms (cache miss)
6527 http fetch GET 200 https://registry.npmjs.org/@istanbuljs/load-nyc-config/-/load-nyc-config-1.1.0.tgz 3451ms (cache miss)
6528 http fetch GET 200 https://registry.npmjs.org/@jest/create-cache-key-function/-/create-cache-key-function-29.7.0.tgz 3444ms (cache miss)
6529 http fetch GET 200 https://registry.npmjs.org/yocto-queue/-/yocto-queue-0.1.0.tgz 3453ms (cache miss)
6530 http fetch GET 200 https://registry.npmjs.org/fast-levenshtein/-/fast-levenshtein-2.0.6.tgz 3459ms (cache miss)
6531 http fetch GET 200 https://registry.npmjs.org/@types/babel__traverse/-/babel__traverse-7.28.0.tgz 3502ms (cache miss)
6532 http fetch GET 200 https://registry.npmjs.org/callsites/-/callsites-3.1.0.tgz 3484ms (cache miss)
6533 http fetch GET 200 https://registry.npmjs.org/@sinonjs/fake-timers/-/fake-timers-10.3.0.tgz 3529ms (cache miss)
6534 http fetch GET 200 https://registry.npmjs.org/jest-message-util/-/jest-message-util-29.7.0.tgz 3564ms (cache miss)
6535 http fetch GET 200 https://registry.npmjs.org/jest-mock/-/jest-mock-29.7.0.tgz 3567ms (cache miss)
6536 http fetch GET 200 https://registry.npmjs.org/@jest/transform/-/transform-29.7.0.tgz 3593ms (cache miss)
6537 http fetch GET 200 https://registry.npmjs.org/deep-is/-/deep-is-0.1.4.tgz 3583ms (cache miss)
6538 http fetch GET 200 https://registry.npmjs.org/p-locate/-/p-locate-5.0.0.tgz 3594ms (cache miss)
6539 warn deprecated rimraf@3.0.2: Rimraf versions prior to v4 are no longer supported
6540 http fetch GET 200 https://registry.npmjs.org/buffer/-/buffer-5.7.1.tgz 3694ms (cache miss)
6541 http fetch GET 200 https://registry.npmjs.org/word-wrap/-/word-wrap-1.2.5.tgz 3642ms (cache miss)
6542 http fetch GET 200 https://registry.npmjs.org/ob1/-/ob1-0.83.3.tgz 3640ms (cache miss)
6543 http fetch GET 200 https://registry.npmjs.org/@react-native/js-polyfills/-/js-polyfills-0.81.5.tgz 3698ms (cache miss)
6544 http fetch GET 200 https://registry.npmjs.org/@react-native/assets-registry/-/assets-registry-0.81.5.tgz 3721ms (cache miss)
6545 http fetch GET 200 https://registry.npmjs.org/type-check/-/type-check-0.4.0.tgz 3731ms (cache miss)
6546 http fetch GET 200 https://registry.npmjs.org/set-function-name/-/set-function-name-2.0.2.tgz 3758ms (cache miss)
6547 http fetch GET 200 https://registry.npmjs.org/side-channel/-/side-channel-1.1.1.tgz 3759ms (cache miss)
6548 http fetch GET 200 https://registry.npmjs.org/resolve-pkg-maps/-/resolve-pkg-maps-1.0.0.tgz 3759ms (cache miss)
6549 http fetch GET 200 https://registry.npmjs.org/json-buffer/-/json-buffer-3.0.1.tgz 3768ms (cache miss)
6550 http fetch GET 200 https://registry.npmjs.org/parent-module/-/parent-module-1.0.1.tgz 3769ms (cache miss)
6551 http fetch GET 200 https://registry.npmjs.org/locate-path/-/locate-path-6.0.0.tgz 3809ms (cache miss)
6552 http fetch GET 200 https://registry.npmjs.org/keyv/-/keyv-4.5.4.tgz 3813ms (cache miss)
6553 http fetch GET 200 https://registry.npmjs.org/is-document.all/-/is-document.all-1.0.0.tgz 3825ms (cache miss)
6554 http fetch GET 200 https://registry.npmjs.org/flat-cache/-/flat-cache-4.0.1.tgz 3839ms (cache miss)
6555 http fetch GET 200 https://registry.npmjs.org/@radix-ui/react-compose-refs/-/react-compose-refs-1.1.2.tgz 3878ms (cache miss)
6556 http fetch GET 200 https://registry.npmjs.org/@jest/fake-timers/-/fake-timers-29.7.0.tgz 3983ms (cache miss)
6557 http fetch GET 200 https://registry.npmjs.org/metro-minify-terser/-/metro-minify-terser-0.83.3.tgz 3917ms (cache miss)
6558 http fetch GET 200 https://registry.npmjs.org/metro-core/-/metro-core-0.83.3.tgz 3928ms (cache miss)
6559 http fetch GET 200 https://registry.npmjs.org/metro-cache-key/-/metro-cache-key-0.83.3.tgz 3945ms (cache miss)
6560 http fetch GET 200 https://registry.npmjs.org/p-limit/-/p-limit-3.1.0.tgz 4024ms (cache miss)
6561 http fetch GET 200 https://registry.npmjs.org/metro-babel-transformer/-/metro-babel-transformer-0.83.3.tgz 4025ms (cache miss)
6562 http fetch GET 200 https://registry.npmjs.org/@react-native/normalize-colors/-/normalize-colors-0.81.5.tgz 4087ms (cache miss)
6563 http fetch GET 200 https://registry.npmjs.org/@expo/env/-/env-2.0.11.tgz 4196ms (cache miss)
6564 http fetch GET 200 https://registry.npmjs.org/acorn-jsx/-/acorn-jsx-5.3.2.tgz 4181ms (cache miss)
6565 http fetch GET 200 https://registry.npmjs.org/esrecurse/-/esrecurse-4.3.0.tgz 4207ms (cache miss)
6566 http fetch GET 200 https://registry.npmjs.org/@urql/exchange-retry/-/exchange-retry-1.3.2.tgz 4359ms (cache miss)
6567 http fetch GET 200 https://registry.npmjs.org/has-bigints/-/has-bigints-1.1.0.tgz 4366ms (cache miss)
6568 http fetch GET 200 https://registry.npmjs.org/iterator.prototype/-/iterator.prototype-1.1.5.tgz 4279ms (cache miss)
6569 http fetch GET 200 https://registry.npmjs.org/string.prototype.matchall/-/string.prototype.matchall-4.0.12.tgz 4281ms (cache miss)
6570 http fetch GET 200 https://registry.npmjs.org/estraverse/-/estraverse-5.3.0.tgz 4323ms (cache miss)
6571 http fetch GET 200 https://registry.npmjs.org/array.prototype.tosorted/-/array.prototype.tosorted-1.1.4.tgz 4377ms (cache miss)
6572 http fetch GET 200 https://registry.npmjs.org/@expo/plist/-/plist-0.4.9.tgz 4394ms (cache miss)
6573 http fetch GET 200 https://registry.npmjs.org/is-boolean-object/-/is-boolean-object-1.2.2.tgz 4518ms (cache miss)
6574 http fetch GET 200 https://registry.npmjs.org/istanbul-lib-coverage/-/istanbul-lib-coverage-3.2.2.tgz 4502ms (cache miss)
6575 http fetch GET 200 https://registry.npmjs.org/@expo/config-types/-/config-types-54.0.10.tgz 4443ms (cache miss)
6576 http fetch GET 200 https://registry.npmjs.org/is-map/-/is-map-2.0.3.tgz 4620ms (cache miss)
6577 http fetch GET 200 https://registry.npmjs.org/typed-array-length/-/typed-array-length-1.0.8.tgz 4514ms (cache miss)
6578 http fetch GET 200 https://registry.npmjs.org/typed-array-byte-offset/-/typed-array-byte-offset-1.0.4.tgz 4531ms (cache miss)
6579 http fetch GET 200 https://registry.npmjs.org/unbox-primitive/-/unbox-primitive-1.1.0.tgz 4537ms (cache miss)
6580 http fetch GET 200 https://registry.npmjs.org/possible-typed-array-names/-/possible-typed-array-names-1.1.0.tgz 4544ms (cache miss)
6581 http fetch GET 200 https://registry.npmjs.org/typed-array-byte-length/-/typed-array-byte-length-1.0.3.tgz 4547ms (cache miss)
6582 http fetch GET 200 https://registry.npmjs.org/typed-array-buffer/-/typed-array-buffer-1.0.3.tgz 4559ms (cache miss)
6583 http fetch GET 200 https://registry.npmjs.org/string.prototype.trimstart/-/string.prototype.trimstart-1.0.8.tgz 4583ms (cache miss)
6584 http fetch GET 200 https://registry.npmjs.org/which-typed-array/-/which-typed-array-1.1.22.tgz 4590ms (cache miss)
6585 http fetch GET 200 https://registry.npmjs.org/for-each/-/for-each-0.3.5.tgz 4745ms (cache miss)
6586 http fetch GET 200 https://registry.npmjs.org/stop-iteration-iterator/-/stop-iteration-iterator-1.1.0.tgz 4638ms (cache miss)
6587 http fetch GET 200 https://registry.npmjs.org/is-generator-function/-/is-generator-function-1.1.2.tgz 4908ms (cache miss)
6588 http fetch GET 200 https://registry.npmjs.org/set-proto/-/set-proto-1.0.0.tgz 4780ms (cache miss)
6589 http fetch GET 200 https://registry.npmjs.org/safe-regex-test/-/safe-regex-test-1.1.0.tgz 4780ms (cache miss)
6590 http fetch GET 200 https://registry.npmjs.org/safe-push-apply/-/safe-push-apply-1.0.0.tgz 4782ms (cache miss)
6591 http fetch GET 200 https://registry.npmjs.org/safe-array-concat/-/safe-array-concat-1.1.4.tgz 4789ms (cache miss)
6592 http fetch GET 200 https://registry.npmjs.org/regexp.prototype.flags/-/regexp.prototype.flags-1.5.4.tgz 4811ms (cache miss)
6593 http fetch GET 200 https://registry.npmjs.org/async-function/-/async-function-1.0.0.tgz 4950ms (cache miss)
6594 http fetch GET 200 https://registry.npmjs.org/own-keys/-/own-keys-1.0.1.tgz 4823ms (cache miss)
6595 http fetch GET 200 https://registry.npmjs.org/is-typed-array/-/is-typed-array-1.1.15.tgz 4843ms (cache miss)
6596 http fetch GET 200 https://registry.npmjs.org/is-shared-array-buffer/-/is-shared-array-buffer-1.0.4.tgz 4845ms (cache miss)
6597 http fetch GET 200 https://registry.npmjs.org/is-weakref/-/is-weakref-1.1.1.tgz 4849ms (cache miss)
6598 http fetch GET 200 https://registry.npmjs.org/is-set/-/is-set-2.0.3.tgz 4861ms (cache miss)
6599 http fetch GET 200 https://registry.npmjs.org/functions-have-names/-/functions-have-names-1.2.3.tgz 4928ms (cache miss)
6600 http fetch GET 200 https://registry.npmjs.org/istanbul-lib-instrument/-/istanbul-lib-instrument-5.2.1.tgz 4993ms (cache miss)
6601 http fetch GET 200 https://registry.npmjs.org/is-array-buffer/-/is-array-buffer-3.0.5.tgz 4917ms (cache miss)
6602 http fetch GET 200 https://registry.npmjs.org/is-data-view/-/is-data-view-1.0.2.tgz 4919ms (cache miss)
6603 http fetch GET 200 https://registry.npmjs.org/is-callable/-/is-callable-1.2.7.tgz 4920ms (cache miss)
6604 http fetch GET 200 https://registry.npmjs.org/has-proto/-/has-proto-1.2.0.tgz 4921ms (cache miss)
6605 http fetch GET 200 https://registry.npmjs.org/internal-slot/-/internal-slot-1.1.0.tgz 4931ms (cache miss)
6606 http fetch GET 200 https://registry.npmjs.org/get-symbol-description/-/get-symbol-description-1.1.0.tgz 4943ms (cache miss)
6607 http fetch GET 200 https://registry.npmjs.org/data-view-byte-offset/-/data-view-byte-offset-1.0.1.tgz 4951ms (cache miss)
6608 http fetch GET 200 https://registry.npmjs.org/globalthis/-/globalthis-1.0.4.tgz 4970ms (cache miss)
6609 http fetch GET 200 https://registry.npmjs.org/arraybuffer.prototype.slice/-/arraybuffer.prototype.slice-1.0.4.tgz 4985ms (cache miss)
6610 http fetch GET 200 https://registry.npmjs.org/data-view-buffer/-/data-view-buffer-1.0.2.tgz 4989ms (cache miss)
6611 http fetch GET 200 https://registry.npmjs.org/data-view-byte-length/-/data-view-byte-length-1.0.2.tgz 4990ms (cache miss)
6612 http fetch GET 200 https://registry.npmjs.org/available-typed-arrays/-/available-typed-arrays-1.0.7.tgz 5008ms (cache miss)
6613 http fetch GET 200 https://registry.npmjs.org/has-property-descriptors/-/has-property-descriptors-1.0.2.tgz 5015ms (cache miss)
6614 http fetch GET 200 https://registry.npmjs.org/object-keys/-/object-keys-1.1.1.tgz 5029ms (cache miss)
6615 http fetch GET 200 https://registry.npmjs.org/define-data-property/-/define-data-property-1.1.4.tgz 5037ms (cache miss)
6616 http fetch GET 200 https://registry.npmjs.org/requireg/-/requireg-0.2.2.tgz 5209ms (cache miss)
6617 http fetch GET 200 https://registry.npmjs.org/set-function-length/-/set-function-length-1.2.2.tgz 5049ms (cache miss)
6618 http fetch GET 200 https://registry.npmjs.org/@radix-ui/react-slot/-/react-slot-1.2.0.tgz 5111ms (cache miss)
6619 http fetch GET 200 https://registry.npmjs.org/es-shim-unscopables/-/es-shim-unscopables-1.1.0.tgz 5070ms (cache miss)
6620 http fetch GET 200 https://registry.npmjs.org/define-properties/-/define-properties-1.2.1.tgz 5093ms (cache miss)
6621 http fetch GET 200 https://registry.npmjs.org/call-bound/-/call-bound-1.0.4.tgz 5107ms (cache miss)
6622 http fetch GET 200 https://registry.npmjs.org/call-bind/-/call-bind-1.0.9.tgz 5114ms (cache miss)
6623 http fetch GET 200 https://registry.npmjs.org/object.fromentries/-/object.fromentries-2.0.8.tgz 5114ms (cache miss)
6624 http fetch GET 200 https://registry.npmjs.org/prelude-ls/-/prelude-ls-1.2.1.tgz 5215ms (cache miss)
6625 http fetch GET 200 https://registry.npmjs.org/object.groupby/-/object.groupby-1.0.3.tgz 5141ms (cache miss)
6626 http fetch GET 200 https://registry.npmjs.org/array-buffer-byte-length/-/array-buffer-byte-length-1.0.2.tgz 5146ms (cache miss)
6627 http fetch GET 200 https://registry.npmjs.org/eslint-import-resolver-node/-/eslint-import-resolver-node-0.3.10.tgz 5149ms (cache miss)
6628 http fetch GET 200 https://registry.npmjs.org/@rtsao/scc/-/scc-1.1.0.tgz 5175ms (cache miss)
6629 http fetch GET 200 https://registry.npmjs.org/array.prototype.flatmap/-/array.prototype.flatmap-1.3.3.tgz 5205ms (cache miss)
6630 http fetch GET 200 https://registry.npmjs.org/stable-hash/-/stable-hash-0.0.5.tgz 5220ms (cache miss)
6631 http fetch GET 200 https://registry.npmjs.org/array.prototype.findlastindex/-/array.prototype.findlastindex-1.2.6.tgz 5246ms (cache miss)
6632 http fetch GET 200 https://registry.npmjs.org/unrs-resolver/-/unrs-resolver-1.12.2.tgz 5276ms (cache miss)
6633 http fetch GET 200 https://registry.npmjs.org/is-bun-module/-/is-bun-module-2.0.0.tgz 5281ms (cache miss)
6634 http fetch GET 200 https://registry.npmjs.org/@typescript-eslint/project-service/-/project-service-8.62.1.tgz 5280ms (cache miss)
6635 http fetch GET 200 https://registry.npmjs.org/@nolyfill/is-core-module/-/is-core-module-1.0.39.tgz 5283ms (cache miss)
6636 http fetch GET 200 https://registry.npmjs.org/@typescript-eslint/tsconfig-utils/-/tsconfig-utils-8.62.1.tgz 5290ms (cache miss)
6637 http fetch GET 200 https://registry.npmjs.org/eslint-plugin-expo/-/eslint-plugin-expo-1.1.0.tgz 5345ms (cache miss)
6638 http fetch GET 200 https://registry.npmjs.org/@humanfs/types/-/types-0.15.0.tgz 5343ms (cache miss)
6639 http fetch GET 200 https://registry.npmjs.org/json-schema-traverse/-/json-schema-traverse-0.4.1.tgz 5341ms (cache miss)
6640 http fetch GET 200 https://registry.npmjs.org/@typescript-eslint/parser/-/parser-8.62.1.tgz 5345ms (cache miss)
6641 http fetch GET 200 https://registry.npmjs.org/@types/json-schema/-/json-schema-7.0.15.tgz 5340ms (cache miss)
6642 http fetch GET 200 https://registry.npmjs.org/levn/-/levn-0.4.1.tgz 5344ms (cache miss)
6643 http fetch GET 200 https://registry.npmjs.org/import-fresh/-/import-fresh-3.3.1.tgz 5350ms (cache miss)
6644 http fetch GET 200 https://registry.npmjs.org/optionator/-/optionator-0.9.4.tgz 5352ms (cache miss)
6645 http fetch GET 200 https://registry.npmjs.org/strip-json-comments/-/strip-json-comments-3.1.1.tgz 5376ms (cache miss)
6646 http fetch GET 200 https://registry.npmjs.org/metro-transform-worker/-/metro-transform-worker-0.83.3.tgz 5476ms (cache miss)
6647 http fetch GET 200 https://registry.npmjs.org/natural-compare/-/natural-compare-1.4.0.tgz 5401ms (cache miss)
6648 http fetch GET 200 https://registry.npmjs.org/json-stable-stringify-without-jsonify/-/json-stable-stringify-without-jsonify-1.0.1.tgz 5402ms (cache miss)
6649 http fetch GET 200 https://registry.npmjs.org/file-entry-cache/-/file-entry-cache-8.0.0.tgz 5402ms (cache miss)
6650 http fetch GET 200 https://registry.npmjs.org/@eslint/object-schema/-/object-schema-2.1.7.tgz 5415ms (cache miss)
6651 http fetch GET 200 https://registry.npmjs.org/glob-parent/-/glob-parent-6.0.2.tgz 5420ms (cache miss)
6652 http fetch GET 200 https://registry.npmjs.org/find-up/-/find-up-5.0.0.tgz 5429ms (cache miss)
6653 http fetch GET 200 https://registry.npmjs.org/esutils/-/esutils-2.0.3.tgz 5432ms (cache miss)
6654 http fetch GET 200 https://registry.npmjs.org/eslint-visitor-keys/-/eslint-visitor-keys-4.2.1.tgz 5434ms (cache miss)
6655 http fetch GET 200 https://registry.npmjs.org/@types/estree/-/estree-1.0.9.tgz 5454ms (cache miss)
6656 http fetch GET 200 https://registry.npmjs.org/@humanwhocodes/retry/-/retry-0.4.3.tgz 5458ms (cache miss)
6657 http fetch GET 200 https://registry.npmjs.org/@eslint/js/-/js-9.39.4.tgz 5514ms (cache miss)
6658 http fetch GET 200 https://registry.npmjs.org/@eslint/config-helpers/-/config-helpers-0.4.2.tgz 5532ms (cache miss)
6659 http fetch GET 200 https://registry.npmjs.org/standard-navigation/-/standard-navigation-0.0.7.tgz 5553ms (cache miss)
6660 http fetch GET 200 https://registry.npmjs.org/@humanwhocodes/module-importer/-/module-importer-1.0.1.tgz 5569ms (cache miss)
6661 http fetch GET 200 https://registry.npmjs.org/expo-symbols/-/expo-symbols-1.0.8.tgz 5635ms (cache miss)
6662 http fetch GET 200 https://registry.npmjs.org/is-symbol/-/is-symbol-1.1.1.tgz 5840ms (cache miss)
6663 http fetch GET 200 https://registry.npmjs.org/is-date-object/-/is-date-object-1.1.0.tgz 5841ms (cache miss)
6664 http fetch GET 200 https://registry.npmjs.org/scheduler/-/scheduler-0.26.0.tgz 5957ms (cache miss)
6665 http fetch GET 200 https://registry.npmjs.org/prop-types/-/prop-types-15.8.1.tgz 5899ms (cache miss)
6666 http fetch GET 200 https://registry.npmjs.org/globals/-/globals-14.0.0.tgz 5846ms (cache miss)
6667 http fetch GET 200 https://registry.npmjs.org/is-regex/-/is-regex-1.2.1.tgz 5931ms (cache miss)
6668 http fetch GET 200 https://registry.npmjs.org/flatted/-/flatted-3.4.2.tgz 6049ms (cache miss)
6669 http fetch GET 200 https://registry.npmjs.org/string.prototype.repeat/-/string.prototype.repeat-1.0.0.tgz 6065ms (cache miss)
6670 http fetch GET 200 https://registry.npmjs.org/whatwg-url-without-unicode/-/whatwg-url-without-unicode-8.0.0-3.tgz 6115ms (cache miss)
6671 http fetch GET 200 https://registry.npmjs.org/is-string/-/is-string-1.1.1.tgz 6084ms (cache miss)
6672 http fetch GET 200 https://registry.npmjs.org/@eslint/core/-/core-0.17.0.tgz 6047ms (cache miss)
6673 http fetch GET 200 https://registry.npmjs.org/is-negative-zero/-/is-negative-zero-2.0.3.tgz 6145ms (cache miss)
6674 http fetch GET 200 https://registry.npmjs.org/doctrine/-/doctrine-2.1.0.tgz 6168ms (cache miss)
6675 http fetch GET 200 https://registry.npmjs.org/get-tsconfig/-/get-tsconfig-4.14.0.tgz 6213ms (cache miss)
6676 http fetch GET 200 https://registry.npmjs.org/@typescript-eslint/visitor-keys/-/visitor-keys-8.62.1.tgz 6250ms (cache miss)
6677 http fetch GET 200 https://registry.npmjs.org/eslint-import-resolver-typescript/-/eslint-import-resolver-typescript-3.10.1.tgz 6258ms (cache miss)
6678 http fetch GET 200 https://registry.npmjs.org/metro-symbolicate/-/metro-symbolicate-0.83.3.tgz 6347ms (cache miss)
6679 http fetch GET 200 https://registry.npmjs.org/@humanfs/node/-/node-0.16.8.tgz 6259ms (cache miss)
6680 http fetch GET 200 https://registry.npmjs.org/strip-json-comments/-/strip-json-comments-2.0.1.tgz 6238ms (cache miss)
6681 http fetch GET 200 https://registry.npmjs.org/escape-string-regexp/-/escape-string-regexp-2.0.0.tgz 6235ms (cache miss)
6682 http fetch GET 200 https://registry.npmjs.org/camelcase/-/camelcase-5.3.1.tgz 6430ms (cache miss)
6683 http fetch GET 200 https://registry.npmjs.org/glob/-/glob-7.2.3.tgz 6540ms (cache miss)
6684 http fetch GET 200 https://registry.npmjs.org/webidl-conversions/-/webidl-conversions-5.0.0.tgz 6539ms (cache miss)
6685 http fetch GET 200 https://registry.npmjs.org/string.prototype.trim/-/string.prototype.trim-1.2.11.tgz 6655ms (cache miss)
6686 http fetch GET 200 https://registry.npmjs.org/eslint-plugin-react-hooks/-/eslint-plugin-react-hooks-5.2.0.tgz 6628ms (cache miss)
6687 http fetch GET 200 https://registry.npmjs.org/eslint-visitor-keys/-/eslint-visitor-keys-5.0.1.tgz 6619ms (cache miss)
6688 http fetch GET 200 https://registry.npmjs.org/resolve-from/-/resolve-from-4.0.0.tgz 6618ms (cache miss)
6689 http fetch GET 200 https://registry.npmjs.org/ts-api-utils/-/ts-api-utils-2.5.0.tgz 6708ms (cache miss)
6690 http fetch GET 200 https://registry.npmjs.org/glob/-/glob-7.2.3.tgz 6682ms (cache miss)
6691 http fetch GET 200 https://registry.npmjs.org/espree/-/espree-10.4.0.tgz 6734ms (cache miss)
6692 http fetch GET 200 https://registry.npmjs.org/uuid 6950ms (cache revalidated)
6693 silly packumentCache corgi:https://registry.npmjs.org/uuid set size:82973 disposed:false
6694 warn deprecated glob@7.2.3: Old versions of glob are not supported, and contain widely publicized security vulnerabilities, which have been fixed in the current version. Please update. Support for old versions may be purchased (at exorbitant rates) by contacting i@izs.me
6695 warn deprecated glob@7.2.3: Old versions of glob are not supported, and contain widely publicized security vulnerabilities, which have been fixed in the current version. Please update. Support for old versions may be purchased (at exorbitant rates) by contacting i@izs.me
6696 http fetch GET 200 https://registry.npmjs.org/array.prototype.findlast/-/array.prototype.findlast-1.2.5.tgz 6857ms (cache miss)
6697 http fetch GET 200 https://registry.npmjs.org/@expo/schema-utils/-/schema-utils-0.1.8.tgz 6887ms (cache miss)
6698 http fetch GET 200 https://registry.npmjs.org/object.entries/-/object.entries-1.1.9.tgz 6864ms (cache miss)
6699 http fetch GET 200 https://registry.npmjs.org/glob/-/glob-7.2.3.tgz 6862ms (cache miss)
6700 http fetch GET 200 https://registry.npmjs.org/string.prototype.trimend/-/string.prototype.trimend-1.0.10.tgz 6938ms (cache miss)
6701 http fetch GET 200 https://registry.npmjs.org/ignore/-/ignore-7.0.5.tgz 6889ms (cache miss)
6702 warn deprecated glob@7.2.3: Old versions of glob are not supported, and contain widely publicized security vulnerabilities, which have been fixed in the current version. Please update. Support for old versions may be purchased (at exorbitant rates) by contacting i@izs.me
6703 http fetch GET 200 https://registry.npmjs.org/es-abstract-get/-/es-abstract-get-1.0.0.tgz 7012ms (cache miss)
6704 http fetch GET 200 https://registry.npmjs.org/@humanfs/core/-/core-0.19.2.tgz 6979ms (cache miss)
6705 http fetch GET 200 https://registry.npmjs.org/@eslint-community/regexpp/-/regexpp-4.12.2.tgz 7011ms (cache miss)
6706 http fetch GET 200 https://registry.npmjs.org/@urql/core/-/core-5.2.0.tgz 7216ms (cache miss)
6707 http fetch GET 200 https://registry.npmjs.org/object.values/-/object.values-1.2.1.tgz 7062ms (cache miss)
6708 http fetch GET 200 https://registry.npmjs.org/array.prototype.flat/-/array.prototype.flat-1.3.3.tgz 7080ms (cache miss)
6709 http fetch GET 200 https://registry.npmjs.org/glob/-/glob-7.2.3.tgz 7007ms (cache miss)
6710 http fetch GET 200 https://registry.npmjs.org/metro-transform-plugins/-/metro-transform-plugins-0.83.3.tgz 7153ms (cache miss)
6711 http fetch GET 200 https://registry.npmjs.org/array-includes/-/array-includes-3.1.9.tgz 7092ms (cache miss)
6712 warn deprecated glob@7.2.3: Old versions of glob are not supported, and contain widely publicized security vulnerabilities, which have been fixed in the current version. Please update. Support for old versions may be purchased (at exorbitant rates) by contacting i@izs.me
6713 http fetch GET 200 https://registry.npmjs.org/@eslint/plugin-kit/-/plugin-kit-0.4.1.tgz 7097ms (cache miss)
6714 http fetch GET 200 https://registry.npmjs.org/@eslint-community/eslint-utils/-/eslint-utils-4.9.1.tgz 7120ms (cache miss)
6715 http fetch GET 200 https://registry.npmjs.org/@typescript-eslint/types/-/types-8.62.1.tgz 7180ms (cache miss)
6716 http fetch GET 200 https://registry.npmjs.org/globals/-/globals-16.5.0.tgz 7157ms (cache miss)
6717 http fetch GET 200 https://registry.npmjs.org/@expo/ws-tunnel/-/ws-tunnel-1.0.6.tgz 7408ms (cache miss)
6718 http fetch GET 200 https://registry.npmjs.org/qrcode-terminal/-/qrcode-terminal-0.11.0.tgz 7436ms (cache miss)
6719 http fetch GET 200 https://registry.npmjs.org/napi-postinstall/-/napi-postinstall-0.3.4.tgz 7419ms (cache miss)
6720 http fetch GET 200 https://registry.npmjs.org/chromium-edge-launcher/-/chromium-edge-launcher-0.2.0.tgz 7381ms (cache miss)
6721 http fetch GET 200 https://registry.npmjs.org/metro-runtime/-/metro-runtime-0.83.3.tgz 7367ms (cache miss)
6722 http fetch GET 200 https://registry.npmjs.org/es-to-primitive/-/es-to-primitive-1.3.4.tgz 7346ms (cache miss)
6723 http fetch GET 200 https://registry.npmjs.org/eslint-visitor-keys/-/eslint-visitor-keys-3.4.3.tgz 7271ms (cache miss)
6724 http fetch GET 200 https://registry.npmjs.org/object.assign/-/object.assign-4.1.7.tgz 7378ms (cache miss)
6725 http fetch GET 200 https://registry.npmjs.org/fast-json-stable-stringify/-/fast-json-stable-stringify-2.1.0.tgz 7384ms (cache miss)
6726 http fetch GET 200 https://registry.npmjs.org/eslint-scope/-/eslint-scope-8.4.0.tgz 7376ms (cache miss)
6727 http fetch GET 200 https://registry.npmjs.org/postcss 7605ms (cache miss)
6728 silly packumentCache corgi:https://registry.npmjs.org/postcss set size:undefined disposed:false
6729 http fetch GET 200 https://registry.npmjs.org/@unrs/resolver-binding-win32-x64-msvc/-/resolver-binding-win32-x64-msvc-1.12.2.tgz 7702ms (cache miss)
6730 http fetch GET 200 https://registry.npmjs.org/function.prototype.name/-/function.prototype.name-1.2.0.tgz 7638ms (cache miss)
6731 http fetch GET 200 https://registry.npmjs.org/json5/-/json5-1.0.2.tgz 7560ms (cache miss)
6732 http fetch GET 200 https://registry.npmjs.org/use-sync-external-store/-/use-sync-external-store-1.6.0.tgz 7620ms (cache miss)
6733 http fetch GET 200 https://registry.npmjs.org/hermes-estree/-/hermes-estree-0.32.0.tgz 7753ms (cache miss)
6734 silly packumentCache corgi:https://registry.npmjs.org/xcode cache-miss
6735 http fetch GET 200 https://registry.npmjs.org/node-exports-info/-/node-exports-info-1.6.2.tgz 7840ms (cache miss)
6736 http fetch GET 200 https://registry.npmjs.org/jest-haste-map/-/jest-haste-map-29.7.0.tgz 7869ms (cache miss)
6737 http fetch GET 200 https://registry.npmjs.org/eslint-config-expo/-/eslint-config-expo-10.0.0.tgz 7738ms (cache miss)
6738 http fetch GET 200 https://registry.npmjs.org/ws/-/ws-6.2.4.tgz 7810ms (cache miss)
6739 http fetch GET 200 https://registry.npmjs.org/@types/react/-/react-19.1.17.tgz 7877ms (cache miss)
6740 http fetch GET 200 https://registry.npmjs.org/expo-status-bar/-/expo-status-bar-3.0.9.tgz 7915ms (cache miss)
6741 http fetch GET 200 https://registry.npmjs.org/eslint-module-utils/-/eslint-module-utils-2.14.0.tgz 8065ms (cache miss)
6742 http fetch GET 200 https://registry.npmjs.org/ws/-/ws-6.2.4.tgz 7995ms (cache miss)
6743 http fetch GET 200 https://registry.npmjs.org/@eslint/config-array/-/config-array-0.21.2.tgz 8173ms (cache miss)
6744 http fetch GET 200 https://registry.npmjs.org/xcode 523ms (cache revalidated)
6745 silly packumentCache corgi:https://registry.npmjs.org/xcode set size:1850340 disposed:false
6746 silly packumentCache corgi:https://registry.npmjs.org/@expo%2fmetro-config cache-miss
6747 http fetch GET 200 https://registry.npmjs.org/esquery/-/esquery-1.7.0.tgz 8278ms (cache miss)
6748 http fetch GET 200 https://registry.npmjs.org/@expo/image-utils/-/image-utils-0.8.14.tgz 8594ms (cache miss)
6749 http fetch GET 200 https://registry.npmjs.org/object-inspect/-/object-inspect-1.13.4.tgz 8714ms (cache miss)
6750 http fetch GET 200 https://registry.npmjs.org/react/-/react-19.1.0.tgz 8734ms (cache miss)
6751 http fetch GET 200 https://registry.npmjs.org/hermes-estree/-/hermes-estree-0.29.1.tgz 8780ms (cache miss)
6752 http fetch GET 200 https://registry.npmjs.org/hermes-estree/-/hermes-estree-0.29.1.tgz 8792ms (cache miss)
6753 http fetch GET 200 https://registry.npmjs.org/metro-cache/-/metro-cache-0.83.3.tgz 8934ms (cache miss)
6754 http fetch GET 200 https://registry.npmjs.org/@expo%2fmetro-config 633ms (cache revalidated)
6755 silly packumentCache corgi:https://registry.npmjs.org/@expo%2fmetro-config set size:598533 disposed:false
6756 http fetch GET 200 https://registry.npmjs.org/hermes-estree/-/hermes-estree-0.29.1.tgz 8901ms (cache miss)
6757 silly packumentCache corgi:https://registry.npmjs.org/@expo%2fconfig-plugins cache-miss
6758 http fetch GET 200 https://registry.npmjs.org/@eslint/eslintrc/-/eslintrc-3.3.5.tgz 9651ms (cache miss)
6759 http fetch GET 200 https://registry.npmjs.org/@react-native/virtualized-lists/-/virtualized-lists-0.81.5.tgz 9612ms (cache miss)
6760 http fetch GET 200 https://registry.npmjs.org/babel-preset-expo/-/babel-preset-expo-54.0.11.tgz 9745ms (cache miss)
6761 http fetch GET 200 https://registry.npmjs.org/@expo%2fconfig-plugins 737ms (cache revalidated)
6762 silly packumentCache corgi:https://registry.npmjs.org/@expo%2fconfig-plugins set size:422771 disposed:false
6763 silly packumentCache corgi:https://registry.npmjs.org/expo cache-miss
6764 silly packumentCache corgi:https://registry.npmjs.org/@expo%2fcli cache-miss
6765 warn deprecated uuid@7.0.3: uuid@10 and below is no longer supported.  For ESM codebases, update to uuid@latest.  For CommonJS codebases, use uuid@11 (but be aware this version will likely be deprecated in 2028).
6766 http fetch GET 200 https://registry.npmjs.org/postcss/-/postcss-8.4.49.tgz 10045ms (cache miss)
6767 http fetch GET 200 https://registry.npmjs.org/@typescript-eslint/type-utils/-/type-utils-8.62.1.tgz 10037ms (cache miss)
6768 http fetch GET 200 https://registry.npmjs.org/expo 409ms (cache revalidated)
6769 silly packumentCache corgi:https://registry.npmjs.org/expo set size:1793636 disposed:false
6770 http fetch GET 200 https://registry.npmjs.org/@sinonjs/commons/-/commons-3.0.1.tgz 10525ms (cache miss)
6771 http fetch GET 200 https://registry.npmjs.org/@expo%2fcli 662ms (cache revalidated)
6772 silly packumentCache corgi:https://registry.npmjs.org/@expo%2fcli set size:1682409 disposed:false
6773 silly packumentCache corgi:https://registry.npmjs.org/@expo%2fconfig cache-miss
6774 silly packumentCache corgi:https://registry.npmjs.org/@expo%2fprebuild-config cache-miss
6775 http fetch GET 200 https://registry.npmjs.org/semver/-/semver-7.6.3.tgz 10819ms (cache miss)
6776 http fetch GET 200 https://registry.npmjs.org/semver/-/semver-7.7.2.tgz 10820ms (cache miss)
6777 http fetch GET 200 https://registry.npmjs.org/metro-config/-/metro-config-0.83.3.tgz 11025ms (cache miss)
6778 http fetch GET 200 https://registry.npmjs.org/@expo/config/-/config-12.0.13.tgz 11070ms (cache miss)
6779 http fetch GET 200 https://registry.npmjs.org/expo-constants/-/expo-constants-18.0.13.tgz 11031ms (cache miss)
6780 http fetch GET 200 https://registry.npmjs.org/@react-native/community-cli-plugin/-/community-cli-plugin-0.81.5.tgz 11218ms (cache miss)
6781 http fetch GET 200 https://registry.npmjs.org/metro-source-map/-/metro-source-map-0.83.3.tgz 11182ms (cache miss)
6782 http fetch GET 200 https://registry.npmjs.org/@expo/devtools/-/devtools-0.1.8.tgz 11178ms (cache miss)
6783 http fetch GET 200 https://registry.npmjs.org/@expo%2fprebuild-config 509ms (cache revalidated)
6784 silly packumentCache corgi:https://registry.npmjs.org/@expo%2fprebuild-config set size:395546 disposed:false
6785 http fetch GET 200 https://registry.npmjs.org/@expo%2fconfig 655ms (cache revalidated)
6786 silly packumentCache corgi:https://registry.npmjs.org/@expo%2fconfig set size:551551 disposed:false
6787 silly packumentCache corgi:https://registry.npmjs.org/expo-font cache-miss
6788 silly packumentCache corgi:https://registry.npmjs.org/expo-constants cache-miss
6789 silly packumentCache corgi:https://registry.npmjs.org/expo-haptics cache-miss
6790 silly packumentCache corgi:https://registry.npmjs.org/expo-image cache-miss
6791 silly packumentCache corgi:https://registry.npmjs.org/expo-router cache-miss
6792 silly packumentCache corgi:https://registry.npmjs.org/expo-splash-screen cache-miss
6793 silly packumentCache corgi:https://registry.npmjs.org/expo-symbols cache-miss
6794 silly packumentCache corgi:https://registry.npmjs.org/expo-system-ui cache-miss
6795 silly packumentCache corgi:https://registry.npmjs.org/expo-web-browser cache-miss
6796 silly packumentCache corgi:https://registry.npmjs.org/babel-preset-expo cache-miss
6797 silly packumentCache corgi:https://registry.npmjs.org/expo-asset cache-miss
6798 silly packumentCache corgi:https://registry.npmjs.org/expo-file-system cache-miss
6799 silly packumentCache corgi:https://registry.npmjs.org/expo-keep-awake cache-miss
6800 silly packumentCache corgi:https://registry.npmjs.org/@expo%2fmetro-runtime cache-miss
6801 http fetch GET 200 https://registry.npmjs.org/@react-navigation/routers/-/routers-7.6.0.tgz 11878ms (cache miss)
6802 http fetch GET 200 https://registry.npmjs.org/@react-native/dev-middleware/-/dev-middleware-0.81.5.tgz 12132ms (cache miss)
6803 http fetch GET 200 https://registry.npmjs.org/expo-font 567ms (cache revalidated)
6804 silly packumentCache corgi:https://registry.npmjs.org/expo-font set size:249168 disposed:false
6805 http fetch GET 200 https://registry.npmjs.org/expo-keep-awake 663ms (cache revalidated)
6806 silly packumentCache corgi:https://registry.npmjs.org/expo-keep-awake set size:195500 disposed:false
6807 http fetch GET 200 https://registry.npmjs.org/babel-preset-expo 712ms (cache revalidated)
6808 silly packumentCache corgi:https://registry.npmjs.org/babel-preset-expo set size:568509 disposed:false
6809 http fetch GET 200 https://registry.npmjs.org/metro-resolver/-/metro-resolver-0.83.3.tgz 12309ms (cache miss)
6810 http fetch GET 200 https://registry.npmjs.org/@expo%2fmetro-runtime 784ms (cache revalidated)
6811 silly packumentCache corgi:https://registry.npmjs.org/@expo%2fmetro-runtime set size:204144 disposed:false
6812 http fetch GET 200 https://registry.npmjs.org/expo-constants 811ms (cache revalidated)
6813 silly packumentCache corgi:https://registry.npmjs.org/expo-constants set size:298691 disposed:false
6814 http fetch GET 200 https://registry.npmjs.org/expo-symbols 863ms (cache revalidated)
6815 silly packumentCache corgi:https://registry.npmjs.org/expo-symbols set size:152513 disposed:false
6816 http fetch GET 200 https://registry.npmjs.org/expo-image 903ms (cache revalidated)
6817 silly packumentCache corgi:https://registry.npmjs.org/expo-image set size:238148 disposed:false
6818 http fetch GET 200 https://registry.npmjs.org/expo-system-ui 933ms (cache revalidated)
6819 silly packumentCache corgi:https://registry.npmjs.org/expo-system-ui set size:209264 disposed:false
6820 http fetch GET 200 https://registry.npmjs.org/expo-asset 959ms (cache revalidated)
6821 silly packumentCache corgi:https://registry.npmjs.org/expo-asset set size:313245 disposed:false
6822 http fetch GET 200 https://registry.npmjs.org/expo-splash-screen 1006ms (cache revalidated)
6823 silly packumentCache corgi:https://registry.npmjs.org/expo-splash-screen set size:289130 disposed:false
6824 http fetch GET 200 https://registry.npmjs.org/expo-web-browser 1062ms (cache revalidated)
6825 silly packumentCache corgi:https://registry.npmjs.org/expo-web-browser set size:213419 disposed:false
6826 http fetch GET 200 https://registry.npmjs.org/expo-file-system 1095ms (cache revalidated)
6827 silly packumentCache corgi:https://registry.npmjs.org/expo-file-system set size:298359 disposed:false
6828 http fetch GET 200 https://registry.npmjs.org/expo-router 1133ms (cache revalidated)
6829 silly packumentCache corgi:https://registry.npmjs.org/expo-router set size:962494 disposed:false
6830 http fetch GET 200 https://registry.npmjs.org/expo-haptics 1347ms (cache miss)
6831 silly packumentCache corgi:https://registry.npmjs.org/expo-haptics set size:undefined disposed:false
6832 http fetch GET 200 https://registry.npmjs.org/tsconfig-paths/-/tsconfig-paths-3.15.0.tgz 13471ms (cache miss)
6833 silly packumentCache corgi:https://registry.npmjs.org/expo-linking cache-miss
6834 http fetch GET 200 https://registry.npmjs.org/resolve/-/resolve-1.7.1.tgz 14049ms (cache miss)
6835 http fetch GET 200 https://registry.npmjs.org/expo-keep-awake/-/expo-keep-awake-15.0.8.tgz 14232ms (cache miss)
6836 http fetch GET 200 https://registry.npmjs.org/@typescript-eslint/typescript-estree/-/typescript-estree-8.62.1.tgz 14389ms (cache miss)
6837 http fetch GET 200 https://registry.npmjs.org/expo-linking 819ms (cache miss)
6838 silly packumentCache corgi:https://registry.npmjs.org/expo-linking set size:undefined disposed:false
6839 http fetch GET 200 https://registry.npmjs.org/expo-splash-screen/-/expo-splash-screen-31.0.13.tgz 14393ms (cache miss)
6840 http fetch GET 200 https://registry.npmjs.org/expo-haptics/-/expo-haptics-15.0.8.tgz 14473ms (cache miss)
6841 http fetch GET 200 https://registry.npmjs.org/react-dom/-/react-dom-19.1.0.tgz 14548ms (cache miss)
6842 http fetch GET 200 https://registry.npmjs.org/@typescript-eslint/utils/-/utils-8.62.1.tgz 14611ms (cache miss)
6843 http fetch GET 200 https://registry.npmjs.org/hermes-parser/-/hermes-parser-0.32.0.tgz 14713ms (cache miss)
6844 http fetch GET 200 https://registry.npmjs.org/metro-file-map/-/metro-file-map-0.83.3.tgz 14986ms (cache miss)
6845 http fetch GET 200 https://registry.npmjs.org/@react-navigation/native-stack/-/native-stack-7.17.9.tgz 15068ms (cache miss)
6846 http fetch GET 200 https://registry.npmjs.org/@expo/fingerprint/-/fingerprint-0.15.5.tgz 15075ms (cache miss)
6847 http fetch GET 200 https://registry.npmjs.org/ajv/-/ajv-6.15.0.tgz 15164ms (cache miss)
6848 http fetch GET 200 https://registry.npmjs.org/hermes-parser/-/hermes-parser-0.29.1.tgz 15170ms (cache miss)
6849 http fetch GET 200 https://registry.npmjs.org/expo-system-ui/-/expo-system-ui-6.0.9.tgz 15207ms (cache miss)
6850 http fetch GET 200 https://registry.npmjs.org/hermes-parser/-/hermes-parser-0.29.1.tgz 15190ms (cache miss)
6851 http fetch GET 200 https://registry.npmjs.org/hermes-parser/-/hermes-parser-0.29.1.tgz 15184ms (cache miss)
6852 http fetch GET 200 https://registry.npmjs.org/es-iterator-helpers/-/es-iterator-helpers-1.3.3.tgz 15400ms (cache miss)
6853 http fetch GET 200 https://registry.npmjs.org/expo-web-browser/-/expo-web-browser-15.0.11.tgz 15370ms (cache miss)
6854 http fetch GET 200 https://registry.npmjs.org/jsx-ast-utils/-/jsx-ast-utils-3.3.5.tgz 15566ms (cache miss)
6855 http fetch GET 200 https://registry.npmjs.org/resolve/-/resolve-2.0.0-next.7.tgz 15844ms (cache miss)
6856 http fetch GET 200 https://registry.npmjs.org/expo-linking/-/expo-linking-8.0.12.tgz 15788ms (cache miss)
6857 http fetch GET 200 https://registry.npmjs.org/eslint-plugin-import/-/eslint-plugin-import-2.32.0.tgz 16829ms (cache miss)
6858 http fetch GET 200 https://registry.npmjs.org/expo-font/-/expo-font-14.0.12.tgz 16968ms (cache miss)
6859 http fetch GET 200 https://registry.npmjs.org/expo-asset/-/expo-asset-12.0.13.tgz 17419ms (cache miss)
6860 http fetch GET 200 https://registry.npmjs.org/@expo/metro-config/-/metro-config-54.0.16.tgz 17740ms (cache miss)
6861 http fetch GET 200 https://registry.npmjs.org/undici/-/undici-6.27.0.tgz 18350ms (cache miss)
6862 http fetch GET 200 https://registry.npmjs.org/@expo/metro-runtime/-/metro-runtime-6.1.2.tgz 18254ms (cache miss)
6863 http fetch GET 200 https://registry.npmjs.org/@react-navigation/native/-/native-7.3.7.tgz 18204ms (cache miss)
6864 http fetch GET 200 https://registry.npmjs.org/@react-native/gradle-plugin/-/gradle-plugin-0.81.5.tgz 18382ms (cache miss)
6865 http fetch GET 200 https://registry.npmjs.org/@react-navigation/bottom-tabs/-/bottom-tabs-7.18.7.tgz 18470ms (cache miss)
6866 http fetch GET 200 https://registry.npmjs.org/expo-server/-/expo-server-1.0.7.tgz 18604ms (cache miss)
6867 http fetch GET 200 https://registry.npmjs.org/expo-file-system/-/expo-file-system-19.0.23.tgz 18785ms (cache miss)
6868 http fetch GET 200 https://registry.npmjs.org/react-native-safe-area-context/-/react-native-safe-area-context-5.6.2.tgz 18885ms (cache miss)
6869 http fetch GET 200 https://registry.npmjs.org/@expo/prebuild-config/-/prebuild-config-54.0.8.tgz 19128ms (cache miss)
6870 http fetch GET 200 https://registry.npmjs.org/@react-native/codegen/-/codegen-0.81.5.tgz 19192ms (cache miss)
6871 http fetch GET 200 https://registry.npmjs.org/sucrase/-/sucrase-3.35.1.tgz 19285ms (cache miss)
6872 http fetch GET 200 https://registry.npmjs.org/expo-modules-autolinking/-/expo-modules-autolinking-3.0.26.tgz 19628ms (cache miss)
6873 http fetch GET 200 https://registry.npmjs.org/tar/-/tar-7.5.19.tgz 20081ms (cache miss)
6874 http fetch GET 200 https://registry.npmjs.org/@react-navigation/elements/-/elements-2.9.29.tgz 20041ms (cache miss)
6875 http fetch GET 200 https://registry.npmjs.org/@expo/config-plugins/-/config-plugins-54.0.4.tgz 20195ms (cache miss)
6876 http fetch GET 200 https://registry.npmjs.org/@expo/vector-icons/-/vector-icons-15.1.1.tgz 20109ms (cache miss)
6877 http fetch GET 200 https://registry.npmjs.org/expo-image/-/expo-image-3.0.11.tgz 20581ms (cache miss)
6878 http fetch GET 200 https://registry.npmjs.org/@typescript-eslint/scope-manager/-/scope-manager-8.62.1.tgz 21279ms (cache miss)
6879 http fetch GET 200 https://registry.npmjs.org/expo/-/expo-54.0.35.tgz 21711ms (cache miss)
6880 http fetch GET 200 https://registry.npmjs.org/metro/-/metro-0.83.3.tgz 21857ms (cache miss)
6881 http fetch GET 200 https://registry.npmjs.org/eslint-plugin-react/-/eslint-plugin-react-7.37.5.tgz 21952ms (cache miss)
6882 http fetch GET 200 https://registry.npmjs.org/@react-navigation/core/-/core-7.21.5.tgz 21935ms (cache miss)
6883 http fetch GET 200 https://registry.npmjs.org/react-native-worklets/-/react-native-worklets-0.5.1.tgz 21974ms (cache miss)
6884 http fetch GET 200 https://registry.npmjs.org/@expo/metro/-/metro-54.2.0.tgz 22210ms (cache miss)
6885 http fetch GET 200 https://registry.npmjs.org/eslint/-/eslint-9.39.4.tgz 22474ms (cache miss)
6886 http fetch GET 200 https://registry.npmjs.org/@typescript-eslint/eslint-plugin/-/eslint-plugin-8.62.1.tgz 22784ms (cache miss)
6887 http fetch GET 200 https://registry.npmjs.org/expo-router/-/expo-router-6.0.24.tgz 25053ms (cache miss)
6888 http fetch GET 200 https://registry.npmjs.org/expo-modules-core/-/expo-modules-core-3.0.30.tgz 28116ms (cache miss)
6889 http fetch GET 200 https://registry.npmjs.org/@expo/cli/-/cli-54.0.25.tgz 28471ms (cache miss)
6890 http fetch GET 200 https://registry.npmjs.org/@react-native/debugger-frontend/-/debugger-frontend-0.81.5.tgz 28932ms (cache miss)
6891 http fetch GET 200 https://registry.npmjs.org/react-native-screens/-/react-native-screens-4.16.0.tgz 29156ms (cache miss)
6892 http fetch GET 200 https://registry.npmjs.org/react-native-gesture-handler/-/react-native-gesture-handler-2.28.0.tgz 29643ms (cache miss)
6893 http fetch GET 200 https://registry.npmjs.org/es-abstract/-/es-abstract-1.24.2.tgz 30385ms (cache miss)
6894 http fetch GET 200 https://registry.npmjs.org/react-native-reanimated/-/react-native-reanimated-4.1.7.tgz 32426ms (cache miss)
6895 http fetch GET 200 https://registry.npmjs.org/react-native/-/react-native-0.81.5.tgz 47442ms (cache miss)
6896 info run unrs-resolver@1.12.2 postinstall node_modules/unrs-resolver node postinstall.js
6897 info run unrs-resolver@1.12.2 postinstall { code: 0, signal: null }
6898 silly ADD node_modules/detect-node-es
6899 silly ADD node_modules/get-nonce
6900 silly ADD node_modules/use-sidecar
6901 silly ADD node_modules/use-callback-ref
6902 silly ADD node_modules/react-style-singleton
6903 silly ADD node_modules/react-remove-scroll-bar
6904 silly ADD node_modules/react-remove-scroll
6905 silly ADD node_modules/aria-hidden
6906 silly ADD node_modules/@radix-ui/react-focus-guards
6907 silly ADD node_modules/core-js-compat
6908 silly ADD node_modules/lodash.debounce
6909 silly ADD node_modules/@babel/helper-define-polyfill-provider
6910 silly ADD node_modules/@babel/helper-define-polyfill-provider/node_modules/resolve
6911 silly ADD node_modules/@babel/helper-wrap-function
6912 silly ADD node_modules/@babel/helper-remap-async-to-generator
6913 silly ADD node_modules/@react-native/babel-plugin-codegen
6914 silly ADD node_modules/@babel/plugin-transform-sticky-regex
6915 silly ADD node_modules/@babel/plugin-transform-spread
6916 silly ADD node_modules/@babel/plugin-transform-regenerator
6917 silly ADD node_modules/@babel/plugin-transform-react-jsx-source
6918 silly ADD node_modules/@babel/plugin-transform-react-jsx-self
6919 silly ADD node_modules/@babel/plugin-transform-optional-catch-binding
6920 silly ADD node_modules/@babel/plugin-transform-numeric-separator
6921 silly ADD node_modules/@babel/plugin-transform-named-capturing-groups-regex
6922 silly ADD node_modules/@babel/plugin-transform-logical-assignment-operators
6923 silly ADD node_modules/@babel/plugin-transform-literals
6924 silly ADD node_modules/@babel/plugin-transform-function-name
6925 silly ADD node_modules/@babel/plugin-transform-for-of
6926 silly ADD node_modules/@babel/plugin-transform-computed-properties
6927 silly ADD node_modules/@babel/plugin-transform-block-scoping
6928 silly ADD node_modules/@babel/plugin-transform-async-to-generator
6929 silly ADD node_modules/@babel/plugin-transform-async-generator-functions
6930 silly ADD node_modules/@babel/plugin-syntax-dynamic-import
6931 silly ADD node_modules/@babel/plugin-transform-react-pure-annotations
6932 silly ADD node_modules/@babel/plugin-transform-react-jsx-development
6933 silly ADD node_modules/@babel/plugin-transform-react-jsx
6934 silly ADD node_modules/@babel/plugin-transform-react-display-name
6935 silly ADD node_modules/babel-plugin-polyfill-regenerator
6936 silly ADD node_modules/babel-plugin-polyfill-corejs3
6937 silly ADD node_modules/babel-plugin-polyfill-corejs2
6938 silly ADD node_modules/@babel/plugin-transform-destructuring
6939 silly ADD node_modules/@babel/plugin-syntax-flow
6940 silly ADD node_modules/@babel/plugin-syntax-decorators
6941 silly ADD node_modules/babel-plugin-transform-flow-enums
6942 silly ADD node_modules/babel-plugin-react-native-web
6943 silly ADD node_modules/babel-plugin-react-compiler
6944 silly ADD node_modules/@react-native/babel-preset
6945 silly ADD node_modules/@babel/preset-react
6946 silly ADD node_modules/@babel/plugin-transform-runtime
6947 silly ADD node_modules/@babel/plugin-transform-private-property-in-object
6948 silly ADD node_modules/@babel/plugin-transform-private-methods
6949 silly ADD node_modules/@babel/plugin-transform-parameters
6950 silly ADD node_modules/@babel/plugin-transform-object-rest-spread
6951 silly ADD node_modules/@babel/plugin-transform-flow-strip-types
6952 silly ADD node_modules/@babel/plugin-transform-export-namespace-from
6953 silly ADD node_modules/@babel/plugin-transform-class-static-block
6954 silly ADD node_modules/@babel/plugin-syntax-export-default-from
6955 silly ADD node_modules/@babel/plugin-proposal-export-default-from
6956 silly ADD node_modules/@babel/plugin-proposal-decorators
6957 silly ADD node_modules/source-map-js
6958 silly ADD node_modules/lightningcss-win32-x64-msvc
6959 silly ADD node_modules/detect-libc
6960 silly ADD node_modules/postcss
6961 silly ADD node_modules/lightningcss
6962 silly ADD node_modules/define-lazy-prop
6963 silly ADD node_modules/clone
6964 silly ADD node_modules/defaults
6965 silly ADD node_modules/supports-hyperlinks
6966 silly ADD node_modules/ansi-escapes
6967 silly ADD node_modules/ansi-escapes/node_modules/type-fest
6968 silly ADD node_modules/minizlib
6969 silly ADD node_modules/chownr
6970 silly ADD node_modules/@isaacs/fs-minipass
6971 silly ADD node_modules/mimic-fn
6972 silly ADD node_modules/onetime
6973 silly ADD node_modules/ini
6974 silly ADD node_modules/deep-extend
6975 silly ADD node_modules/rc
6976 silly ADD node_modules/rc/node_modules/strip-json-comments
6977 silly ADD node_modules/nested-error-stacks
6978 silly ADD node_modules/sisteransi
6979 silly ADD node_modules/kleur
6980 silly ADD node_modules/restore-cursor
6981 silly ADD node_modules/wcwidth
6982 silly ADD node_modules/log-symbols
6983 silly ADD node_modules/log-symbols/node_modules/has-flag
6984 silly ADD node_modules/log-symbols/node_modules/color-name
6985 silly ADD node_modules/log-symbols/node_modules/color-convert
6986 silly ADD node_modules/log-symbols/node_modules/supports-color
6987 silly ADD node_modules/log-symbols/node_modules/escape-string-regexp
6988 silly ADD node_modules/log-symbols/node_modules/ansi-styles
6989 silly ADD node_modules/log-symbols/node_modules/chalk
6990 silly ADD node_modules/cli-spinners
6991 silly ADD node_modules/cli-cursor
6992 silly ADD node_modules/validate-npm-package-name
6993 silly ADD node_modules/proc-log
6994 silly ADD node_modules/hosted-git-info
6995 silly ADD node_modules/hosted-git-info/node_modules/lru-cache
6996 silly ADD node_modules/vary
6997 silly ADD node_modules/safe-buffer
6998 silly ADD node_modules/on-headers
6999 silly ADD node_modules/compressible
7000 silly ADD node_modules/bytes
7001 silly ADD node_modules/wonka
7002 silly ADD node_modules/@expo/sudo-prompt
7003 silly ADD node_modules/undici
7004 silly ADD node_modules/terminal-link
7005 silly ADD node_modules/tar
7006 silly ADD node_modules/tar/node_modules/yallist
7007 silly ADD node_modules/structured-headers
7008 silly ADD node_modules/resolve.exports
7009 silly ADD node_modules/requireg
7010 silly ADD node_modules/requireg/node_modules/resolve
7011 silly ADD node_modules/qrcode-terminal
7012 silly ADD node_modules/prompts
7013 silly ADD node_modules/progress
7014 silly ADD node_modules/pretty-bytes
7015 silly ADD node_modules/ora
7016 silly ADD node_modules/ora/node_modules/has-flag
7017 silly ADD node_modules/ora/node_modules/ansi-regex
7018 silly ADD node_modules/ora/node_modules/color-name
7019 silly ADD node_modules/ora/node_modules/color-convert
7020 silly ADD node_modules/ora/node_modules/supports-color
7021 silly ADD node_modules/ora/node_modules/escape-string-regexp
7022 silly ADD node_modules/ora/node_modules/ansi-styles
7023 silly ADD node_modules/ora/node_modules/strip-ansi
7024 silly ADD node_modules/ora/node_modules/chalk
7025 silly ADD node_modules/npm-package-arg
7026 silly ADD node_modules/npm-package-arg/node_modules/semver
7027 silly ADD node_modules/node-forge
7028 silly ADD node_modules/lan-network
7029 silly ADD node_modules/freeport-async
7030 silly ADD node_modules/env-editor
7031 silly ADD node_modules/compression
7032 silly ADD node_modules/compression/node_modules/ms
7033 silly ADD node_modules/compression/node_modules/negotiator
7034 silly ADD node_modules/compression/node_modules/debug
7035 silly ADD node_modules/better-opn
7036 silly ADD node_modules/better-opn/node_modules/open
7037 silly ADD node_modules/@urql/exchange-retry
7038 silly ADD node_modules/@urql/core
7039 silly ADD node_modules/@expo/xcpretty
7040 silly ADD node_modules/@expo/ws-tunnel
7041 silly ADD node_modules/@expo/package-manager
7042 silly ADD node_modules/@expo/package-manager/node_modules/@expo/json-file
7043 silly ADD node_modules/@expo/osascript
7044 silly ADD node_modules/@expo/devcert
7045 silly ADD node_modules/@expo/devcert/node_modules/debug
7046 silly ADD node_modules/@expo/code-signing-certificates
7047 silly ADD node_modules/@0no-co/graphql.web
7048 silly ADD node_modules/@radix-ui/react-use-callback-ref
7049 silly ADD node_modules/@radix-ui/react-use-effect-event
7050 silly ADD node_modules/@radix-ui/react-use-layout-effect
7051 silly ADD node_modules/@radix-ui/react-use-controllable-state
7052 silly ADD node_modules/@radix-ui/react-id
7053 silly ADD node_modules/@radix-ui/react-direction
7054 silly ADD node_modules/@radix-ui/react-context
7055 silly ADD node_modules/@radix-ui/primitive
7056 silly ADD node_modules/async-limiter
7057 silly ADD node_modules/wrappy
7058 silly ADD node_modules/path-is-absolute
7059 silly ADD node_modules/once
7060 silly ADD node_modules/inflight
7061 silly ADD node_modules/fs.realpath
7062 silly ADD node_modules/p-try
7063 silly ADD node_modules/sprintf-js
7064 silly ADD node_modules/esprima
7065 silly ADD node_modules/@babel/highlight
7066 silly ADD node_modules/@babel/highlight/node_modules/has-flag
7067 silly ADD node_modules/@babel/highlight/node_modules/color-name
7068 silly ADD node_modules/@babel/highlight/node_modules/color-convert
7069 silly ADD node_modules/@babel/highlight/node_modules/supports-color
7070 silly ADD node_modules/@babel/highlight/node_modules/escape-string-regexp
7071 silly ADD node_modules/@babel/highlight/node_modules/ansi-styles
7072 silly ADD node_modules/@babel/highlight/node_modules/chalk
7073 silly ADD node_modules/is-fullwidth-code-point
7074 silly ADD node_modules/emoji-regex
7075 silly ADD node_modules/wrap-ansi
7076 silly ADD node_modules/strip-ansi
7077 silly ADD node_modules/yargs-parser
7078 silly ADD node_modules/y18n
7079 silly ADD node_modules/string-width
7080 silly ADD node_modules/require-directory
7081 silly ADD node_modules/get-caller-file
7082 silly ADD node_modules/cliui
7083 silly ADD node_modules/sax
7084 silly ADD node_modules/big-integer
7085 silly ADD node_modules/stream-buffers
7086 silly ADD node_modules/plist
7087 silly ADD node_modules/plist/node_modules/@xmldom/xmldom
7088 silly ADD node_modules/bplist-parser
7089 silly ADD node_modules/bplist-creator
7090 silly ADD node_modules/uuid
7091 silly ADD node_modules/simple-plist
7092 silly ADD node_modules/signal-exit
7093 silly ADD node_modules/is-weakset
7094 silly ADD node_modules/is-weakmap
7095 silly ADD node_modules/is-map
7096 silly ADD node_modules/generator-function
7097 silly ADD node_modules/async-function
7098 silly ADD node_modules/which-collection
7099 silly ADD node_modules/is-generator-function
7100 silly ADD node_modules/is-finalizationregistry
7101 silly ADD node_modules/is-async-function
7102 silly ADD node_modules/is-number-object
7103 silly ADD node_modules/is-boolean-object
7104 silly ADD node_modules/is-bigint
7105 silly ADD node_modules/isexe
7106 silly ADD node_modules/ieee754
7107 silly ADD node_modules/buffer
7108 silly ADD node_modules/webidl-conversions
7109 silly ADD node_modules/tr46
7110 silly ADD node_modules/tmpl
7111 silly ADD node_modules/makeerror
7112 silly ADD node_modules/punycode
7113 silly ADD node_modules/escalade
7114 silly ADD node_modules/tslib
7115 silly ADD node_modules/napi-postinstall
7116 silly ADD node_modules/@unrs/resolver-binding-win32-x64-msvc
7117 silly ADD node_modules/unicode-property-aliases-ecmascript
7118 silly ADD node_modules/unicode-canonical-property-names-ecmascript
7119 silly ADD node_modules/which-boxed-primitive
7120 silly ADD node_modules/has-bigints
7121 silly ADD node_modules/which-builtin-type
7122 silly ADD node_modules/reflect.getprototypeof
7123 silly ADD node_modules/for-each
7124 silly ADD node_modules/strip-bom
7125 silly ADD node_modules/minimist
7126 silly ADD node_modules/@types/json5
7127 silly ADD node_modules/is-number
7128 silly ADD node_modules/thenify
7129 silly ADD node_modules/buffer-from
7130 silly ADD node_modules/source-map-support
7131 silly ADD node_modules/source-map-support/node_modules/source-map
7132 silly ADD node_modules/@jridgewell/source-map
7133 silly ADD node_modules/has-flag
7134 silly ADD node_modules/thenify-all
7135 silly ADD node_modules/any-promise
7136 silly ADD node_modules/ts-interface-checker
7137 silly ADD node_modules/mz
7138 silly ADD node_modules/lines-and-columns
7139 silly ADD node_modules/type-fest
7140 silly ADD node_modules/is-arrayish
7141 silly ADD node_modules/side-channel-weakmap
7142 silly ADD node_modules/side-channel-map
7143 silly ADD node_modules/side-channel-list
7144 silly ADD node_modules/shebang-regex
7145 silly ADD node_modules/toidentifier
7146 silly ADD node_modules/setprototypeof
7147 silly ADD node_modules/range-parser
7148 silly ADD node_modules/mime
7149 silly ADD node_modules/http-errors
7150 silly ADD node_modules/http-errors/node_modules/statuses
7151 silly ADD node_modules/fresh
7152 silly ADD node_modules/etag
7153 silly ADD node_modules/destroy
7154 silly ADD node_modules/depd
7155 silly ADD node_modules/send
7156 silly ADD node_modules/send/node_modules/statuses
7157 silly ADD node_modules/send/node_modules/on-finished
7158 silly ADD node_modules/send/node_modules/encodeurl
7159 silly ADD node_modules/send/node_modules/debug
7160 silly ADD node_modules/send/node_modules/debug/node_modules/ms
7161 silly ADD node_modules/isarray
7162 silly ADD node_modules/supports-preserve-symlinks-flag
7163 silly ADD node_modules/path-parse
7164 silly ADD node_modules/node-exports-info
7165 silly ADD node_modules/unicode-match-property-value-ecmascript
7166 silly ADD node_modules/unicode-match-property-ecmascript
7167 silly ADD node_modules/regjsparser
7168 silly ADD node_modules/regjsgen
7169 silly ADD node_modules/regenerate-unicode-properties
7170 silly ADD node_modules/regenerate
7171 silly ADD node_modules/@babel/plugin-syntax-typescript
7172 silly ADD node_modules/@babel/plugin-transform-typescript
7173 silly ADD node_modules/@babel/plugin-syntax-jsx
7174 silly ADD node_modules/regexpu-core
7175 silly ADD node_modules/@babel/helper-create-regexp-features-plugin
7176 silly ADD node_modules/@babel/helper-skip-transparent-expression-wrappers
7177 silly ADD node_modules/@babel/helper-replace-supers
7178 silly ADD node_modules/@babel/helper-optimise-call-expression
7179 silly ADD node_modules/@babel/helper-member-expression-to-functions
7180 silly ADD node_modules/@babel/helper-annotate-as-pure
7181 silly ADD node_modules/@babel/helper-create-class-features-plugin
7182 silly ADD node_modules/@babel/preset-typescript
7183 silly ADD node_modules/@babel/plugin-transform-unicode-regex
7184 silly ADD node_modules/@babel/plugin-transform-template-literals
7185 silly ADD node_modules/@babel/plugin-transform-shorthand-properties
7186 silly ADD node_modules/@babel/plugin-transform-optional-chaining
7187 silly ADD node_modules/@babel/plugin-transform-nullish-coalescing-operator
7188 silly ADD node_modules/@babel/plugin-transform-classes
7189 silly ADD node_modules/@babel/plugin-transform-class-properties
7190 silly ADD node_modules/@babel/plugin-transform-arrow-functions
7191 silly ADD node_modules/whatwg-url
7192 silly ADD node_modules/hyphenate-style-name
7193 silly ADD node_modules/css-in-js-utils
7194 silly ADD node_modules/node-fetch
7195 silly ADD node_modules/ua-parser-js
7196 silly ADD node_modules/setimmediate
7197 silly ADD node_modules/fbjs-css-vars
7198 silly ADD node_modules/cross-fetch
7199 silly ADD node_modules/styleq
7200 silly ADD node_modules/postcss-value-parser
7201 silly ADD node_modules/inline-style-prefixer
7202 silly ADD node_modules/fbjs
7203 silly ADD node_modules/fbjs/node_modules/promise
7204 silly ADD node_modules/react-freeze
7205 silly ADD node_modules/@types/hammerjs
7206 silly ADD node_modules/hoist-non-react-statics
7207 silly ADD node_modules/hoist-non-react-statics/node_modules/react-is
7208 silly ADD node_modules/@egjs/hammerjs
7209 silly ADD node_modules/shell-quote
7210 silly ADD node_modules/asap
7211 silly ADD node_modules/marky
7212 silly ADD node_modules/stack-utils
7213 silly ADD node_modules/stack-utils/node_modules/escape-string-regexp
7214 silly ADD node_modules/@types/stack-utils
7215 silly ADD node_modules/normalize-path
7216 silly ADD node_modules/anymatch
7217 silly ADD node_modules/@types/graceful-fs
7218 silly ADD node_modules/type-detect
7219 silly ADD node_modules/@sinonjs/commons
7220 silly ADD node_modules/jest-message-util
7221 silly ADD node_modules/@sinonjs/fake-timers
7222 silly ADD node_modules/jest-mock
7223 silly ADD node_modules/@jest/fake-timers
7224 silly ADD node_modules/@jest/environment
7225 silly ADD node_modules/istanbul-lib-coverage
7226 silly ADD node_modules/is-docker
7227 silly ADD node_modules/rimraf
7228 silly ADD node_modules/rimraf/node_modules/glob
7229 silly ADD node_modules/mkdirp
7230 silly ADD node_modules/lighthouse-logger
7231 silly ADD node_modules/lighthouse-logger/node_modules/ms
7232 silly ADD node_modules/lighthouse-logger/node_modules/debug
7233 silly ADD node_modules/is-wsl
7234 silly ADD node_modules/@babel/plugin-syntax-top-level-await
7235 silly ADD node_modules/@babel/plugin-syntax-private-property-in-object
7236 silly ADD node_modules/@babel/plugin-syntax-optional-chaining
7237 silly ADD node_modules/@babel/plugin-syntax-optional-catch-binding
7238 silly ADD node_modules/@babel/plugin-syntax-object-rest-spread
7239 silly ADD node_modules/@babel/plugin-syntax-numeric-separator
7240 silly ADD node_modules/@babel/plugin-syntax-nullish-coalescing-operator
7241 silly ADD node_modules/@babel/plugin-syntax-logical-assignment-operators
7242 silly ADD node_modules/@babel/plugin-syntax-json-strings
7243 silly ADD node_modules/@babel/plugin-syntax-import-meta
7244 silly ADD node_modules/@babel/plugin-syntax-import-attributes
7245 silly ADD node_modules/@babel/plugin-syntax-class-static-block
7246 silly ADD node_modules/@babel/plugin-syntax-class-properties
7247 silly ADD node_modules/@babel/plugin-syntax-bigint
7248 silly ADD node_modules/@babel/plugin-syntax-async-generators
7249 silly ADD node_modules/babel-preset-current-node-syntax
7250 silly ADD node_modules/babel-plugin-jest-hoist
7251 silly ADD node_modules/get-package-type
7252 silly ADD node_modules/test-exclude
7253 silly ADD node_modules/test-exclude/node_modules/glob
7254 silly ADD node_modules/istanbul-lib-instrument
7255 silly ADD node_modules/@istanbuljs/schema
7256 silly ADD node_modules/@istanbuljs/load-nyc-config
7257 silly ADD node_modules/@istanbuljs/load-nyc-config/node_modules/p-limit
7258 silly ADD node_modules/@istanbuljs/load-nyc-config/node_modules/p-locate
7259 silly ADD node_modules/@istanbuljs/load-nyc-config/node_modules/argparse
7260 silly ADD node_modules/@istanbuljs/load-nyc-config/node_modules/locate-path
7261 silly ADD node_modules/@istanbuljs/load-nyc-config/node_modules/js-yaml
7262 silly ADD node_modules/@istanbuljs/load-nyc-config/node_modules/find-up
7263 silly ADD node_modules/@istanbuljs/load-nyc-config/node_modules/camelcase
7264 silly ADD node_modules/@types/babel__traverse
7265 silly ADD node_modules/@types/babel__template
7266 silly ADD node_modules/@types/babel__generator
7267 silly ADD node_modules/write-file-atomic
7268 silly ADD node_modules/pirates
7269 silly ADD node_modules/jest-regex-util
7270 silly ADD node_modules/jest-haste-map
7271 silly ADD node_modules/babel-preset-jest
7272 silly ADD node_modules/babel-plugin-istanbul
7273 silly ADD node_modules/@types/babel__core
7274 silly ADD node_modules/@jest/transform
7275 silly ADD node_modules/event-target-shim
7276 silly ADD node_modules/serve-static
7277 silly ADD node_modules/serve-static/node_modules/encodeurl
7278 silly ADD node_modules/open
7279 silly ADD node_modules/chromium-edge-launcher
7280 silly ADD node_modules/chrome-launcher
7281 silly ADD node_modules/@react-native/debugger-frontend
7282 silly ADD node_modules/@isaacs/ttlcache
7283 silly ADD node_modules/@react-native/dev-middleware
7284 silly ADD node_modules/@react-native/dev-middleware/node_modules/ws
7285 silly ADD node_modules/regenerator-runtime
7286 silly ADD node_modules/react-devtools-core
7287 silly ADD node_modules/promise
7288 silly ADD node_modules/memoize-one
7289 silly ADD node_modules/jest-environment-node
7290 silly ADD node_modules/babel-plugin-syntax-hermes-parser
7291 silly ADD node_modules/babel-plugin-syntax-hermes-parser/node_modules/hermes-estree
7292 silly ADD node_modules/babel-plugin-syntax-hermes-parser/node_modules/hermes-parser
7293 silly ADD node_modules/babel-jest
7294 silly ADD node_modules/ansi-regex
7295 silly ADD node_modules/abort-controller
7296 silly ADD node_modules/@react-native/js-polyfills
7297 silly ADD node_modules/@react-native/gradle-plugin
7298 silly ADD node_modules/@react-native/community-cli-plugin
7299 silly ADD node_modules/@react-native/community-cli-plugin/node_modules/semver
7300 silly ADD node_modules/@react-native/codegen
7301 silly ADD node_modules/@react-native/codegen/node_modules/hermes-estree
7302 silly ADD node_modules/@react-native/codegen/node_modules/hermes-parser
7303 silly ADD node_modules/@react-native/codegen/node_modules/glob
7304 silly ADD node_modules/@react-native/assets-registry
7305 silly ADD node_modules/@jest/create-cache-key-function
7306 silly ADD node_modules/scheduler
7307 silly ADD node_modules/inherits
7308 silly ADD node_modules/strict-uri-encode
7309 silly ADD node_modules/split-on-first
7310 silly ADD node_modules/filter-obj
7311 silly ADD node_modules/decode-uri-component
7312 silly ADD node_modules/object-assign
7313 silly ADD node_modules/pngjs
7314 silly ADD node_modules/callsites
7315 silly ADD node_modules/yocto-queue
7316 silly ADD node_modules/word-wrap
7317 silly ADD node_modules/fast-levenshtein
7318 silly ADD node_modules/deep-is
7319 silly ADD node_modules/ee-first
7320 silly ADD node_modules/concat-map
7321 silly ADD node_modules/balanced-match
7322 silly ADD node_modules/brace-expansion
7323 silly ADD node_modules/mime-db
7324 silly ADD node_modules/to-regex-range
7325 silly ADD node_modules/fill-range
7326 silly ADD node_modules/braces
7327 silly ADD node_modules/vlq
7328 silly ADD node_modules/ob1
7329 silly ADD node_modules/@babel/traverse--for-generate-function-map
7330 silly ADD node_modules/terser
7331 silly ADD node_modules/terser/node_modules/commander
7332 silly ADD node_modules/node-int64
7333 silly ADD node_modules/bser
7334 silly ADD node_modules/walker
7335 silly ADD node_modules/micromatch
7336 silly ADD node_modules/fb-watchman
7337 silly ADD node_modules/leven
7338 silly ADD node_modules/jest-get-type
7339 silly ADD node_modules/camelcase
7340 silly ADD node_modules/yaml
7341 silly ADD node_modules/jest-validate
7342 silly ADD node_modules/agent-base
7343 silly ADD node_modules/https-proxy-agent
7344 silly ADD node_modules/exponential-backoff
7345 silly ADD node_modules/@types/yargs-parser
7346 silly ADD node_modules/@types/istanbul-lib-report
7347 silly ADD node_modules/@sinclair/typebox
7348 silly ADD node_modules/@types/yargs
7349 silly ADD node_modules/@types/istanbul-reports
7350 silly ADD node_modules/@types/istanbul-lib-coverage
7351 silly ADD node_modules/@jest/schemas
7352 silly ADD node_modules/picomatch
7353 silly ADD node_modules/@jest/types
7354 silly ADD node_modules/undici-types
7355 silly ADD node_modules/merge-stream
7356 silly ADD node_modules/jest-util
7357 silly ADD node_modules/jest-util/node_modules/ci-info
7358 silly ADD node_modules/@types/node
7359 silly ADD node_modules/queue
7360 silly ADD node_modules/hermes-estree
7361 silly ADD node_modules/unpipe
7362 silly ADD node_modules/statuses
7363 silly ADD node_modules/on-finished
7364 silly ADD node_modules/escape-html
7365 silly ADD node_modules/encodeurl
7366 silly ADD node_modules/stackframe
7367 silly ADD node_modules/utils-merge
7368 silly ADD node_modules/parseurl
7369 silly ADD node_modules/finalhandler
7370 silly ADD node_modules/finalhandler/node_modules/ms
7371 silly ADD node_modules/finalhandler/node_modules/debug
7372 silly ADD node_modules/negotiator
7373 silly ADD node_modules/yargs
7374 silly ADD node_modules/ws
7375 silly ADD node_modules/throat
7376 silly ADD node_modules/source-map
7377 silly ADD node_modules/serialize-error
7378 silly ADD node_modules/nullthrows
7379 silly ADD node_modules/mime-types
7380 silly ADD node_modules/lodash.throttle
7381 silly ADD node_modules/jsc-safe-url
7382 silly ADD node_modules/jest-worker
7383 silly ADD node_modules/jest-worker/node_modules/supports-color
7384 silly ADD node_modules/image-size
7385 silly ADD node_modules/hermes-parser
7386 silly ADD node_modules/graceful-fs
7387 silly ADD node_modules/flow-enums-runtime
7388 silly ADD node_modules/error-stack-parser
7389 silly ADD node_modules/connect
7390 silly ADD node_modules/connect/node_modules/ms
7391 silly ADD node_modules/connect/node_modules/debug
7392 silly ADD node_modules/ci-info
7393 silly ADD node_modules/accepts
7394 silly ADD node_modules/yallist
7395 silly ADD node_modules/p-locate
7396 silly ADD node_modules/type-check
7397 silly ADD node_modules/prelude-ls
7398 silly ADD node_modules/json-buffer
7399 silly ADD node_modules/argparse
7400 silly ADD node_modules/set-function-name
7401 silly ADD node_modules/is-extglob
7402 silly ADD node_modules/loose-envify
7403 silly ADD node_modules/side-channel
7404 silly ADD node_modules/parent-module
7405 silly ADD node_modules/path-scurry
7406 silly ADD node_modules/path-scurry/node_modules/lru-cache
7407 silly ADD node_modules/minipass
7408 silly ADD node_modules/resolve-pkg-maps
7409 silly ADD node_modules/dunder-proto
7410 silly ADD node_modules/is-document.all
7411 silly ADD node_modules/functions-have-names
7412 silly ADD node_modules/keyv
7413 silly ADD node_modules/flatted
7414 silly ADD node_modules/path-exists
7415 silly ADD node_modules/locate-path
7416 silly ADD node_modules/flat-cache
7417 silly ADD node_modules/@babel/helper-plugin-utils
7418 silly ADD node_modules/@babel/plugin-transform-modules-commonjs
7419 silly ADD node_modules/parse-png
7420 silly ADD node_modules/jimp-compact
7421 silly ADD node_modules/@expo/require-utils
7422 silly ADD node_modules/@react-native/normalize-colors
7423 silly ADD node_modules/@expo/image-utils
7424 silly ADD node_modules/@expo/image-utils/node_modules/semver
7425 silly ADD node_modules/@expo/prebuild-config
7426 silly ADD node_modules/@expo/prebuild-config/node_modules/semver
7427 silly ADD node_modules/warn-once
7428 silly ADD node_modules/@radix-ui/react-compose-refs
7429 silly ADD node_modules/whatwg-fetch
7430 silly ADD node_modules/stacktrace-parser
7431 silly ADD node_modules/anser
7432 silly ADD node_modules/vaul
7433 silly ADD node_modules/vaul/node_modules/@radix-ui/react-slot
7434 silly ADD node_modules/vaul/node_modules/@radix-ui/react-primitive
7435 silly ADD node_modules/vaul/node_modules/@radix-ui/react-presence
7436 silly ADD node_modules/vaul/node_modules/@radix-ui/react-portal
7437 silly ADD node_modules/vaul/node_modules/@radix-ui/react-focus-scope
7438 silly ADD node_modules/vaul/node_modules/@radix-ui/react-dismissable-layer
7439 silly ADD node_modules/vaul/node_modules/@radix-ui/react-compose-refs
7440 silly ADD node_modules/vaul/node_modules/@radix-ui/react-dialog
7441 silly ADD node_modules/shallowequal
7442 silly ADD node_modules/server-only
7443 silly ADD node_modules/react-native-is-edge-to-edge
7444 silly ADD node_modules/react-fast-compare
7445 silly ADD node_modules/expo-server
7446 silly ADD node_modules/client-only
7447 silly ADD node_modules/@react-navigation/native-stack
7448 silly ADD node_modules/@radix-ui/react-slot
7449 silly ADD node_modules/@expo/schema-utils
7450 silly ADD node_modules/@expo/metro-runtime
7451 silly ADD node_modules/commander
7452 silly ADD node_modules/invariant
7453 silly ADD node_modules/fontfaceobserver
7454 silly ADD node_modules/dotenv-expand
7455 silly ADD node_modules/dotenv
7456 silly ADD node_modules/@expo/env
7457 silly ADD node_modules/xmlbuilder
7458 silly ADD node_modules/base64-js
7459 silly ADD node_modules/@xmldom/xmldom
7460 silly ADD node_modules/metro-transform-worker
7461 silly ADD node_modules/metro-transform-plugins
7462 silly ADD node_modules/metro-symbolicate
7463 silly ADD node_modules/metro-source-map
7464 silly ADD node_modules/metro-runtime
7465 silly ADD node_modules/metro-resolver
7466 silly ADD node_modules/metro-minify-terser
7467 silly ADD node_modules/metro-file-map
7468 silly ADD node_modules/metro-core
7469 silly ADD node_modules/metro-config
7470 silly ADD node_modules/metro-cache-key
7471 silly ADD node_modules/metro-cache
7472 silly ADD node_modules/metro-babel-transformer
7473 silly ADD node_modules/metro
7474 silly ADD node_modules/p-limit
7475 silly ADD node_modules/arg
7476 silly ADD node_modules/@expo/spawn-async
7477 silly ADD node_modules/xml2js
7478 silly ADD node_modules/xml2js/node_modules/xmlbuilder
7479 silly ADD node_modules/xcode
7480 silly ADD node_modules/slash
7481 silly ADD node_modules/@expo/sdk-runtime-versions
7482 silly ADD node_modules/@expo/plist
7483 silly ADD node_modules/sucrase
7484 silly ADD node_modules/sucrase/node_modules/commander
7485 silly ADD node_modules/slugify
7486 silly ADD node_modules/resolve-workspace-root
7487 silly ADD node_modules/resolve-from
7488 silly ADD node_modules/require-from-string
7489 silly ADD node_modules/glob
7490 silly ADD node_modules/glob/node_modules/balanced-match
7491 silly ADD node_modules/glob/node_modules/brace-expansion
7492 silly ADD node_modules/glob/node_modules/minimatch
7493 silly ADD node_modules/getenv
7494 silly ADD node_modules/deepmerge
7495 silly ADD node_modules/@expo/json-file
7496 silly ADD node_modules/@expo/config-types
7497 silly ADD node_modules/whatwg-url-without-unicode
7498 silly ADD node_modules/whatwg-url-without-unicode/node_modules/webidl-conversions
7499 silly ADD node_modules/pretty-format
7500 silly ADD node_modules/pretty-format/node_modules/react-is
7501 silly ADD node_modules/pretty-format/node_modules/ansi-styles
7502 silly ADD node_modules/expo-modules-core
7503 silly ADD node_modules/expo-modules-autolinking
7504 silly ADD node_modules/react-refresh
7505 silly ADD node_modules/@ungap/structured-clone
7506 silly ADD node_modules/@expo/metro
7507 silly ADD node_modules/@expo/fingerprint
7508 silly ADD node_modules/@expo/fingerprint/node_modules/balanced-match
7509 silly ADD node_modules/@expo/fingerprint/node_modules/brace-expansion
7510 silly ADD node_modules/@expo/fingerprint/node_modules/semver
7511 silly ADD node_modules/@expo/fingerprint/node_modules/minimatch
7512 silly ADD node_modules/@expo/devtools
7513 silly ADD node_modules/@expo/config-plugins
7514 silly ADD node_modules/@expo/config-plugins/node_modules/@babel/code-frame
7515 silly ADD node_modules/@expo/config-plugins/node_modules/semver
7516 silly ADD node_modules/@expo/config-plugins/node_modules/@expo/json-file
7517 silly ADD node_modules/@expo/config
7518 silly ADD node_modules/@expo/config/node_modules/semver
7519 silly ADD node_modules/@expo/config/node_modules/@babel/code-frame
7520 silly ADD node_modules/@babel/runtime
7521 silly ADD node_modules/acorn-jsx
7522 silly ADD node_modules/acorn
7523 silly ADD node_modules/esrecurse
7524 silly ADD node_modules/iterator.prototype
7525 silly ADD node_modules/string.prototype.repeat
7526 silly ADD node_modules/string.prototype.matchall
7527 silly ADD node_modules/prop-types
7528 silly ADD node_modules/prop-types/node_modules/react-is
7529 silly ADD node_modules/object.entries
7530 silly ADD node_modules/jsx-ast-utils
7531 silly ADD node_modules/estraverse
7532 silly ADD node_modules/es-iterator-helpers
7533 silly ADD node_modules/array.prototype.tosorted
7534 silly ADD node_modules/array.prototype.findlast
7535 silly ADD node_modules/resolve
7536 silly ADD node_modules/is-symbol
7537 silly ADD node_modules/is-date-object
7538 silly ADD node_modules/es-abstract-get
7539 silly ADD node_modules/has-tostringtag
7540 silly ADD node_modules/possible-typed-array-names
7541 silly ADD node_modules/which-typed-array
7542 silly ADD node_modules/unbox-primitive
7543 silly ADD node_modules/typed-array-length
7544 silly ADD node_modules/typed-array-byte-offset
7545 silly ADD node_modules/typed-array-byte-length
7546 silly ADD node_modules/typed-array-buffer
7547 silly ADD node_modules/string.prototype.trimstart
7548 silly ADD node_modules/string.prototype.trim
7549 silly ADD node_modules/stop-iteration-iterator
7550 silly ADD node_modules/set-proto
7551 silly ADD node_modules/safe-regex-test
7552 silly ADD node_modules/safe-push-apply
7553 silly ADD node_modules/safe-array-concat
7554 silly ADD node_modules/regexp.prototype.flags
7555 silly ADD node_modules/own-keys
7556 silly ADD node_modules/object.assign
7557 silly ADD node_modules/object-inspect
7558 silly ADD node_modules/is-weakref
7559 silly ADD node_modules/is-typed-array
7560 silly ADD node_modules/is-shared-array-buffer
7561 silly ADD node_modules/is-set
7562 silly ADD node_modules/is-regex
7563 silly ADD node_modules/is-negative-zero
7564 silly ADD node_modules/is-data-view
7565 silly ADD node_modules/is-callable
7566 silly ADD node_modules/is-array-buffer
7567 silly ADD node_modules/internal-slot
7568 silly ADD node_modules/has-symbols
7569 silly ADD node_modules/has-proto
7570 silly ADD node_modules/globalthis
7571 silly ADD node_modules/get-symbol-description
7572 silly ADD node_modules/get-proto
7573 silly ADD node_modules/function.prototype.name
7574 silly ADD node_modules/es-to-primitive
7575 silly ADD node_modules/es-set-tostringtag
7576 silly ADD node_modules/data-view-byte-offset
7577 silly ADD node_modules/data-view-byte-length
7578 silly ADD node_modules/data-view-buffer
7579 silly ADD node_modules/available-typed-arrays
7580 silly ADD node_modules/arraybuffer.prototype.slice
7581 silly ADD node_modules/array-buffer-byte-length
7582 silly ADD node_modules/gopd
7583 silly ADD node_modules/object-keys
7584 silly ADD node_modules/has-property-descriptors
7585 silly ADD node_modules/define-data-property
7586 silly ADD node_modules/function-bind
7587 silly ADD node_modules/set-function-length
7588 silly ADD node_modules/es-define-property
7589 silly ADD node_modules/call-bind-apply-helpers
7590 silly ADD node_modules/es-shim-unscopables
7591 silly ADD node_modules/es-errors
7592 silly ADD node_modules/math-intrinsics
7593 silly ADD node_modules/is-string
7594 silly ADD node_modules/get-intrinsic
7595 silly ADD node_modules/es-object-atoms
7596 silly ADD node_modules/es-abstract
7597 silly ADD node_modules/define-properties
7598 silly ADD node_modules/call-bound
7599 silly ADD node_modules/call-bind
7600 silly ADD node_modules/tsconfig-paths
7601 silly ADD node_modules/tsconfig-paths/node_modules/json5
7602 silly ADD node_modules/string.prototype.trimend
7603 silly ADD node_modules/object.values
7604 silly ADD node_modules/object.groupby
7605 silly ADD node_modules/object.fromentries
7606 silly ADD node_modules/is-core-module
7607 silly ADD node_modules/hasown
7608 silly ADD node_modules/eslint-module-utils
7609 silly ADD node_modules/eslint-module-utils/node_modules/debug
7610 silly ADD node_modules/eslint-import-resolver-node
7611 silly ADD node_modules/eslint-import-resolver-node/node_modules/debug
7612 silly ADD node_modules/doctrine
7613 silly ADD node_modules/array.prototype.flatmap
7614 silly ADD node_modules/array.prototype.flat
7615 silly ADD node_modules/array.prototype.findlastindex
7616 silly ADD node_modules/array-includes
7617 silly ADD node_modules/@rtsao/scc
7618 silly ADD node_modules/unrs-resolver
7619 silly ADD node_modules/stable-hash
7620 silly ADD node_modules/is-bun-module
7621 silly ADD node_modules/is-bun-module/node_modules/semver
7622 silly ADD node_modules/get-tsconfig
7623 silly ADD node_modules/@nolyfill/is-core-module
7624 silly ADD node_modules/tinyglobby
7625 silly ADD node_modules/tinyglobby/node_modules/picomatch
7626 silly ADD node_modules/tinyglobby/node_modules/fdir
7627 silly ADD node_modules/@typescript-eslint/tsconfig-utils
7628 silly ADD node_modules/@typescript-eslint/project-service
7629 silly ADD node_modules/@typescript-eslint/typescript-estree
7630 silly ADD node_modules/@typescript-eslint/typescript-estree/node_modules/balanced-match
7631 silly ADD node_modules/@typescript-eslint/typescript-estree/node_modules/brace-expansion
7632 silly ADD node_modules/@typescript-eslint/typescript-estree/node_modules/semver
7633 silly ADD node_modules/@typescript-eslint/typescript-estree/node_modules/minimatch
7634 silly ADD node_modules/@typescript-eslint/types
7635 silly ADD node_modules/ts-api-utils
7636 silly ADD node_modules/@typescript-eslint/visitor-keys
7637 silly ADD node_modules/@typescript-eslint/visitor-keys/node_modules/eslint-visitor-keys
7638 silly ADD node_modules/@typescript-eslint/utils
7639 silly ADD node_modules/@typescript-eslint/type-utils
7640 silly ADD node_modules/@typescript-eslint/scope-manager
7641 silly ADD node_modules/eslint-plugin-react-hooks
7642 silly ADD node_modules/eslint-plugin-react
7643 silly ADD node_modules/eslint-plugin-import
7644 silly ADD node_modules/eslint-plugin-import/node_modules/debug
7645 silly ADD node_modules/eslint-plugin-expo
7646 silly ADD node_modules/eslint-import-resolver-typescript
7647 silly ADD node_modules/@typescript-eslint/parser
7648 silly ADD node_modules/@typescript-eslint/eslint-plugin
7649 silly ADD node_modules/@typescript-eslint/eslint-plugin/node_modules/ignore
7650 silly ADD node_modules/which
7651 silly ADD node_modules/shebang-command
7652 silly ADD node_modules/path-key
7653 silly ADD node_modules/supports-color
7654 silly ADD node_modules/ansi-styles
7655 silly ADD node_modules/uri-js
7656 silly ADD node_modules/json-schema-traverse
7657 silly ADD node_modules/fast-json-stable-stringify
7658 silly ADD node_modules/@humanfs/types
7659 silly ADD node_modules/@humanfs/core
7660 silly ADD node_modules/levn
7661 silly ADD node_modules/strip-json-comments
7662 silly ADD node_modules/js-yaml
7663 silly ADD node_modules/import-fresh
7664 silly ADD node_modules/import-fresh/node_modules/resolve-from
7665 silly ADD node_modules/globals
7666 silly ADD node_modules/@types/json-schema
7667 silly ADD node_modules/@eslint/object-schema
7668 silly ADD node_modules/optionator
7669 silly ADD node_modules/natural-compare
7670 silly ADD node_modules/minimatch
7671 silly ADD node_modules/lodash.merge
7672 silly ADD node_modules/json-stable-stringify-without-jsonify
7673 silly ADD node_modules/is-glob
7674 silly ADD node_modules/imurmurhash
7675 silly ADD node_modules/ignore
7676 silly ADD node_modules/glob-parent
7677 silly ADD node_modules/find-up
7678 silly ADD node_modules/file-entry-cache
7679 silly ADD node_modules/esutils
7680 silly ADD node_modules/esquery
7681 silly ADD node_modules/espree
7682 silly ADD node_modules/eslint-visitor-keys
7683 silly ADD node_modules/eslint-scope
7684 silly ADD node_modules/cross-spawn
7685 silly ADD node_modules/chalk
7686 silly ADD node_modules/ajv
7687 silly ADD node_modules/@types/estree
7688 silly ADD node_modules/@humanwhocodes/retry
7689 silly ADD node_modules/@humanwhocodes/module-importer
7690 silly ADD node_modules/@humanfs/node
7691 silly ADD node_modules/@eslint/plugin-kit
7692 silly ADD node_modules/@eslint/js
7693 silly ADD node_modules/@eslint/eslintrc
7694 silly ADD node_modules/@eslint/core
7695 silly ADD node_modules/@eslint/config-helpers
7696 silly ADD node_modules/@eslint/config-array
7697 silly ADD node_modules/@eslint-community/regexpp
7698 silly ADD node_modules/@eslint-community/eslint-utils
7699 silly ADD node_modules/@eslint-community/eslint-utils/node_modules/eslint-visitor-keys
7700 silly ADD node_modules/ms
7701 silly ADD node_modules/simple-swizzle
7702 silly ADD node_modules/color-name
7703 silly ADD node_modules/color-string
7704 silly ADD node_modules/color-convert
7705 silly ADD node_modules/update-browserslist-db
7706 silly ADD node_modules/node-releases
7707 silly ADD node_modules/electron-to-chromium
7708 silly ADD node_modules/caniuse-lite
7709 silly ADD node_modules/baseline-browser-mapping
7710 silly ADD node_modules/csstype
7711 silly ADD node_modules/react-is
7712 silly ADD node_modules/query-string
7713 silly ADD node_modules/@react-navigation/routers
7714 silly ADD node_modules/standard-navigation
7715 silly ADD node_modules/nanoid
7716 silly ADD node_modules/fast-deep-equal
7717 silly ADD node_modules/escape-string-regexp
7718 silly ADD node_modules/@react-navigation/core
7719 silly ADD node_modules/use-sync-external-store
7720 silly ADD node_modules/use-latest-callback
7721 silly ADD node_modules/sf-symbols-typescript
7722 silly ADD node_modules/color
7723 silly ADD node_modules/@jridgewell/resolve-uri
7724 silly ADD node_modules/@jridgewell/sourcemap-codec
7725 silly ADD node_modules/@babel/helper-string-parser
7726 silly ADD node_modules/@babel/helper-globals
7727 silly ADD node_modules/@babel/helper-module-imports
7728 silly ADD node_modules/lru-cache
7729 silly ADD node_modules/browserslist
7730 silly ADD node_modules/@babel/helper-validator-option
7731 silly ADD node_modules/@babel/compat-data
7732 silly ADD node_modules/jsesc
7733 silly ADD node_modules/@jridgewell/trace-mapping
7734 silly ADD node_modules/@jridgewell/gen-mapping
7735 silly ADD node_modules/picocolors
7736 silly ADD node_modules/js-tokens
7737 silly ADD node_modules/@babel/helper-validator-identifier
7738 silly ADD node_modules/semver
7739 silly ADD node_modules/json5
7740 silly ADD node_modules/gensync
7741 silly ADD node_modules/debug
7742 silly ADD node_modules/convert-source-map
7743 silly ADD node_modules/@jridgewell/remapping
7744 silly ADD node_modules/@babel/types
7745 silly ADD node_modules/@babel/traverse
7746 silly ADD node_modules/@babel/template
7747 silly ADD node_modules/@babel/parser
7748 silly ADD node_modules/@babel/helpers
7749 silly ADD node_modules/@babel/helper-module-transforms
7750 silly ADD node_modules/@babel/helper-compilation-targets
7751 silly ADD node_modules/@babel/generator
7752 silly ADD node_modules/@babel/code-frame
7753 silly ADD node_modules/typescript
7754 silly ADD node_modules/react-native-web
7755 silly ADD node_modules/react-native-web/node_modules/memoize-one
7756 silly ADD node_modules/react-native-web/node_modules/@react-native/normalize-colors
7757 silly ADD node_modules/@babel/core
7758 silly ADD node_modules/react-native-worklets
7759 silly ADD node_modules/react-native-worklets/node_modules/semver
7760 silly ADD node_modules/react-native-reanimated
7761 silly ADD node_modules/react-native-reanimated/node_modules/semver
7762 silly ADD node_modules/react-native-gesture-handler
7763 silly ADD node_modules/react-dom
7764 silly ADD node_modules/expo-web-browser
7765 silly ADD node_modules/expo-system-ui
7766 silly ADD node_modules/expo-symbols
7767 silly ADD node_modules/expo-status-bar
7768 silly ADD node_modules/expo-splash-screen
7769 silly ADD node_modules/expo-router
7770 silly ADD node_modules/expo-router/node_modules/@radix-ui/react-compose-refs
7771 silly ADD node_modules/expo-router/node_modules/@radix-ui/react-collection
7772 silly ADD node_modules/expo-router/node_modules/@radix-ui/react-collection/node_modules/@radix-ui/react-slot
7773 silly ADD node_modules/expo-router/node_modules/@radix-ui/react-roving-focus
7774 silly ADD node_modules/expo-router/node_modules/@radix-ui/react-primitive
7775 silly ADD node_modules/expo-router/node_modules/@radix-ui/react-primitive/node_modules/@radix-ui/react-slot
7776 silly ADD node_modules/expo-router/node_modules/@radix-ui/react-presence
7777 silly ADD node_modules/expo-router/node_modules/semver
7778 silly ADD node_modules/expo-router/node_modules/@radix-ui/react-tabs
7779 silly ADD node_modules/expo-linking
7780 silly ADD node_modules/expo-image
7781 silly ADD node_modules/expo-haptics
7782 silly ADD node_modules/expo-constants
7783 silly ADD node_modules/eslint-config-expo
7784 silly ADD node_modules/eslint-config-expo/node_modules/globals
7785 silly ADD node_modules/eslint
7786 silly ADD node_modules/@types/react
7787 silly ADD node_modules/@react-navigation/elements
7788 silly ADD node_modules/react-native-screens
7789 silly ADD node_modules/react-native-safe-area-context
7790 silly ADD node_modules/@react-navigation/native
7791 silly ADD node_modules/@react-navigation/bottom-tabs
7792 silly ADD node_modules/react-native
7793 silly ADD node_modules/react-native/node_modules/ws
7794 silly ADD node_modules/react-native/node_modules/semver
7795 silly ADD node_modules/react-native/node_modules/glob
7796 silly ADD node_modules/react-native/node_modules/commander
7797 silly ADD node_modules/react-native/node_modules/@react-native/virtualized-lists
7798 silly ADD node_modules/expo
7799 silly ADD node_modules/expo/node_modules/brace-expansion
7800 silly ADD node_modules/expo/node_modules/hermes-estree
7801 silly ADD node_modules/expo/node_modules/hermes-parser
7802 silly ADD node_modules/expo/node_modules/@expo/json-file
7803 silly ADD node_modules/expo/node_modules/@expo/json-file/node_modules/@babel/code-frame
7804 silly ADD node_modules/expo/node_modules/ws
7805 silly ADD node_modules/expo/node_modules/semver
7806 silly ADD node_modules/expo/node_modules/resolve
7807 silly ADD node_modules/expo/node_modules/picomatch
7808 silly ADD node_modules/expo/node_modules/minimatch
7809 silly ADD node_modules/expo/node_modules/ci-info
7810 silly ADD node_modules/expo/node_modules/expo-keep-awake
7811 silly ADD node_modules/expo/node_modules/expo-file-system
7812 silly ADD node_modules/expo/node_modules/expo-asset
7813 silly ADD node_modules/expo/node_modules/babel-preset-expo
7814 silly ADD node_modules/expo/node_modules/@expo/metro-config
7815 silly ADD node_modules/expo/node_modules/@expo/cli
7816 silly ADD node_modules/expo-font
7817 silly ADD node_modules/react
7818 silly ADD node_modules/@expo/vector-icons
7819 warn allow-scripts 1 package has install scripts not yet covered by allowScripts:
7819 warn allow-scripts   unrs-resolver@1.12.2 (postinstall: node postinstall.js)
7819 warn allow-scripts
7819 warn allow-scripts Run `npm approve-scripts --allow-scripts-pending` to review, or `npm approve-scripts <pkg>` to allow.
7820 verbose cwd C:\Users\24062\Downloads\agentdiary\client
7821 verbose os Windows_NT 10.0.26200
7822 verbose node v24.18.0
7823 verbose npm  v11.16.0
7824 verbose exit 0
7825 info ok
